t,x,y,z
0.001302,0.014465,-0.034470,-0.997360
0.001425,0.017166,-0.034164,-0.999771
0.011295,0.019928,-0.033310,-1.002014
0.011379,0.022644,-0.032059,-1.003937
0.011414,0.025238,-0.030502,-1.005371
0.011429,0.027603,-0.028809,-1.006210
0.011454,0.029724,-0.027039,-1.006409
0.011467,0.031540,-0.025314,-1.005981
0.011480,0.033066,-0.023697,-1.005005
0.011500,0.034225,-0.022232,-1.003555
0.021353,0.034988,-0.020966,-1.001755
0.021463,0.035324,-0.019897,-0.999680
0.021484,0.035248,-0.019089,-0.997452
0.021520,0.034744,-0.018570,-0.995132
0.021538,0.033859,-0.018402,-0.992859
0.021555,0.032593,-0.018631,-0.990707
0.021567,0.031006,-0.019287,-0.988724
0.021579,0.029190,-0.020355,-0.986954
0.031308,0.027267,-0.021774,-0.985474
0.031377,0.025330,-0.023407,-0.984329
0.031393,0.023483,-0.025131,-0.983566
0.031422,0.021805,-0.026810,-0.983246
0.031435,0.020401,-0.028305,-0.983383
0.031452,0.019333,-0.029526,-0.983994
0.031464,0.018585,-0.030457,-0.985001
0.031475,0.018158,-0.031097,-0.986343
0.041383,0.017990,-0.031448,-0.987930
0.041458,0.018051,-0.031555,-0.989624
0.041489,0.018295,-0.031494,-0.991333
0.041508,0.018707,-0.031281,-0.992935
0.041520,0.019272,-0.030945,-0.994339
0.041532,0.019943,-0.030533,-0.995499
0.041591,0.020691,-0.030045,-0.996414
0.041671,0.021469,-0.029495,-0.997055
0.051379,0.022247,-0.028915,-0.997452
0.051480,0.022964,-0.028290,-0.997604
0.051520,0.023605,-0.027679,-0.997528
0.051536,0.024170,-0.027115,-0.997269
0.051553,0.024628,-0.026627,-0.996857
0.051570,0.025024,-0.026215,-0.996399
0.051587,0.025375,-0.025879,-0.995941
0.051599,0.025726,-0.025604,-0.995560
0.061393,0.026093,-0.025375,-0.995300
0.061476,0.026474,-0.025192,-0.995178
0.061493,0.026855,-0.025040,-0.995193
0.061506,0.027206,-0.024887,-0.995331
0.061519,0.027481,-0.024796,-0.995590
0.061540,0.027634,-0.024750,-0.995911
0.061552,0.027664,-0.024780,-0.996262
0.061563,0.027512,-0.024887,-0.996582
0.071443,0.027206,-0.025101,-0.996857
0.071512,0.026764,-0.025375,-0.997055
0.071529,0.026215,-0.025711,-0.997162
0.071542,0.025589,-0.026093,-0.997162
0.071555,0.024887,-0.026535,-0.997025
0.071566,0.024139,-0.026993,-0.996735
0.071577,0.023331,-0.027466,-0.996323
0.071604,0.022491,-0.027954,-0.995789
0.081530,0.021683,-0.028427,-0.995148
0.081598,0.020935,-0.028854,-0.994431
0.081614,0.020309,-0.029205,-0.993683
0.081628,0.019852,-0.029465,-0.992981
0.081639,0.019592,-0.029633,-0.992355
0.081650,0.019531,-0.029678,-0.991867
0.081661,0.019669,-0.029633,-0.991547
0.081672,0.020004,-0.029465,-0.991425
0.091620,0.020523,-0.029205,-0.991486
0.091705,0.021194,-0.028854,-0.991760
0.091722,0.021988,-0.028427,-0.992203
0.091757,0.022873,-0.027924,-0.992767
0.091772,0.023804,-0.027405,-0.993439
0.091783,0.024734,-0.026886,-0.994125
0.091794,0.025620,-0.026382,-0.994812
0.091805,0.026459,-0.025909,-0.995422
0.101538,0.027206,-0.025497,-0.995926
0.101619,0.027817,-0.025131,-0.996323
0.101636,0.028259,-0.024841,-0.996597
0.101649,0.028503,-0.024612,-0.996735
0.101674,0.028564,-0.024475,-0.996735
0.101690,0.028458,-0.024414,-0.996628
0.101701,0.028198,-0.024475,-0.996445
0.101712,0.027786,-0.024673,-0.996231
0.111519,0.027267,-0.024994,-0.996002
0.111587,0.026657,-0.025391,-0.995773
0.111614,0.025986,-0.025848,-0.995514
0.111628,0.025253,-0.026321,-0.995239
0.111640,0.024506,-0.026779,-0.994949
0.111651,0.023773,-0.027222,-0.994659
0.111662,0.023056,-0.027634,-0.994415
0.111672,0.022354,-0.028000,-0.994202
0.121616,0.021729,-0.028351,-0.994080
0.121690,0.021179,-0.028656,-0.994049
0.121707,0.020767,-0.028885,-0.994095
0.121720,0.020462,-0.029037,-0.994247
0.121733,0.020309,-0.029068,-0.994461
0.121744,0.020294,-0.028961,-0.994720
0.121755,0.020432,-0.028748,-0.994980
0.121782,0.020691,-0.028412,-0.995224
0.131583,0.021057,-0.028015,-0.995438
0.131651,0.021515,-0.027603,-0.995605
0.131665,0.022049,-0.027206,-0.995743
0.131678,0.022629,-0.026855,-0.995850
0.131746,0.023239,-0.026566,-0.995956
0.131766,0.023834,-0.026337,-0.996048
0.131779,0.024384,-0.026184,-0.996124
0.131796,0.024841,-0.026093,-0.996155
0.141800,0.025208,-0.026047,-0.996124
0.141888,0.025467,-0.026031,-0.996002
0.141915,0.025635,-0.026047,-0.995834
0.141932,0.025726,-0.026108,-0.995636
0.141943,0.025772,-0.026199,-0.995407
0.141956,0.025772,-0.026291,-0.995163
0.141966,0.025726,-0.026382,-0.994888
0.141976,0.025620,-0.026459,-0.994614
0.151650,0.025406,-0.026489,-0.994339
0.151714,0.025116,-0.026505,-0.994064
0.151739,0.024719,-0.026489,-0.993820
0.151752,0.024246,-0.026474,-0.993591
0.151762,0.023773,-0.026474,-0.993408
0.151776,0.023346,-0.026535,-0.993271
0.151788,0.022995,-0.026657,-0.993179
0.151798,0.022766,-0.026840,-0.993088
0.161685,0.022644,-0.027084,-0.993027
0.161789,0.022598,-0.027374,-0.992981
0.161861,0.022583,-0.027679,-0.992981
0.161876,0.022568,-0.027985,-0.993027
0.161890,0.022522,-0.028259,-0.993118
0.161900,0.022446,-0.028473,-0.993271
0.161910,0.022385,-0.028641,-0.993469
0.161920,0.022339,-0.028748,-0.993713
0.171692,0.022308,-0.028763,-0.993958
0.171760,0.022324,-0.028671,-0.994171
0.171776,0.022385,-0.028488,-0.994354
0.171788,0.022507,-0.028229,-0.994492
0.171800,0.022690,-0.027908,-0.994614
0.171811,0.022934,-0.027557,-0.994720
0.171831,0.023239,-0.027206,-0.994827
0.171843,0.023575,-0.026901,-0.994949
0.181766,0.023926,-0.026672,-0.995056
0.181826,0.024292,-0.026535,-0.995163
0.181840,0.024628,-0.026474,-0.995209
0.181852,0.024918,-0.026505,-0.995193
0.181863,0.025131,-0.026581,-0.995117
0.181884,0.025284,-0.026688,-0.994980
0.181895,0.025345,-0.026779,-0.994812
0.181905,0.025330,-0.026855,-0.994598
0.191922,0.025238,-0.026886,-0.994400
0.192001,0.025085,-0.026886,-0.994232
0.192016,0.024902,-0.026855,-0.994125
0.192028,0.024704,-0.026825,-0.994080
0.192039,0.024521,-0.026825,-0.994125
0.192050,0.024368,-0.026855,-0.994202
0.192062,0.024231,-0.026917,-0.994308
0.192072,0.024109,-0.027008,-0.994400
0.201849,0.024002,-0.027100,-0.994522
0.201912,0.023880,-0.027176,-0.994659
0.201939,0.023773,-0.027237,-0.994812
0.201952,0.023666,-0.027298,-0.994965
0.201962,0.023575,-0.027359,-0.995132
0.201972,0.023468,-0.027451,-0.995285
0.201982,0.023346,-0.027588,-0.995392
0.201995,0.023193,-0.027740,-0.995453
0.211838,0.023041,-0.027924,-0.995453
0.211918,0.022873,-0.028091,-0.995377
0.211934,0.022766,-0.028229,-0.995239
0.211961,0.022751,-0.028275,-0.995071
0.211972,0.022827,-0.028214,-0.994888
0.211983,0.022995,-0.028046,-0.994736
0.211994,0.023239,-0.027786,-0.994614
0.212005,0.023514,-0.027466,-0.994553
0.221998,0.023804,-0.027145,-0.994537
0.222136,0.024109,-0.026855,-0.994553
0.222174,0.024384,-0.026596,-0.994614
0.222207,0.024612,-0.026382,-0.994705
0.222237,0.024780,-0.026199,-0.994843
0.222266,0.024857,-0.026062,-0.995026
0.222294,0.024887,-0.025955,-0.995255
0.222332,0.024872,-0.025864,-0.995483
0.231991,0.024826,-0.025803,-0.995667
0.232119,0.024750,-0.025787,-0.995773
0.232152,0.024643,-0.025818,-0.995819
0.232178,0.024521,-0.025894,-0.995804
0.232602,0.024368,-0.026031,-0.995728
0.232642,0.024216,-0.026199,-0.995621
0.232671,0.024033,-0.026398,-0.995483
0.232697,0.023849,-0.026611,-0.995346
0.243785,0.023697,-0.026810,-0.995209
0.243921,0.023544,-0.026978,-0.995087
0.243950,0.023407,-0.027130,-0.994995
0.243977,0.023285,-0.027267,-0.994919
0.244004,0.023178,-0.027374,-0.994873
0.244028,0.023087,-0.027481,-0.994843
0.244052,0.023056,-0.027573,-0.994797
0.244075,0.023071,-0.027679,-0.994720
0.252051,0.023163,-0.027786,-0.994598
0.252177,0.023300,-0.027893,-0.994431
0.252216,0.023483,-0.027954,-0.994232
0.252243,0.023697,-0.027985,-0.994049
0.252269,0.023895,-0.027939,-0.993912
0.252295,0.024063,-0.027847,-0.993820
0.252363,0.024185,-0.027710,-0.993774
0.252390,0.024246,-0.027557,-0.993774
0.262723,0.024292,-0.027390,-0.993805
0.262858,0.024353,-0.027222,-0.993866
0.262885,0.024460,-0.027039,-0.993958
0.262898,0.024628,-0.026871,-0.994064
0.262909,0.024857,-0.026672,-0.994156
0.262920,0.025116,-0.026474,-0.994202
0.262930,0.025345,-0.026291,-0.994217
0.262940,0.025482,-0.026138,-0.994202
0.272055,0.025513,-0.026062,-0.994141
0.272128,0.025467,-0.026062,-0.994019
0.272144,0.025345,-0.026169,-0.993851
0.272155,0.025146,-0.026337,-0.993637
0.272166,0.024933,-0.026550,-0.993408
0.272176,0.024719,-0.026794,-0.993179
0.272213,0.024521,-0.027023,-0.993011
0.272224,0.024368,-0.027222,-0.992889
0.282456,0.024246,-0.027390,-0.992859
0.282610,0.024155,-0.027496,-0.992905
0.282641,0.024063,-0.027573,-0.993042
0.282674,0.023987,-0.027618,-0.993256
0.282701,0.023911,-0.027664,-0.993500
0.282726,0.023849,-0.027725,-0.993759
0.282752,0.023804,-0.027802,-0.994003
0.282776,0.023773,-0.027893,-0.994217
0.292502,0.023743,-0.027985,-0.994431
0.292787,0.023682,-0.028061,-0.994629
0.292824,0.023621,-0.028061,-0.994812
0.292852,0.023529,-0.027969,-0.994995
0.292877,0.023407,-0.027786,-0.995163
0.292901,0.023254,-0.027512,-0.995316
0.292927,0.023102,-0.027130,-0.995422
0.292951,0.022964,-0.026703,-0.995499
0.303843,0.022858,-0.026245,-0.995499
0.304172,0.022781,-0.025833,-0.995468
0.304211,0.022705,-0.025482,-0.995407
0.304239,0.022644,-0.025208,-0.995300
0.304280,0.022598,-0.025055,-0.995193
0.304306,0.022537,-0.025024,-0.995056
0.304330,0.022507,-0.025116,-0.994949
0.304363,0.022507,-0.025299,-0.994858
0.312248,0.022568,-0.025543,-0.994812
0.312357,0.022675,-0.025879,-0.994827
0.312401,0.022827,-0.026230,-0.994904
0.312433,0.023010,-0.026611,-0.995026
0.312458,0.023224,-0.026962,-0.995193
0.312491,0.023422,-0.027298,-0.995392
0.312530,0.023605,-0.027573,-0.995621
0.312556,0.023727,-0.027786,-0.995865
0.322265,0.023804,-0.027924,-0.996078
0.322368,0.023834,-0.027985,-0.996277
0.322408,0.023804,-0.028000,-0.996414
0.322433,0.023743,-0.027985,-0.996506
0.322506,0.023666,-0.027924,-0.996552
0.322531,0.023590,-0.027817,-0.996536
0.322556,0.023499,-0.027664,-0.996445
0.322920,0.023422,-0.027451,-0.996307
0.343465,0.023346,-0.027161,-0.996124
0.344081,0.023270,-0.026825,-0.995941
0.344124,0.023239,-0.026459,-0.995728
0.344170,0.023239,-0.026138,-0.995544
0.344199,0.023285,-0.025879,-0.995377
0.344226,0.023376,-0.025711,-0.995255
0.344249,0.023514,-0.025620,-0.995178
0.344318,0.023697,-0.025604,-0.995148
0.344345,0.023911,-0.025665,-0.995148
0.344369,0.024170,-0.025772,-0.995178
0.344393,0.024445,-0.025909,-0.995209
0.344417,0.024750,-0.026077,-0.995224
0.344442,0.025024,-0.026260,-0.995209
0.344474,0.025253,-0.026459,-0.995193
0.344502,0.025421,-0.026688,-0.995178
0.344529,0.025513,-0.026917,-0.995193
0.352278,0.025528,-0.027130,-0.995209
0.352356,0.025452,-0.027328,-0.995209
0.352372,0.025284,-0.027496,-0.995209
0.352385,0.025070,-0.027618,-0.995178
0.352396,0.024826,-0.027664,-0.995163
0.352407,0.024628,-0.027618,-0.995102
0.352416,0.024475,-0.027512,-0.995026
0.352427,0.024414,-0.027344,-0.994888
0.362262,0.024429,-0.027161,-0.994736
0.362323,0.024490,-0.026993,-0.994537
0.362335,0.024536,-0.026840,-0.994308
0.362346,0.024567,-0.026718,-0.994049
0.362356,0.024551,-0.026627,-0.993805
0.362365,0.024506,-0.026535,-0.993622
0.362374,0.024460,-0.026459,-0.993515
0.362384,0.024445,-0.026398,-0.993484
0.372320,0.024445,-0.026367,-0.993530
0.372389,0.024475,-0.026352,-0.993591
0.372404,0.024506,-0.026367,-0.993652
0.372428,0.024551,-0.026443,-0.993698
0.372440,0.024582,-0.026566,-0.993713
0.372450,0.024612,-0.026718,-0.993683
0.372460,0.024658,-0.026917,-0.993607
0.372474,0.024719,-0.027100,-0.993515
0.382511,0.024765,-0.027267,-0.993439
0.382652,0.024780,-0.027390,-0.993408
0.382688,0.024780,-0.027496,-0.993439
0.382719,0.024765,-0.027573,-0.993546
0.382860,0.024734,-0.027634,-0.993729
0.382899,0.024673,-0.027695,-0.993988
0.382936,0.024628,-0.027740,-0.994278
0.382975,0.024597,-0.027771,-0.994598
0.393421,0.024582,-0.027771,-0.994904
0.393771,0.024612,-0.027725,-0.995163
0.394073,0.024673,-0.027649,-0.995331
0.396431,0.024750,-0.027542,-0.995422
0.396474,0.024872,-0.027420,-0.995438
0.396501,0.025009,-0.027313,-0.995346
0.396525,0.025116,-0.027237,-0.995193
0.396551,0.025192,-0.027206,-0.995010
0.404343,0.025223,-0.027237,-0.994827
0.404491,0.025223,-0.027313,-0.994659
0.404544,0.025192,-0.027451,-0.994537
0.404648,0.025146,-0.027634,-0.994476
0.404674,0.025085,-0.027832,-0.994461
0.404698,0.025024,-0.028015,-0.994476
0.404724,0.024933,-0.028122,-0.994522
0.404747,0.024780,-0.028137,-0.994583
0.412586,0.024567,-0.028091,-0.994659
0.412712,0.024292,-0.027969,-0.994720
0.412774,0.023972,-0.027832,-0.994751
0.412807,0.023666,-0.027679,-0.994751
0.412838,0.023407,-0.027542,-0.994690
0.412868,0.023239,-0.027405,-0.994598
0.412899,0.023163,-0.027267,-0.994461
0.412930,0.023209,-0.027161,-0.994278
0.422694,0.023346,-0.027084,-0.994080
0.423150,0.023529,-0.027039,-0.993881
0.423207,0.023727,-0.027023,-0.993683
0.423233,0.023926,-0.027023,-0.993500
0.423258,0.024094,-0.027023,-0.993378
0.423484,0.024231,-0.027039,-0.993301
0.423522,0.024323,-0.027008,-0.993332
0.423550,0.024399,-0.026947,-0.993439
0.432862,0.024460,-0.026855,-0.993652
0.432984,0.024521,-0.026733,-0.993912
0.433014,0.024567,-0.026596,-0.994202
0.433040,0.024567,-0.026443,-0.994507
0.433065,0.024521,-0.026306,-0.994781
0.433091,0.024429,-0.026184,-0.994995
0.433115,0.024277,-0.026093,-0.995163
0.433138,0.024094,-0.026047,-0.995255
0.442643,0.023880,-0.026062,-0.995300
0.442763,0.023682,-0.026093,-0.995300
0.442794,0.023499,-0.026138,-0.995285
0.442821,0.023361,-0.026184,-0.995285
0.442846,0.023270,-0.026215,-0.995316
0.442871,0.023239,-0.026260,-0.995407
0.442897,0.023270,-0.026337,-0.995529
0.444629,0.023361,-0.026428,-0.995667
0.453827,0.023514,-0.026566,-0.995789
0.453953,0.023666,-0.026733,-0.995865
0.454005,0.023819,-0.026901,-0.995880
0.454031,0.023941,-0.027039,-0.995819
0.454056,0.024033,-0.027130,-0.995712
0.454089,0.024078,-0.027176,-0.995575
0.454115,0.024078,-0.027161,-0.995407
0.454139,0.024048,-0.027130,-0.995239
0.462981,0.023972,-0.027069,-0.995071
0.463089,0.023865,-0.027008,-0.994904
0.463118,0.023758,-0.026962,-0.994736
0.463151,0.023682,-0.026947,-0.994614
0.463177,0.023636,-0.026978,-0.994537
0.463226,0.023621,-0.027039,-0.994522
0.463280,0.023621,-0.027115,-0.994568
0.463310,0.023651,-0.027145,-0.994644
0.472753,0.023743,-0.027130,-0.994751
0.472868,0.023865,-0.027084,-0.994827
0.472901,0.024002,-0.027008,-0.994873
0.472933,0.024155,-0.026917,-0.994888
0.473781,0.024338,-0.026825,-0.994873
0.473813,0.024490,-0.026749,-0.994843
0.473826,0.024643,-0.026688,-0.994797
0.473837,0.024780,-0.026672,-0.994736
0.482773,0.024902,-0.026718,-0.994675
0.482889,0.025009,-0.026779,-0.994598
0.482918,0.025070,-0.026855,-0.994522
0.482968,0.025116,-0.026932,-0.994476
0.482994,0.025116,-0.027023,-0.994431
0.483019,0.025070,-0.027145,-0.994400
0.483045,0.024979,-0.027267,-0.994385
0.483069,0.024872,-0.027390,-0.994400
0.492773,0.024750,-0.027527,-0.994476
0.493310,0.024643,-0.027618,-0.994583
0.493363,0.024551,-0.027679,-0.994705
0.493393,0.024475,-0.027710,-0.994812
0.493550,0.024429,-0.027695,-0.994888
0.493899,0.024399,-0.027649,-0.994904
0.493938,0.024384,-0.027588,-0.994873
0.493965,0.024338,-0.027496,-0.994843
0.503871,0.024292,-0.027420,-0.994827
0.504006,0.024231,-0.027374,-0.994843
0.504200,0.024155,-0.027374,-0.994919
0.504231,0.024048,-0.027390,-0.995041
0.504260,0.023956,-0.027420,-0.995209
0.504286,0.023865,-0.027451,-0.995361
0.504347,0.023788,-0.027466,-0.995483
0.504373,0.023743,-0.027451,-0.995544
0.513649,0.023727,-0.027405,-0.995514
0.513776,0.023743,-0.027344,-0.995422
0.513807,0.023804,-0.027313,-0.995285
0.513832,0.023880,-0.027283,-0.995117
0.513856,0.023941,-0.027283,-0.994934
0.513888,0.023987,-0.027313,-0.994766
0.513914,0.024002,-0.027328,-0.994629
0.513959,0.023972,-0.027344,-0.994522
0.522782,0.023926,-0.027313,-0.994476
0.522848,0.023895,-0.027237,-0.994492
0.522863,0.023880,-0.027130,-0.994583
0.522875,0.023880,-0.027008,-0.994705
0.522886,0.023895,-0.026932,-0.994858
0.522897,0.023926,-0.026901,-0.995010
0.522907,0.023941,-0.026932,-0.995102
0.522918,0.023941,-0.027054,-0.995163
0.532784,0.023941,-0.027237,-0.995148
0.532849,0.023941,-0.027405,-0.995087
0.532881,0.023926,-0.027527,-0.994965
0.532904,0.023926,-0.027573,-0.994797
0.532917,0.023926,-0.027512,-0.994629
0.532939,0.023926,-0.027374,-0.994461
0.532966,0.023911,-0.027176,-0.994308
0.532980,0.023880,-0.026978,-0.994156
0.543843,0.023849,-0.026810,-0.994019
0.543977,0.023834,-0.026688,-0.993927
0.544008,0.023834,-0.026642,-0.993866
0.544230,0.023880,-0.026672,-0.993866
0.545486,0.023972,-0.026733,-0.993927
0.546023,0.024109,-0.026810,-0.994003
0.546065,0.024261,-0.026886,-0.994110
0.546092,0.024429,-0.026962,-0.994186
0.553949,0.024551,-0.027008,-0.994263
0.554167,0.024612,-0.027054,-0.994308
0.554202,0.024612,-0.027084,-0.994324
0.554248,0.024567,-0.027100,-0.994308
0.554275,0.024490,-0.027115,-0.994324
0.554299,0.024445,-0.027100,-0.994370
0.554325,0.024399,-0.027084,-0.994476
0.554349,0.024384,-0.027023,-0.994675
0.563237,0.024338,-0.026947,-0.994949
0.563356,0.024292,-0.026840,-0.995270
0.563386,0.024216,-0.026718,-0.995575
0.563413,0.024109,-0.026611,-0.995834
0.563650,0.023972,-0.026550,-0.996017
0.563674,0.023834,-0.026520,-0.996063
0.563706,0.023727,-0.026505,-0.995972
0.563732,0.023682,-0.026505,-0.995773
0.573408,0.023666,-0.026489,-0.995499
0.573817,0.023682,-0.026474,-0.995193
0.573872,0.023727,-0.026459,-0.994934
0.573898,0.023773,-0.026459,-0.994720
0.573925,0.023804,-0.026474,-0.994537
0.573950,0.023819,-0.026505,-0.994400
0.573977,0.023819,-0.026535,-0.994293
0.574001,0.023819,-0.026581,-0.994232
0.583028,0.023849,-0.026657,-0.994232
0.583093,0.023926,-0.026733,-0.994293
0.583128,0.024063,-0.026825,-0.994431
0.583149,0.024261,-0.026886,-0.994629
0.583161,0.024506,-0.026901,-0.994843
0.583172,0.024750,-0.026886,-0.995056
0.583182,0.024963,-0.026840,-0.995270
0.583192,0.025131,-0.026794,-0.995438
0.593071,0.025223,-0.026779,-0.995544
0.593406,0.025238,-0.026810,-0.995590
0.594047,0.025177,-0.026871,-0.995590
0.594115,0.025055,-0.026978,-0.995560
0.594143,0.024902,-0.027069,-0.995544
0.594170,0.024734,-0.027115,-0.995544
0.594525,0.024567,-0.027115,-0.995560
0.594858,0.024384,-0.027069,-0.995590
0.603801,0.024231,-0.026978,-0.995636
0.603919,0.024109,-0.026886,-0.995697
0.603967,0.024017,-0.026810,-0.995743
0.603995,0.023941,-0.026764,-0.995773
0.604019,0.023895,-0.026779,-0.995804
0.604044,0.023849,-0.026840,-0.995834
0.604068,0.023788,-0.026932,-0.995834
0.604092,0.023727,-0.027008,-0.995819
0.613124,0.023666,-0.027069,-0.995743
0.613235,0.023621,-0.027069,-0.995590
0.613266,0.023636,-0.027023,-0.995361
0.613292,0.023682,-0.026947,-0.995087
0.613316,0.023758,-0.026886,-0.994797
0.613341,0.023880,-0.026855,-0.994522
0.613366,0.024017,-0.026871,-0.994293
0.613390,0.024170,-0.026917,-0.994141
0.623148,0.024307,-0.027008,-0.994080
0.623254,0.024429,-0.027084,-0.994080
0.623283,0.024490,-0.027130,-0.994141
0.623311,0.024490,-0.027161,-0.994232
0.623337,0.024445,-0.027130,-0.994308
0.623362,0.024368,-0.027084,-0.994339
0.623523,0.024277,-0.027039,-0.994354
0.623550,0.024200,-0.026993,-0.994324
0.633231,0.024155,-0.026978,-0.994293
0.633347,0.024170,-0.027008,-0.994247
0.633377,0.024216,-0.027084,-0.994202
0.633402,0.024307,-0.027191,-0.994156
0.633426,0.024384,-0.027298,-0.994080
0.633452,0.024429,-0.027390,-0.993988
0.633478,0.024445,-0.027466,-0.993896
0.633502,0.024399,-0.027496,-0.993820
0.643358,0.024323,-0.027451,-0.993744
0.643484,0.024246,-0.027359,-0.993698
0.643512,0.024185,-0.027222,-0.993668
0.643536,0.024170,-0.027069,-0.993668
0.643659,0.024185,-0.026932,-0.993713
0.643735,0.024200,-0.026810,-0.993774
0.643764,0.024185,-0.026749,-0.993896
0.643790,0.024170,-0.026718,-0.994049
0.653181,0.024124,-0.026718,-0.994232
0.653314,0.024063,-0.026764,-0.994431
0.653335,0.024033,-0.026825,-0.994629
0.653348,0.024017,-0.026901,-0.994797
0.653359,0.024063,-0.026993,-0.994934
0.653371,0.024155,-0.027084,-0.995041
0.653383,0.024292,-0.027161,-0.995102
0.653393,0.024445,-0.027237,-0.995132
0.663222,0.024612,-0.027283,-0.995132
0.663297,0.024734,-0.027313,-0.995087
0.663313,0.024826,-0.027344,-0.995041
0.663326,0.024857,-0.027390,-0.994965
0.663367,0.024857,-0.027435,-0.994873
0.663391,0.024826,-0.027481,-0.994766
0.663405,0.024765,-0.027512,-0.994614
0.663416,0.024689,-0.027496,-0.994461
0.673250,0.024597,-0.027451,-0.994308
0.673369,0.024536,-0.027359,-0.994186
0.673413,0.024475,-0.027237,-0.994125
0.673428,0.024445,-0.027100,-0.994110
0.673440,0.024414,-0.026962,-0.994171
0.673451,0.024399,-0.026871,-0.994247
0.673461,0.024414,-0.026825,-0.994339
0.673471,0.024460,-0.026810,-0.994385
0.683314,0.024506,-0.026840,-0.994354
0.683420,0.024551,-0.026901,-0.994247
0.683437,0.024582,-0.026978,-0.994095
0.683449,0.024628,-0.027100,-0.993912
0.683461,0.024673,-0.027222,-0.993744
0.683472,0.024719,-0.027328,-0.993622
0.683482,0.024780,-0.027390,-0.993591
0.683492,0.024811,-0.027420,-0.993637
0.693468,0.024841,-0.027435,-0.993759
0.693764,0.024841,-0.027435,-0.993927
0.693807,0.024780,-0.027451,-0.994110
0.693837,0.024673,-0.027466,-0.994293
0.693863,0.024521,-0.027496,-0.994476
0.694026,0.024338,-0.027512,-0.994659
0.694065,0.024155,-0.027496,-0.994797
0.694092,0.023956,-0.027451,-0.994904
0.704186,0.023788,-0.027344,-0.994949
0.704302,0.023651,-0.027191,-0.994934
0.704334,0.023544,-0.027023,-0.994904
0.704818,0.023468,-0.026840,-0.994843
0.704856,0.023422,-0.026672,-0.994781
0.704883,0.023422,-0.026550,-0.994736
0.704910,0.023468,-0.026474,-0.994690
0.704934,0.023529,-0.026459,-0.994690
0.713434,0.023621,-0.026459,-0.994705
0.713560,0.023697,-0.026474,-0.994736
0.713591,0.023773,-0.026474,-0.994766
0.713617,0.023834,-0.026459,-0.994797
0.713641,0.023849,-0.026443,-0.994858
0.713665,0.023834,-0.026428,-0.994904
0.713689,0.023819,-0.026443,-0.994934
0.713721,0.023788,-0.026489,-0.994904
0.723611,0.023758,-0.026566,-0.994827
0.723750,0.023758,-0.026672,-0.994705
0.723780,0.023819,-0.026764,-0.994537
0.723805,0.023911,-0.026840,-0.994370
0.723841,0.024033,-0.026886,-0.994247
0.723866,0.024170,-0.026871,-0.994171
0.723890,0.024292,-0.026810,-0.994171
0.723937,0.024384,-0.026718,-0.994263
0.733639,0.024399,-0.026627,-0.994415
0.733888,0.024368,-0.026535,-0.994614
0.733930,0.024292,-0.026474,-0.994843
0.733960,0.024200,-0.026459,-0.995056
0.733984,0.024124,-0.026489,-0.995285
0.734009,0.024078,-0.026535,-0.995468
0.734046,0.024063,-0.026611,-0.995590
0.734073,0.024063,-0.026688,-0.995636
0.743778,0.024063,-0.026749,-0.995590
0.744053,0.024048,-0.026794,-0.995483
0.744115,0.024002,-0.026810,-0.995331
0.744146,0.023911,-0.026810,-0.995148
0.744172,0.023804,-0.026779,-0.994980
0.744198,0.023697,-0.026749,-0.994843
0.744223,0.023636,-0.026718,-0.994736
0.744248,0.023636,-0.026703,-0.994629
0.754778,0.023697,-0.026733,-0.994507
0.754990,0.023773,-0.026779,-0.994354
0.755032,0.023880,-0.026840,-0.994186
0.755059,0.023972,-0.026901,-0.994003
0.755119,0.024033,-0.026962,-0.993790
0.755149,0.024078,-0.026978,-0.993576
0.755222,0.024094,-0.026978,-0.993362
0.755249,0.024124,-0.026978,-0.993195
0.765296,0.024170,-0.026978,-0.993073
0.766135,0.024231,-0.026993,-0.993011
0.766162,0.024277,-0.027008,-0.993011
0.766174,0.024323,-0.027039,-0.993057
0.766186,0.024353,-0.027054,-0.993103
0.766197,0.024384,-0.027100,-0.993118
0.766207,0.024399,-0.027145,-0.993118
0.766216,0.024414,-0.027206,-0.993088
0.773562,0.024414,-0.027252,-0.993011
0.773646,0.024384,-0.027283,-0.992905
0.773662,0.024353,-0.027313,-0.992767
0.773673,0.024307,-0.027328,-0.992645
0.773686,0.024261,-0.027313,-0.992584
0.773696,0.024231,-0.027267,-0.992599
0.773707,0.024231,-0.027206,-0.992722
0.773716,0.024246,-0.027115,-0.992966
0.783659,0.024277,-0.027054,-0.993271
0.783757,0.024307,-0.027008,-0.993637
0.783786,0.024338,-0.027023,-0.994019
0.783812,0.024368,-0.027100,-0.994354
0.783836,0.024384,-0.027191,-0.994614
0.783869,0.024399,-0.027298,-0.994751
0.783895,0.024368,-0.027390,-0.994797
0.783920,0.024338,-0.027466,-0.994736
0.793879,0.024292,-0.027527,-0.994583
0.793989,0.024231,-0.027573,-0.994370
0.794019,0.024155,-0.027618,-0.994156
0.794046,0.024078,-0.027679,-0.993958
0.794072,0.024033,-0.027725,-0.993820
0.794096,0.024017,-0.027756,-0.993774
0.794120,0.024048,-0.027786,-0.993820
0.794152,0.024109,-0.027802,-0.993927
0.803840,0.024216,-0.027786,-0.994095
0.803961,0.024323,-0.027725,-0.994263
0.803992,0.024414,-0.027618,-0.994431
0.804023,0.024506,-0.027481,-0.994553
0.804051,0.024567,-0.027344,-0.994629
0.804077,0.024582,-0.027237,-0.994675
0.804102,0.024536,-0.027161,-0.994690
0.804126,0.024445,-0.027130,-0.994690
0.813736,0.024292,-0.027130,-0.994659
0.813919,0.024109,-0.027161,-0.994598
0.813966,0.023926,-0.027191,-0.994553
0.814002,0.023727,-0.027206,-0.994492
0.814029,0.023560,-0.027206,-0.994461
0.814089,0.023407,-0.027176,-0.994446
0.814453,0.023300,-0.027176,-0.994461
0.814479,0.023270,-0.027176,-0.994492
0.824222,0.023285,-0.027206,-0.994522
0.824374,0.023346,-0.027252,-0.994553
0.824404,0.023438,-0.027328,-0.994614
0.824440,0.023560,-0.027405,-0.994675
0.824467,0.023697,-0.027451,-0.994736
0.824491,0.023865,-0.027481,-0.994812
0.824517,0.024033,-0.027481,-0.994919
0.824562,0.024185,-0.027451,-0.995041
0.833978,0.024338,-0.027435,-0.995178
0.834502,0.024460,-0.027435,-0.995331
0.834551,0.024551,-0.027466,-0.995483
0.834580,0.024612,-0.027512,-0.995636
0.834725,0.024658,-0.027573,-0.995773
0.834754,0.024689,-0.027603,-0.995850
0.834778,0.024719,-0.027588,-0.995880
0.834805,0.024765,-0.027496,-0.995850
0.844138,0.024796,-0.027328,-0.995773
0.845078,0.024796,-0.027130,-0.995651
0.845241,0.024750,-0.026932,-0.995483
0.845270,0.024658,-0.026749,-0.995285
0.845372,0.024536,-0.026627,-0.995071
0.845466,0.024414,-0.026596,-0.994827
0.845528,0.024307,-0.026642,-0.994583
0.845552,0.024231,-0.026764,-0.994370
0.853909,0.024200,-0.026932,-0.994202
0.854159,0.024216,-0.027084,-0.994110
0.854194,0.024231,-0.027222,-0.994095
0.854220,0.024246,-0.027298,-0.994156
0.854254,0.024246,-0.027328,-0.994293
0.854280,0.024231,-0.027313,-0.994507
0.854304,0.024216,-0.027283,-0.994751
0.854328,0.024200,-0.027237,-0.994980
0.863860,0.024200,-0.027206,-0.995193
0.863967,0.024216,-0.027161,-0.995361
0.863994,0.024246,-0.027100,-0.995453
0.864022,0.024307,-0.027023,-0.995468
0.864048,0.024384,-0.026947,-0.995407
0.864072,0.024460,-0.026855,-0.995316
0.864146,0.024521,-0.026779,-0.995239
0.864190,0.024551,-0.026718,-0.995209
0.873950,0.024536,-0.026703,-0.995239
0.874094,0.024490,-0.026733,-0.995316
0.874123,0.024399,-0.026825,-0.995422
0.874157,0.024292,-0.026978,-0.995499
0.874184,0.024185,-0.027145,-0.995529
0.874450,0.024094,-0.027328,-0.995499
0.874481,0.024048,-0.027451,-0.995407
0.874507,0.024033,-0.027527,-0.995285
0.883929,0.024048,-0.027527,-0.995132
0.884047,0.024063,-0.027481,-0.994965
0.884112,0.024078,-0.027390,-0.994766
0.884140,0.024078,-0.027237,-0.994583
0.884166,0.024048,-0.027115,-0.994431
0.884192,0.024033,-0.027008,-0.994339
0.884217,0.024002,-0.026917,-0.994354
0.884241,0.023972,-0.026871,-0.994461
0.894066,0.023956,-0.026871,-0.994644
0.894299,0.023941,-0.026901,-0.994843
0.894330,0.023926,-0.026962,-0.995026
0.894356,0.023926,-0.027084,-0.995163
0.894383,0.023941,-0.027237,-0.995239
0.894408,0.023987,-0.027420,-0.995239
0.894432,0.024063,-0.027634,-0.995178
0.894455,0.024185,-0.027832,-0.995102
0.905056,0.024323,-0.028030,-0.995026
0.905155,0.024475,-0.028214,-0.994965
0.905192,0.024597,-0.028351,-0.994949
0.905222,0.024689,-0.028427,-0.994949
0.905247,0.024734,-0.028427,-0.994980
0.905272,0.024750,-0.028351,-0.995010
0.905297,0.024719,-0.028214,-0.995041
0.905322,0.024658,-0.028046,-0.995056
0.914012,0.024567,-0.027863,-0.995041
0.914115,0.024475,-0.027725,-0.994980
0.914699,0.024384,-0.027618,-0.994888
0.914730,0.024292,-0.027527,-0.994766
0.914756,0.024231,-0.027451,-0.994659
0.914788,0.024155,-0.027359,-0.994553
0.914814,0.024063,-0.027252,-0.994492
0.914838,0.023956,-0.027115,-0.994446
0.924281,0.023834,-0.026978,-0.994461
0.924405,0.023712,-0.026855,-0.994476
0.924459,0.023621,-0.026749,-0.994507
0.924486,0.023575,-0.026672,-0.994537
0.924510,0.023590,-0.026627,-0.994598
0.924535,0.023636,-0.026627,-0.994690
0.924562,0.023727,-0.026642,-0.994797
0.924586,0.023865,-0.026688,-0.994919
0.934709,0.024033,-0.026764,-0.995041
0.934833,0.024200,-0.026840,-0.995163
0.934865,0.024384,-0.026917,-0.995255
0.934904,0.024536,-0.026978,-0.995331
0.935049,0.024643,-0.027039,-0.995377
0.935091,0.024673,-0.027100,-0.995377
0.935120,0.024628,-0.027161,-0.995346
0.935145,0.024521,-0.027222,-0.995300
0.944026,0.024353,-0.027252,-0.995255
0.944101,0.024155,-0.027267,-0.995239
0.944117,0.023956,-0.027222,-0.995239
0.944128,0.023773,-0.027161,-0.995255
0.944139,0.023636,-0.027115,-0.995270
0.944149,0.023529,-0.027115,-0.995300
0.944159,0.023468,-0.027176,-0.995316
0.944170,0.023438,-0.027283,-0.995331
0.954060,0.023468,-0.027435,-0.995346
0.954138,0.023529,-0.027603,-0.995346
0.954153,0.023636,-0.027740,-0.995316
0.954165,0.023758,-0.027832,-0.995209
0.954176,0.023880,-0.027847,-0.995071
0.954186,0.023987,-0.027802,-0.994904
0.954196,0.024063,-0.027679,-0.994736
0.954206,0.024124,-0.027496,-0.994583
0.964128,0.024185,-0.027252,-0.994461
0.964196,0.024261,-0.026978,-0.994385
0.964212,0.024307,-0.026733,-0.994370
0.964224,0.024323,-0.026535,-0.994385
0.964235,0.024307,-0.026413,-0.994431
0.964246,0.024246,-0.026352,-0.994476
0.964256,0.024139,-0.026382,-0.994522
0.964266,0.024017,-0.026489,-0.994568
0.974575,0.023865,-0.026657,-0.994614
0.974646,0.023773,-0.026840,-0.994690
0.974661,0.023727,-0.027054,-0.994781
0.974673,0.023758,-0.027252,-0.994888
0.974684,0.023834,-0.027405,-0.995010
0.974694,0.023972,-0.027512,-0.995148
0.974704,0.024109,-0.027557,-0.995285
0.974713,0.024246,-0.027527,-0.995422
0.984252,0.024353,-0.027435,-0.995560
0.984320,0.024429,-0.027313,-0.995651
0.984763,0.024460,-0.027191,-0.995712
0.984809,0.024475,-0.027115,-0.995697
0.984824,0.024475,-0.027084,-0.995621
0.984837,0.024475,-0.027100,-0.995483
0.984848,0.024460,-0.027130,-0.995316
0.984859,0.024475,-0.027145,-0.995132
0.994284,0.024506,-0.027145,-0.994995
0.994425,0.024567,-0.027115,-0.994934
0.994456,0.024643,-0.027039,-0.994949
0.994482,0.024750,-0.026947,-0.995026
0.994506,0.024857,-0.026855,-0.995148
0.994674,0.024948,-0.026810,-0.995300
0.994700,0.025024,-0.026840,-0.995453
0.994711,0.025085,-0.026947,-0.995605
1.004224,0.025116,-0.027084,-0.995758
1.004271,0.025131,-0.027237,-0.995880
1.004283,0.025131,-0.027405,-0.995972
1.004293,0.025085,-0.027512,-0.996017
1.004303,0.025055,-0.027542,-0.996002
1.004313,0.025040,-0.027496,-0.995972
1.004344,0.025040,-0.027359,-0.995895
1.004354,0.025055,-0.027191,-0.995819
1.014214,0.025070,-0.027039,-0.995743
1.014269,0.025085,-0.026947,-0.995667
1.014290,0.025101,-0.026962,-0.995560
1.014302,0.025085,-0.027054,-0.995453
1.014313,0.025055,-0.027222,-0.995331
1.014323,0.024994,-0.027420,-0.995163
1.014333,0.024902,-0.027573,-0.994980
1.014343,0.024811,-0.027634,-0.994812
1.024355,0.024704,-0.027588,-0.994659
1.024541,0.024597,-0.027435,-0.994537
1.024610,0.024521,-0.027161,-0.994446
1.024637,0.024460,-0.026825,-0.994385
1.024670,0.024399,-0.026489,-0.994354
1.024796,0.024323,-0.026199,-0.994339
1.024825,0.024277,-0.026001,-0.994324
1.024839,0.024231,-0.025879,-0.994339
1.034323,0.024216,-0.025864,-0.994354
1.034491,0.024246,-0.025894,-0.994385
1.034506,0.024277,-0.026016,-0.994415
1.034518,0.024307,-0.026169,-0.994446
1.034528,0.024323,-0.026382,-0.994415
1.034538,0.024323,-0.026596,-0.994370
1.034548,0.024307,-0.026825,-0.994324
1.034558,0.024277,-0.027039,-0.994308
1.044413,0.024261,-0.027267,-0.994324
1.044473,0.024261,-0.027466,-0.994415
1.044485,0.024307,-0.027634,-0.994537
1.044496,0.024368,-0.027740,-0.994705
1.044506,0.024429,-0.027756,-0.994904
1.044516,0.024460,-0.027695,-0.995102
1.044525,0.024460,-0.027557,-0.995270
1.044534,0.024429,-0.027359,-0.995377
1.054370,0.024399,-0.027130,-0.995407
1.054439,0.024414,-0.026886,-0.995361
1.054454,0.024490,-0.026642,-0.995285
1.054466,0.024597,-0.026443,-0.995178
1.054477,0.024719,-0.026291,-0.995087
1.054486,0.024841,-0.026184,-0.995010
1.054496,0.024948,-0.026123,-0.994949
1.054505,0.024994,-0.026108,-0.994934
1.064435,0.024979,-0.026138,-0.994934
1.064500,0.024902,-0.026215,-0.994965
1.064803,0.024780,-0.026321,-0.995010
1.064855,0.024628,-0.026443,-0.995056
1.064883,0.024506,-0.026566,-0.995132
1.064909,0.024399,-0.026642,-0.995224
1.064933,0.024353,-0.026672,-0.995331
1.064959,0.024353,-0.026657,-0.995438
1.074522,0.024368,-0.026611,-0.995560
1.074670,0.024368,-0.026566,-0.995651
1.074684,0.024338,-0.026505,-0.995728
1.074696,0.024292,-0.026459,-0.995758
1.074707,0.024216,-0.026459,-0.995758
1.074720,0.024124,-0.026505,-0.995712
1.074731,0.024063,-0.026596,-0.995651
1.074742,0.024033,-0.026733,-0.995605
1.084471,0.024033,-0.026886,-0.995575
1.084525,0.024048,-0.027023,-0.995560
1.084537,0.024094,-0.027130,-0.995590
1.084548,0.024170,-0.027191,-0.995621
1.084557,0.024261,-0.027191,-0.995651
1.084585,0.024368,-0.027145,-0.995651
1.084596,0.024490,-0.027069,-0.995651
1.084605,0.024628,-0.026993,-0.995636
1.094495,0.024750,-0.026932,-0.995605
1.094546,0.024826,-0.026917,-0.995544
1.094559,0.024841,-0.026962,-0.995468
1.094570,0.024811,-0.027023,-0.995392
1.094580,0.024750,-0.027084,-0.995331
1.094591,0.024658,-0.027130,-0.995300
1.094601,0.024551,-0.027145,-0.995300
1.094611,0.024445,-0.027130,-0.995316
1.104542,0.024323,-0.027084,-0.995361
1.104588,0.024200,-0.027069,-0.995392
1.104600,0.024078,-0.027054,-0.995361
1.104610,0.023987,-0.027084,-0.995285
1.104620,0.023926,-0.027130,-0.995132
1.104629,0.023895,-0.027176,-0.994949
1.104639,0.023895,-0.027222,-0.994736
1.104648,0.023941,-0.027237,-0.994537
1.114651,0.023987,-0.027222,-0.994385
1.114715,0.024048,-0.027206,-0.994293
1.114731,0.024109,-0.027206,-0.994278
1.114742,0.024185,-0.027222,-0.994308
1.114754,0.024292,-0.027252,-0.994400
1.114765,0.024384,-0.027267,-0.994492
1.114776,0.024460,-0.027283,-0.994598
1.114787,0.024506,-0.027283,-0.994690
1.124546,0.024490,-0.027252,-0.994766
1.124604,0.024445,-0.027222,-0.994858
1.124620,0.024353,-0.027176,-0.994934
1.124632,0.024261,-0.027161,-0.995026
1.124643,0.024185,-0.027161,-0.995102
1.124654,0.024155,-0.027191,-0.995163
1.124664,0.024155,-0.027237,-0.995178
1.124675,0.024216,-0.027313,-0.995148
1.134601,0.024307,-0.027390,-0.995087
1.134666,0.024414,-0.027405,-0.994980
1.134679,0.024521,-0.027359,-0.994858
1.134691,0.024582,-0.027252,-0.994720
1.134701,0.024643,-0.027084,-0.994614
1.134711,0.024658,-0.026901,-0.994522
1.134720,0.024673,-0.026764,-0.994476
1.134730,0.024658,-0.026688,-0.994476
1.144701,0.024612,-0.026672,-0.994507
1.144756,0.024567,-0.026703,-0.994568
1.144769,0.024551,-0.026779,-0.994614
1.144780,0.024551,-0.026886,-0.994629
1.144791,0.024567,-0.026993,-0.994629
1.144801,0.024612,-0.027100,-0.994583
1.144812,0.024673,-0.027222,-0.994537
1.144822,0.024719,-0.027344,-0.994476
1.155005,0.024750,-0.027466,-0.994415
1.155073,0.024704,-0.027603,-0.994431
1.155088,0.024597,-0.027740,-0.994507
1.155100,0.024429,-0.027863,-0.994644
1.155111,0.024246,-0.027985,-0.994843
1.155122,0.024048,-0.028076,-0.995041
1.155132,0.023849,-0.028137,-0.995224
1.155142,0.023697,-0.028137,-0.995361
1.164695,0.023605,-0.028061,-0.995453
1.164747,0.023560,-0.027939,-0.995483
1.164762,0.023544,-0.027771,-0.995468
1.164774,0.023560,-0.027588,-0.995407
1.164945,0.023605,-0.027435,-0.995300
1.164970,0.023666,-0.027298,-0.995178
1.164982,0.023743,-0.027191,-0.995026
1.164993,0.023834,-0.027084,-0.994904
1.174708,0.023941,-0.026962,-0.994797
1.174759,0.024078,-0.026825,-0.994736
1.174772,0.024200,-0.026672,-0.994736
1.174784,0.024307,-0.026550,-0.994751
1.174794,0.024338,-0.026459,-0.994797
1.174804,0.024323,-0.026413,-0.994812
1.174815,0.024261,-0.026443,-0.994843
1.174826,0.024185,-0.026520,-0.994858
1.184814,0.024109,-0.026611,-0.994904
1.184863,0.024048,-0.026733,-0.994980
1.184874,0.024017,-0.026840,-0.995071
1.184884,0.024017,-0.026932,-0.995178
1.184894,0.024033,-0.027008,-0.995285
1.184903,0.024033,-0.027054,-0.995361
1.184912,0.024017,-0.027084,-0.995392
1.184921,0.024002,-0.027115,-0.995377
1.194784,0.023972,-0.027145,-0.995316
1.194837,0.023926,-0.027206,-0.995224
1.194849,0.023865,-0.027267,-0.995132
1.194860,0.023819,-0.027298,-0.995041
1.194869,0.023758,-0.027298,-0.994980
1.194880,0.023697,-0.027252,-0.994949
1.194889,0.023621,-0.027145,-0.994949
1.194899,0.023560,-0.026993,-0.994980
1.204893,0.023483,-0.026825,-0.995010
1.205012,0.023392,-0.026688,-0.995056
1.205040,0.023300,-0.026566,-0.995132
1.205066,0.023224,-0.026505,-0.995193
1.205089,0.023193,-0.026505,-0.995255
1.205113,0.023193,-0.026581,-0.995300
1.205136,0.023254,-0.026672,-0.995331
1.205160,0.023346,-0.026749,-0.995392
1.214925,0.023453,-0.026764,-0.995468
1.215065,0.023560,-0.026733,-0.995590
1.215096,0.023651,-0.026642,-0.995712
1.215617,0.023697,-0.026520,-0.995834
1.215645,0.023727,-0.026382,-0.995926
1.215669,0.023743,-0.026245,-0.995972
1.215722,0.023743,-0.026154,-0.995972
1.215749,0.023758,-0.026093,-0.995941
1.225220,0.023788,-0.026062,-0.995880
1.225361,0.023865,-0.026047,-0.995804
1.225393,0.023956,-0.026047,-0.995743
1.225420,0.024063,-0.026062,-0.995682
1.225446,0.024200,-0.026077,-0.995605
1.225473,0.024323,-0.026154,-0.995499
1.225628,0.024414,-0.026291,-0.995361
1.225665,0.024460,-0.026489,-0.995163
1.235076,0.024490,-0.026764,-0.994888
1.235336,0.024521,-0.027084,-0.994568
1.235370,0.024551,-0.027420,-0.994217
1.237572,0.024612,-0.027725,-0.993866
1.237665,0.024689,-0.027954,-0.993546
1.237693,0.024780,-0.028107,-0.993301
1.237718,0.024872,-0.028152,-0.993179
1.237759,0.024948,-0.028122,-0.993179
1.244980,0.024994,-0.028015,-0.993301
1.245043,0.025009,-0.027863,-0.993500
1.245057,0.024979,-0.027725,-0.993744
1.245068,0.024902,-0.027618,-0.994003
1.245079,0.024826,-0.027557,-0.994263
1.245090,0.024719,-0.027496,-0.994492
1.245100,0.024628,-0.027435,-0.994659
1.245111,0.024551,-0.027359,-0.994781
1.255056,0.024506,-0.027252,-0.994873
1.255201,0.024521,-0.027115,-0.994949
1.255232,0.024551,-0.026978,-0.995041
1.255259,0.024612,-0.026855,-0.995117
1.255284,0.024689,-0.026764,-0.995209
1.255310,0.024750,-0.026718,-0.995300
1.255368,0.024796,-0.026703,-0.995377
1.255392,0.024811,-0.026718,-0.995422
1.266314,0.024765,-0.026764,-0.995438
1.266473,0.024673,-0.026825,-0.995407
1.266505,0.024551,-0.026901,-0.995361
1.266531,0.024414,-0.026993,-0.995300
1.266557,0.024277,-0.027100,-0.995209
1.266684,0.024155,-0.027206,-0.995117
1.266709,0.024063,-0.027344,-0.995010
1.266721,0.023987,-0.027512,-0.994888
1.274987,0.023941,-0.027664,-0.994766
1.275136,0.023941,-0.027771,-0.994659
1.275150,0.023956,-0.027832,-0.994553
1.275161,0.023972,-0.027847,-0.994446
1.275172,0.023956,-0.027786,-0.994339
1.275181,0.023926,-0.027710,-0.994263
1.275191,0.023880,-0.027618,-0.994217
1.275203,0.023834,-0.027573,-0.994186
1.285201,0.023819,-0.027557,-0.994202
1.285377,0.023819,-0.027603,-0.994232
1.285426,0.023849,-0.027664,-0.994263
1.285480,0.023911,-0.027710,-0.994293
1.285509,0.023987,-0.027725,-0.994324
1.285536,0.024063,-0.027664,-0.994308
1.285561,0.024155,-0.027527,-0.994247
1.285586,0.024231,-0.027374,-0.994141
1.295850,0.024292,-0.027222,-0.994003
1.295957,0.024323,-0.027100,-0.993851
1.295988,0.024323,-0.027023,-0.993744
1.296013,0.024307,-0.026978,-0.993698
1.296038,0.024307,-0.026978,-0.993698
1.296067,0.024323,-0.026978,-0.993744
1.296094,0.024368,-0.026962,-0.993851
1.296118,0.024414,-0.026947,-0.994003
1.305230,0.024475,-0.026901,-0.994202
1.305341,0.024536,-0.026840,-0.994400
1.305371,0.024551,-0.026794,-0.994583
1.305397,0.024536,-0.026794,-0.994705
1.305424,0.024490,-0.026810,-0.994781
1.305449,0.024414,-0.026855,-0.994766
1.305472,0.024323,-0.026917,-0.994690
1.305496,0.024216,-0.026962,-0.994614
1.315639,0.024124,-0.027008,-0.994553
1.315764,0.024048,-0.027008,-0.994553
1.315795,0.023987,-0.026962,-0.994598
1.315822,0.023972,-0.026901,-0.994705
1.315846,0.023987,-0.026810,-0.994843
1.315870,0.024017,-0.026718,-0.994995
1.315894,0.024078,-0.026657,-0.995163
1.315920,0.024155,-0.026657,-0.995316
1.326377,0.024231,-0.026688,-0.995422
1.326615,0.024292,-0.026764,-0.995483
1.326656,0.024338,-0.026840,-0.995499
1.326684,0.024384,-0.026917,-0.995453
1.326713,0.024399,-0.026947,-0.995361
1.326737,0.024414,-0.026962,-0.995224
1.326761,0.024384,-0.026947,-0.995041
1.326785,0.024323,-0.026932,-0.994858
1.335229,0.024231,-0.026917,-0.994705
1.335364,0.024124,-0.026901,-0.994598
1.335465,0.023987,-0.026886,-0.994537
1.335494,0.023865,-0.026886,-0.994522
1.335520,0.023727,-0.026886,-0.994553
1.335544,0.023621,-0.026855,-0.994629
1.335568,0.023544,-0.026779,-0.994736
1.335591,0.023514,-0.026688,-0.994873
1.345367,0.023514,-0.026566,-0.994995
1.345550,0.023560,-0.026489,-0.995087
1.345587,0.023636,-0.026443,-0.995132
1.345698,0.023743,-0.026474,-0.995102
1.345728,0.023911,-0.026550,-0.994995
1.345752,0.024124,-0.026657,-0.994858
1.345776,0.024368,-0.026749,-0.994705
1.345802,0.024628,-0.026779,-0.994583
1.355306,0.024857,-0.026749,-0.994522
1.355417,0.025055,-0.026688,-0.994553
1.355447,0.025162,-0.026627,-0.994659
1.355474,0.025177,-0.026581,-0.994797
1.355522,0.025085,-0.026596,-0.994949
1.355547,0.024933,-0.026688,-0.995087
1.355571,0.024719,-0.026886,-0.995193
1.355598,0.024506,-0.027130,-0.995270
1.367962,0.024277,-0.027405,-0.995331
1.368313,0.024094,-0.027710,-0.995377
1.368350,0.023956,-0.027969,-0.995422
1.368379,0.023865,-0.028198,-0.995468
1.368403,0.023819,-0.028366,-0.995514
1.368427,0.023788,-0.028458,-0.995544
1.368472,0.023743,-0.028488,-0.995560
1.368497,0.023712,-0.028458,-0.995560
1.375725,0.023697,-0.028397,-0.995529
1.375861,0.023682,-0.028290,-0.995483
1.375892,0.023666,-0.028137,-0.995422
1.375919,0.023636,-0.027954,-0.995346
1.375943,0.023590,-0.027756,-0.995270
1.375970,0.023560,-0.027557,-0.995209
1.375996,0.023544,-0.027390,-0.995132
1.376139,0.023560,-0.027267,-0.995026
1.394219,0.023605,-0.027161,-0.994888
1.395692,0.023712,-0.027100,-0.994720
1.395778,0.023880,-0.027069,-0.994553
1.395812,0.024094,-0.027039,-0.994415
1.395841,0.024338,-0.027039,-0.994339
1.395908,0.024597,-0.027008,-0.994354
1.395934,0.024841,-0.026932,-0.994446
1.395959,0.025055,-0.026825,-0.994614
1.396087,0.025192,-0.026688,-0.994781
1.396114,0.025284,-0.026550,-0.994965
1.396140,0.025269,-0.026413,-0.995102
1.396260,0.025162,-0.026306,-0.995178
1.396289,0.024994,-0.026245,-0.995224
1.396315,0.024765,-0.026260,-0.995193
1.396338,0.024506,-0.026337,-0.995117
1.396362,0.024261,-0.026459,-0.995026
1.405396,0.024048,-0.026611,-0.994919
1.405451,0.023895,-0.026749,-0.994858
1.405464,0.023788,-0.026871,-0.994843
1.405476,0.023758,-0.026978,-0.994873
1.405492,0.023788,-0.027039,-0.994904
1.405504,0.023880,-0.027084,-0.994919
1.405514,0.023987,-0.027115,-0.994934
1.405526,0.024124,-0.027130,-0.994934
1.416416,0.024246,-0.027130,-0.994919
1.416533,0.024323,-0.027115,-0.994904
1.416563,0.024384,-0.027084,-0.994888
1.416589,0.024429,-0.027039,-0.994888
1.416615,0.024445,-0.026962,-0.994873
1.416641,0.024460,-0.026871,-0.994858
1.416667,0.024475,-0.026794,-0.994827
1.416691,0.024521,-0.026718,-0.994751
1.425881,0.024551,-0.026672,-0.994644
1.426023,0.024628,-0.026642,-0.994522
1.426062,0.024719,-0.026642,-0.994400
1.426090,0.024857,-0.026657,-0.994339
1.426117,0.025024,-0.026703,-0.994339
1.426258,0.025223,-0.026733,-0.994385
1.426298,0.025406,-0.026779,-0.994476
1.426326,0.025558,-0.026810,-0.994568
1.435642,0.025665,-0.026871,-0.994659
1.435739,0.025681,-0.026947,-0.994751
1.435804,0.025635,-0.027084,-0.994827
1.435830,0.025513,-0.027237,-0.994919
1.435854,0.025375,-0.027405,-0.994980
1.435878,0.025208,-0.027573,-0.995041
1.435902,0.025009,-0.027710,-0.995071
1.435926,0.024811,-0.027817,-0.995071
1.445680,0.024597,-0.027832,-0.995056
1.445859,0.024414,-0.027771,-0.995010
1.445890,0.024246,-0.027618,-0.994949
1.445919,0.024155,-0.027420,-0.994858
1.445945,0.024109,-0.027206,-0.994751
1.445969,0.024139,-0.027023,-0.994629
1.445993,0.024200,-0.026886,-0.994492
1.446023,0.024261,-0.026840,-0.994385
1.455678,0.024277,-0.026825,-0.994324
1.455860,0.024246,-0.026855,-0.994324
1.455897,0.024155,-0.026901,-0.994370
1.455926,0.024033,-0.026962,-0.994476
1.456332,0.023880,-0.026993,-0.994598
1.456361,0.023758,-0.027039,-0.994705
1.456385,0.023666,-0.027100,-0.994781
1.456442,0.023621,-0.027191,-0.994843
1.465928,0.023621,-0.027283,-0.994873
1.466061,0.023651,-0.027374,-0.994888
1.466090,0.023712,-0.027451,-0.994888
1.466116,0.023773,-0.027512,-0.994873
1.466141,0.023849,-0.027557,-0.994812
1.466167,0.023941,-0.027573,-0.994736
1.466192,0.024033,-0.027603,-0.994659
1.466218,0.024139,-0.027634,-0.994583
1.475702,0.024231,-0.027679,-0.994537
1.475898,0.024338,-0.027725,-0.994553
1.475932,0.024429,-0.027740,-0.994598
1.475957,0.024536,-0.027740,-0.994644
1.475989,0.024643,-0.027695,-0.994705
1.476016,0.024734,-0.027588,-0.994751
1.476040,0.024811,-0.027435,-0.994766
1.476066,0.024887,-0.027237,-0.994766
1.488464,0.024963,-0.027008,-0.994736
1.488580,0.025024,-0.026779,-0.994720
1.488608,0.025070,-0.026566,-0.994690
1.488634,0.025085,-0.026382,-0.994690
1.488661,0.025055,-0.026260,-0.994720
1.488688,0.025009,-0.026169,-0.994736
1.488711,0.024933,-0.026108,-0.994751
1.488737,0.024857,-0.026077,-0.994736
1.495781,0.024780,-0.026047,-0.994720
1.495902,0.024719,-0.026031,-0.994690
1.495931,0.024658,-0.026001,-0.994675
1.495956,0.024582,-0.025986,-0.994644
1.495982,0.024521,-0.026001,-0.994644
1.496009,0.024445,-0.026062,-0.994659
1.496033,0.024368,-0.026154,-0.994705
1.496057,0.024307,-0.026291,-0.994766
1.505845,0.024246,-0.026428,-0.994843
1.505965,0.024200,-0.026566,-0.994919
1.505997,0.024170,-0.026672,-0.994980
1.506024,0.024155,-0.026749,-0.995026
1.506048,0.024155,-0.026779,-0.995041
1.506075,0.024185,-0.026794,-0.994980
1.506134,0.024246,-0.026810,-0.994858
1.506158,0.024338,-0.026886,-0.994675
1.518226,0.024429,-0.027023,-0.994446
1.518414,0.024536,-0.027237,-0.994232
1.518445,0.024628,-0.027466,-0.994064
1.518472,0.024734,-0.027679,-0.993973
1.518497,0.024826,-0.027832,-0.993973
1.518522,0.024918,-0.027908,-0.994019
1.518546,0.024994,-0.027878,-0.994080
1.518634,0.025024,-0.027802,-0.994125
1.525786,0.024994,-0.027664,-0.994156
1.525845,0.024918,-0.027496,-0.994171
1.525858,0.024811,-0.027359,-0.994202
1.525869,0.024689,-0.027237,-0.994247
1.525879,0.024567,-0.027161,-0.994324
1.525889,0.024445,-0.027100,-0.994431
1.525899,0.024353,-0.027069,-0.994568
1.525908,0.024261,-0.027054,-0.994690
1.537456,0.024200,-0.027039,-0.994797
1.537576,0.024170,-0.027054,-0.994858
1.537605,0.024155,-0.027069,-0.994873
1.537631,0.024170,-0.027100,-0.994827
1.537656,0.024216,-0.027176,-0.994736
1.537681,0.024277,-0.027283,-0.994659
1.537704,0.024368,-0.027390,-0.994598
1.537728,0.024460,-0.027512,-0.994614
1.545945,0.024551,-0.027618,-0.994675
1.546065,0.024643,-0.027695,-0.994781
1.546095,0.024704,-0.027756,-0.994919
1.546120,0.024719,-0.027771,-0.995071
1.546145,0.024704,-0.027756,-0.995224
1.546170,0.024612,-0.027695,-0.995346
1.546196,0.024490,-0.027618,-0.995422
1.546220,0.024323,-0.027512,-0.995422
1.556025,0.024139,-0.027405,-0.995361
1.556618,0.023956,-0.027267,-0.995239
1.556659,0.023758,-0.027130,-0.995102
1.556688,0.023575,-0.026978,-0.994949
1.556714,0.023392,-0.026810,-0.994812
1.556760,0.023209,-0.026627,-0.994675
1.556785,0.023056,-0.026474,-0.994568
1.556811,0.022949,-0.026367,-0.994507
1.566808,0.022919,-0.026337,-0.994522
1.566934,0.022995,-0.026398,-0.994553
1.566965,0.023178,-0.026520,-0.994629
1.566992,0.023468,-0.026733,-0.994720
1.567017,0.023819,-0.026978,-0.994827
1.567041,0.024246,-0.027222,-0.994934
1.567068,0.024704,-0.027451,-0.995071
1.567092,0.025116,-0.027664,-0.995193
1.576079,0.025452,-0.027847,-0.995300
1.576213,0.025635,-0.027985,-0.995392
1.576251,0.025681,-0.028122,-0.995422
1.576279,0.025574,-0.028198,-0.995407
1.576305,0.025391,-0.028244,-0.995331
1.576330,0.025177,-0.028198,-0.995209
1.576412,0.024979,-0.028076,-0.995071
1.576445,0.024841,-0.027863,-0.994934
1.587621,0.024750,-0.027588,-0.994827
1.587836,0.024719,-0.027283,-0.994736
1.587866,0.024719,-0.026978,-0.994659
1.587892,0.024719,-0.026703,-0.994629
1.588008,0.024704,-0.026474,-0.994598
1.588036,0.024689,-0.026321,-0.994583
1.588060,0.024689,-0.026245,-0.994598
1.588083,0.024704,-0.026245,-0.994629
1.596024,0.024765,-0.026321,-0.994705
1.596138,0.024841,-0.026443,-0.994827
1.596175,0.024918,-0.026611,-0.994995
1.596201,0.024994,-0.026779,-0.995209
1.596226,0.025040,-0.026978,-0.995438
1.596258,0.025055,-0.027191,-0.995682
1.596284,0.025024,-0.027374,-0.995880
1.596307,0.024963,-0.027512,-0.996017
1.606053,0.024872,-0.027557,-0.996048
1.606155,0.024780,-0.027542,-0.995987
1.606183,0.024673,-0.027435,-0.995804
1.606208,0.024551,-0.027298,-0.995544
1.606232,0.024414,-0.027130,-0.995224
1.606255,0.024261,-0.026962,-0.994873
1.606279,0.024124,-0.026825,-0.994537
1.606302,0.023972,-0.026733,-0.994247
1.616172,0.023834,-0.026688,-0.994034
1.616297,0.023712,-0.026688,-0.993896
1.616325,0.023636,-0.026718,-0.993851
1.616351,0.023590,-0.026794,-0.993866
1.616378,0.023575,-0.026855,-0.993942
1.616403,0.023575,-0.026901,-0.994003
1.616427,0.023590,-0.026886,-0.994034
1.616450,0.023621,-0.026810,-0.994003
1.626152,0.023666,-0.026703,-0.993942
1.626284,0.023727,-0.026566,-0.993881
1.626316,0.023819,-0.026428,-0.993835
1.626342,0.023956,-0.026352,-0.993820
1.626399,0.024124,-0.026337,-0.993820
1.626424,0.024307,-0.026382,-0.993835
1.626448,0.024490,-0.026505,-0.993881
1.626480,0.024673,-0.026657,-0.993958
1.637603,0.024826,-0.026840,-0.994095
1.637739,0.024948,-0.026993,-0.994263
1.637768,0.025009,-0.027130,-0.994461
1.637795,0.024994,-0.027222,-0.994675
1.637819,0.024933,-0.027298,-0.994904
1.637844,0.024796,-0.027328,-0.995132
1.637868,0.024612,-0.027328,-0.995331
1.637893,0.024399,-0.027313,-0.995483
1.646189,0.024200,-0.027252,-0.995575
1.646302,0.024017,-0.027176,-0.995605
1.646332,0.023880,-0.027069,-0.995560
1.646359,0.023804,-0.026947,-0.995499
1.646384,0.023804,-0.026810,-0.995407
1.646410,0.023880,-0.026688,-0.995316
1.646433,0.024017,-0.026581,-0.995239
1.646457,0.024200,-0.026550,-0.995178
1.659166,0.024399,-0.026596,-0.995148
1.659526,0.024612,-0.026703,-0.995117
1.659564,0.024796,-0.026840,-0.995102
1.659594,0.024918,-0.026978,-0.995087
1.659620,0.024979,-0.027100,-0.995087
1.659644,0.025009,-0.027161,-0.995087
1.659671,0.025040,-0.027161,-0.995087
1.659703,0.025070,-0.027115,-0.995102
1.666390,0.025101,-0.027039,-0.995102
1.666509,0.025101,-0.026978,-0.995102
1.666538,0.025085,-0.026962,-0.995102
1.666563,0.025024,-0.026962,-0.995102
1.666587,0.024918,-0.027008,-0.995102
1.666612,0.024796,-0.027039,-0.995102
1.666636,0.024689,-0.027054,-0.995071
1.666662,0.024582,-0.027054,-0.995026
1.676364,0.024490,-0.027023,-0.994965
1.676480,0.024414,-0.026993,-0.994873
1.676511,0.024338,-0.026947,-0.994766
1.676536,0.024246,-0.026886,-0.994659
1.676560,0.024155,-0.026810,-0.994583
1.676585,0.024109,-0.026749,-0.994522
1.676611,0.024078,-0.026657,-0.994522
1.676634,0.024094,-0.026581,-0.994583
1.687665,0.024124,-0.026505,-0.994720
1.687804,0.024139,-0.026413,-0.994919
1.687841,0.024109,-0.026321,-0.995178
1.687867,0.024048,-0.026230,-0.995438
1.687892,0.023941,-0.026154,-0.995682
1.687917,0.023788,-0.026123,-0.995895
1.687943,0.023636,-0.026108,-0.996048
1.687968,0.023483,-0.026154,-0.996094
1.696293,0.023346,-0.026215,-0.996063
1.696406,0.023209,-0.026276,-0.995941
1.696435,0.023102,-0.026321,-0.995728
1.696463,0.022980,-0.026352,-0.995453
1.696487,0.022858,-0.026367,-0.995148
1.696513,0.022690,-0.026382,-0.994843
1.696538,0.022491,-0.026382,-0.994598
1.696563,0.022217,-0.026413,-0.994415
1.706388,0.021835,-0.026459,-0.994324
1.706487,0.021362,-0.026535,-0.994293
1.706517,0.020782,-0.026642,-0.994354
1.706543,0.020203,-0.026825,-0.994446
1.706567,0.019684,-0.027069,-0.994568
1.706591,0.019318,-0.027405,-0.994720
1.706617,0.019196,-0.027817,-0.994888
1.706641,0.019394,-0.028275,-0.995102
1.716948,0.019928,-0.028778,-0.995377
1.717077,0.020798,-0.029266,-0.995773
1.717108,0.021927,-0.029648,-0.996292
1.717133,0.023254,-0.029861,-0.996948
1.717157,0.024704,-0.029831,-0.997681
1.717190,0.026199,-0.029495,-0.998428
1.717217,0.027649,-0.028854,-0.999115
1.717241,0.028946,-0.027924,-0.999634
1.726511,0.030014,-0.026810,-0.999893
1.726643,0.030762,-0.025589,-0.999847
1.726673,0.031158,-0.024429,-0.999451
1.726699,0.031158,-0.023407,-0.998703
1.726723,0.030777,-0.022675,-0.997620
1.726749,0.030075,-0.022278,-0.996277
1.726776,0.029144,-0.022247,-0.994797
1.726799,0.028076,-0.022552,-0.993271
1.737682,0.026962,-0.023148,-0.991806
1.737814,0.025909,-0.023972,-0.990494
1.737845,0.024948,-0.024933,-0.989426
1.737874,0.024109,-0.025970,-0.988693
1.737904,0.023438,-0.027054,-0.988297
1.738014,0.022934,-0.028107,-0.988251
1.738043,0.022629,-0.029083,-0.988525
1.738071,0.022522,-0.029922,-0.989059
1.746596,0.022598,-0.030609,-0.989807
1.746708,0.022827,-0.031097,-0.990692
1.746744,0.023209,-0.031342,-0.991653
1.746772,0.023682,-0.031296,-0.992661
1.746798,0.024216,-0.030991,-0.993637
1.746822,0.024734,-0.030426,-0.994583
1.746849,0.025208,-0.029648,-0.995438
1.746873,0.025574,-0.028732,-0.996185
1.756586,0.025818,-0.027740,-0.996796
1.756706,0.025940,-0.026794,-0.997253
1.756736,0.025940,-0.025970,-0.997528
1.758051,0.025803,-0.025345,-0.997589
1.758105,0.025574,-0.024933,-0.997452
1.758131,0.025269,-0.024750,-0.997177
1.758195,0.024902,-0.024750,-0.996811
1.758872,0.024521,-0.024918,-0.996399
1.767744,0.024139,-0.025208,-0.995987
1.767893,0.023819,-0.025604,-0.995605
1.767930,0.023544,-0.026031,-0.995300
1.767958,0.023376,-0.026459,-0.995087
1.767982,0.023300,-0.026871,-0.994965
1.768007,0.023361,-0.027206,-0.994934
1.768038,0.023560,-0.027451,-0.995010
1.768064,0.023895,-0.027557,-0.995163
1.776517,0.024307,-0.027527,-0.995377
1.776586,0.024765,-0.027359,-0.995605
1.776602,0.025208,-0.027100,-0.995819
1.776637,0.025604,-0.026794,-0.996002
1.776653,0.025925,-0.026535,-0.996109
1.776665,0.026154,-0.026352,-0.996140
1.776676,0.026306,-0.026321,-0.996094
1.776686,0.026398,-0.026413,-0.995987
1.787563,0.026413,-0.026642,-0.995804
1.787676,0.026321,-0.026932,-0.995605
1.787705,0.026138,-0.027267,-0.995346
1.787730,0.025848,-0.027573,-0.995071
1.787755,0.025482,-0.027847,-0.994766
1.787779,0.025040,-0.028046,-0.994415
1.787820,0.024551,-0.028168,-0.994049
1.787844,0.024048,-0.028229,-0.993637
1.796628,0.023575,-0.028244,-0.993240
1.796734,0.023178,-0.028229,-0.992889
1.796770,0.022858,-0.028214,-0.992599
1.796797,0.022659,-0.028168,-0.992432
1.796823,0.022583,-0.028107,-0.992386
1.796848,0.022614,-0.028000,-0.992477
1.796873,0.022720,-0.027832,-0.992722
1.796898,0.022903,-0.027618,-0.993103
1.808760,0.023163,-0.027374,-0.993591
1.808847,0.023483,-0.027130,-0.994141
1.808864,0.023865,-0.026886,-0.994705
1.808877,0.024277,-0.026657,-0.995224
1.808889,0.024689,-0.026459,-0.995651
1.808899,0.025085,-0.026276,-0.995987
1.808910,0.025452,-0.026093,-0.996216
1.808919,0.025757,-0.025940,-0.996353
1.816999,0.026016,-0.025803,-0.996445
1.817328,0.026199,-0.025726,-0.996460
1.817361,0.026306,-0.025681,-0.996429
1.817386,0.026352,-0.025696,-0.996338
1.817411,0.026321,-0.025742,-0.996216
1.817436,0.026184,-0.025848,-0.996048
1.817462,0.025955,-0.025955,-0.995880
1.817486,0.025635,-0.026077,-0.995697
1.826813,0.025238,-0.026184,-0.995514
1.826949,0.024811,-0.026260,-0.995331
1.827030,0.024368,-0.026321,-0.995178
1.827085,0.023941,-0.026367,-0.995056
1.827112,0.023544,-0.026413,-0.994949
1.827144,0.023193,-0.026474,-0.994888
1.827169,0.022919,-0.026535,-0.994858
1.827195,0.022720,-0.026611,-0.994858
1.837834,0.022614,-0.026688,-0.994888
1.837951,0.022583,-0.026718,-0.994934
1.837981,0.022659,-0.026718,-0.994949
1.838008,0.022812,-0.026703,-0.994919
1.838033,0.023026,-0.026657,-0.994858
1.838058,0.023254,-0.026596,-0.994781
1.838082,0.023499,-0.026535,-0.994720
1.838108,0.023743,-0.026474,-0.994659
1.846824,0.023972,-0.026428,-0.994629
1.846941,0.024170,-0.026398,-0.994614
1.846972,0.024353,-0.026398,-0.994598
1.846997,0.024490,-0.026428,-0.994583
1.847023,0.024582,-0.026459,-0.994568
1.847047,0.024658,-0.026459,-0.994537
1.847071,0.024719,-0.026428,-0.994522
1.847095,0.024811,-0.026352,-0.994522
1.856955,0.024887,-0.026276,-0.994492
1.857086,0.024933,-0.026245,-0.994431
1.857118,0.024918,-0.026276,-0.994308
1.857144,0.024826,-0.026398,-0.994141
1.857167,0.024628,-0.026596,-0.993927
1.857191,0.024353,-0.026855,-0.993713
1.857225,0.024017,-0.027115,-0.993561
1.857250,0.023636,-0.027344,-0.993484
1.866903,0.023224,-0.027466,-0.993484
1.867026,0.022812,-0.027496,-0.993561
1.867061,0.022415,-0.027435,-0.993668
1.867090,0.022079,-0.027313,-0.993790
1.867115,0.021820,-0.027161,-0.993927
1.867146,0.021667,-0.027008,-0.994064
1.867387,0.021622,-0.026901,-0.994217
1.867633,0.021713,-0.026825,-0.994385
1.876870,0.021957,-0.026825,-0.994598
1.877131,0.022324,-0.026840,-0.994873
1.877170,0.022781,-0.026886,-0.995193
1.877196,0.023300,-0.026932,-0.995575
1.877221,0.023834,-0.026993,-0.995956
1.877252,0.024368,-0.027054,-0.996323
1.877278,0.024841,-0.027130,-0.996597
1.877305,0.025238,-0.027191,-0.996780
1.887596,0.025528,-0.027252,-0.996841
1.887727,0.025711,-0.027298,-0.996780
1.887757,0.025818,-0.027313,-0.996643
1.887783,0.025848,-0.027344,-0.996429
1.887807,0.025803,-0.027344,-0.996185
1.887831,0.025696,-0.027359,-0.995911
1.887855,0.025543,-0.027390,-0.995636
1.887879,0.025314,-0.027466,-0.995346
1.896939,0.025040,-0.027573,-0.995071
1.897058,0.024719,-0.027695,-0.994797
1.897089,0.024368,-0.027832,-0.994537
1.897139,0.023987,-0.027969,-0.994278
1.897166,0.023651,-0.028046,-0.994049
1.897190,0.023376,-0.028030,-0.993851
1.897214,0.023209,-0.027924,-0.993668
1.897238,0.023132,-0.027695,-0.993515
1.907138,0.023148,-0.027374,-0.993393
1.907310,0.023224,-0.027023,-0.993317
1.907342,0.023346,-0.026657,-0.993286
1.907368,0.023483,-0.026321,-0.993301
1.907400,0.023621,-0.026047,-0.993362
1.907426,0.023758,-0.025848,-0.993454
1.907451,0.023880,-0.025726,-0.993561
1.907475,0.023987,-0.025681,-0.993698
1.917211,0.024048,-0.025711,-0.993851
1.917329,0.024048,-0.025848,-0.994034
1.917357,0.024017,-0.026062,-0.994232
1.917385,0.023926,-0.026367,-0.994461
1.917411,0.023788,-0.026764,-0.994644
1.917436,0.023636,-0.027222,-0.994797
1.917462,0.023499,-0.027771,-0.994888
1.917486,0.023376,-0.028336,-0.994934
1.927126,0.023300,-0.028900,-0.994919
1.927242,0.023254,-0.029404,-0.994843
1.927271,0.023254,-0.029816,-0.994720
1.927297,0.023285,-0.030106,-0.994583
1.927321,0.023331,-0.030228,-0.994446
1.927347,0.023422,-0.030151,-0.994339
1.927372,0.023529,-0.029922,-0.994278
1.927396,0.023666,-0.029572,-0.994293
1.937607,0.023865,-0.029129,-0.994370
1.937722,0.024094,-0.028641,-0.994522
1.937751,0.024353,-0.028137,-0.994736
1.937791,0.024628,-0.027634,-0.994965
1.937817,0.024902,-0.027130,-0.995163
1.937840,0.025146,-0.026642,-0.995331
1.937864,0.025375,-0.026154,-0.995422
1.937899,0.025589,-0.025711,-0.995453
1.947137,0.025772,-0.025360,-0.995422
1.947236,0.025925,-0.025177,-0.995331
1.947264,0.026016,-0.025223,-0.995209
1.947289,0.026062,-0.025528,-0.995056
1.947313,0.026031,-0.026047,-0.994904
1.947339,0.025940,-0.026733,-0.994766
1.947363,0.025787,-0.027435,-0.994675
1.947387,0.025558,-0.028061,-0.994629
1.957182,0.025299,-0.028503,-0.994614
1.957295,0.025024,-0.028732,-0.994644
1.957324,0.024750,-0.028732,-0.994690
1.957352,0.024536,-0.028534,-0.994736
1.957377,0.024353,-0.028229,-0.994812
1.957401,0.024246,-0.027863,-0.994904
1.957425,0.024185,-0.027527,-0.995026
1.957451,0.024185,-0.027252,-0.995163
1.967163,0.024216,-0.027054,-0.995285
1.967345,0.024277,-0.026901,-0.995392
1.967383,0.024368,-0.026810,-0.995483
1.967411,0.024475,-0.026749,-0.995544
1.967439,0.024597,-0.026718,-0.995575
1.967465,0.024719,-0.026749,-0.995575
1.967497,0.024841,-0.026840,-0.995529
1.967523,0.024979,-0.026978,-0.995438
1.977222,0.025101,-0.027191,-0.995331
1.977344,0.025162,-0.027451,-0.995209
1.977374,0.025177,-0.027710,-0.995102
1.977399,0.025116,-0.027969,-0.995010
1.977426,0.025009,-0.028152,-0.994934
1.977449,0.024872,-0.028244,-0.994888
1.977472,0.024734,-0.028244,-0.994858
1.977495,0.024582,-0.028168,-0.994843
1.987697,0.024460,-0.028030,-0.994873
1.987811,0.024338,-0.027878,-0.994904
1.987839,0.024261,-0.027710,-0.994965
1.987865,0.024200,-0.027573,-0.995026
1.987890,0.024185,-0.027466,-0.995117
1.987914,0.024216,-0.027359,-0.995193
1.987940,0.024246,-0.027237,-0.995285
1.987965,0.024277,-0.027084,-0.995377
1.997225,0.024323,-0.026947,-0.995453
1.997308,0.024384,-0.026794,-0.995499
1.997338,0.024460,-0.026657,-0.995529
1.997363,0.024536,-0.026550,-0.995514
1.997387,0.024643,-0.026459,-0.995453
1.997420,0.024765,-0.026367,-0.995361
1.997450,0.024902,-0.026291,-0.995239
1.997474,0.025055,-0.026215,-0.995102
2.007423,0.025223,-0.026123,-0.994965
2.008806,0.025360,-0.026016,-0.994843
2.009094,0.025467,-0.025894,-0.994720
2.009347,0.025513,-0.025757,-0.994614
2.009378,0.025497,-0.025635,-0.994522
2.009403,0.025391,-0.025574,-0.994446
2.009467,0.025208,-0.025574,-0.994400
2.009494,0.024979,-0.025635,-0.994370
2.018737,0.024734,-0.025757,-0.994354
2.020139,0.024490,-0.025925,-0.994354
2.020161,0.024323,-0.026138,-0.994385
2.020174,0.024231,-0.026367,-0.994431
2.020241,0.024231,-0.026581,-0.994507
2.020252,0.024307,-0.026764,-0.994583
2.020263,0.024414,-0.026917,-0.994675
2.020275,0.024536,-0.027023,-0.994751
2.027271,0.024643,-0.027084,-0.994827
2.027344,0.024704,-0.027130,-0.994904
2.027359,0.024750,-0.027145,-0.994980
2.027371,0.024750,-0.027115,-0.995041
2.027382,0.024750,-0.027039,-0.995071
2.027392,0.024734,-0.026901,-0.995102
2.027402,0.024704,-0.026749,-0.995117
2.027449,0.024689,-0.026535,-0.995117
2.037615,0.024643,-0.026321,-0.995087
2.037848,0.024597,-0.026123,-0.995010
2.037881,0.024536,-0.025940,-0.994904
2.037909,0.024490,-0.025803,-0.994781
2.037932,0.024460,-0.025742,-0.994659
2.037957,0.024429,-0.025742,-0.994598
2.037981,0.024384,-0.025803,-0.994583
2.038005,0.024323,-0.025925,-0.994644
2.047399,0.024246,-0.026108,-0.994751
2.048409,0.024155,-0.026321,-0.994858
2.048445,0.024048,-0.026581,-0.994904
2.048480,0.023956,-0.026825,-0.994873
2.048506,0.023865,-0.027069,-0.994781
2.048532,0.023788,-0.027298,-0.994614
2.048555,0.023773,-0.027481,-0.994446
2.048580,0.023804,-0.027634,-0.994308
2.057476,0.023880,-0.027740,-0.994247
2.058173,0.024002,-0.027771,-0.994278
2.058217,0.024139,-0.027710,-0.994400
2.058245,0.024246,-0.027542,-0.994568
2.058271,0.024338,-0.027313,-0.994751
2.058297,0.024399,-0.027069,-0.994904
2.058321,0.024429,-0.026855,-0.994980
2.058347,0.024445,-0.026703,-0.994995
2.067644,0.024445,-0.026627,-0.994919
2.067812,0.024445,-0.026642,-0.994827
2.067913,0.024445,-0.026733,-0.994720
2.067941,0.024445,-0.026886,-0.994644
2.067966,0.024460,-0.027054,-0.994583
2.067992,0.024490,-0.027206,-0.994568
2.068017,0.024536,-0.027313,-0.994568
2.068041,0.024551,-0.027374,-0.994598
2.077478,0.024567,-0.027405,-0.994644
2.077596,0.024551,-0.027420,-0.994705
2.077630,0.024551,-0.027390,-0.994751
2.077656,0.024567,-0.027328,-0.994797
2.077682,0.024597,-0.027237,-0.994827
2.077705,0.024628,-0.027145,-0.994888
2.077728,0.024658,-0.027054,-0.994934
2.077751,0.024658,-0.026978,-0.994995
2.087751,0.024643,-0.026917,-0.995071
2.087870,0.024582,-0.026886,-0.995148
2.087898,0.024490,-0.026886,-0.995209
2.087923,0.024399,-0.026947,-0.995270
2.087947,0.024323,-0.027054,-0.995316
2.087979,0.024261,-0.027206,-0.995331
2.088004,0.024216,-0.027390,-0.995361
2.088029,0.024200,-0.027542,-0.995361
2.097622,0.024231,-0.027634,-0.995361
2.097728,0.024292,-0.027649,-0.995346
2.097759,0.024368,-0.027603,-0.995300
2.097784,0.024490,-0.027512,-0.995239
2.097808,0.024628,-0.027405,-0.995178
2.097840,0.024796,-0.027328,-0.995087
2.097866,0.024963,-0.027267,-0.994995
2.097890,0.025101,-0.027237,-0.994888
2.107967,0.025208,-0.027206,-0.994766
2.108091,0.025269,-0.027161,-0.994659
2.108119,0.025253,-0.027084,-0.994568
2.108146,0.025146,-0.026947,-0.994507
2.108172,0.024963,-0.026810,-0.994492
2.108196,0.024780,-0.026672,-0.994507
2.108219,0.024597,-0.026550,-0.994522
2.108243,0.024460,-0.026459,-0.994537
2.117784,0.024384,-0.026398,-0.994568
2.117935,0.024368,-0.026352,-0.994583
2.117964,0.024399,-0.026337,-0.994629
2.117998,0.024429,-0.026352,-0.994690
2.118025,0.024490,-0.026398,-0.994736
2.118048,0.024536,-0.026443,-0.994781
2.118124,0.024582,-0.026535,-0.994812
2.118165,0.024643,-0.026642,-0.994797
2.127656,0.024704,-0.026779,-0.994751
2.127775,0.024765,-0.026932,-0.994675
2.127805,0.024841,-0.027069,-0.994568
2.127830,0.024918,-0.027161,-0.994461
2.128023,0.024994,-0.027222,-0.994354
2.128071,0.025055,-0.027191,-0.994263
2.128163,0.025131,-0.027084,-0.994202
2.128209,0.025192,-0.026917,-0.994156
2.137712,0.025223,-0.026718,-0.994125
2.137829,0.025238,-0.026550,-0.994110
2.137872,0.025192,-0.026428,-0.994095
2.137898,0.025101,-0.026413,-0.994064
2.137922,0.024933,-0.026520,-0.993988
2.137948,0.024734,-0.026718,-0.993896
2.137974,0.024521,-0.026993,-0.993774
2.137998,0.024323,-0.027283,-0.993668
2.147831,0.024200,-0.027527,-0.993637
2.148285,0.024155,-0.027710,-0.993713
2.148343,0.024216,-0.027786,-0.993881
2.148373,0.024384,-0.027756,-0.994125
2.148401,0.024597,-0.027634,-0.994415
2.148425,0.024811,-0.027451,-0.994675
2.148450,0.024994,-0.027222,-0.994873
2.148474,0.025116,-0.026993,-0.994949
2.157879,0.025162,-0.026764,-0.994919
2.158010,0.025116,-0.026550,-0.994766
2.158041,0.024994,-0.026352,-0.994553
2.158066,0.024780,-0.026184,-0.994308
2.158091,0.024490,-0.026093,-0.994080
2.158115,0.024155,-0.026062,-0.993851
2.158141,0.023788,-0.026123,-0.993683
2.158166,0.023422,-0.026260,-0.993546
2.167900,0.023132,-0.026474,-0.993439
2.168152,0.022949,-0.026718,-0.993393
2.168197,0.022858,-0.026962,-0.993362
2.168303,0.022888,-0.027206,-0.993378
2.168337,0.022980,-0.027420,-0.993423
2.168379,0.023132,-0.027588,-0.993515
2.168430,0.023315,-0.027710,-0.993668
2.168463,0.023529,-0.027771,-0.993896
2.177866,0.023773,-0.027786,-0.994202
2.178475,0.024048,-0.027802,-0.994568
2.178745,0.024338,-0.027817,-0.994965
2.178869,0.024628,-0.027847,-0.995346
2.178902,0.024918,-0.027878,-0.995712
2.178961,0.025146,-0.027893,-0.996017
2.179010,0.025314,-0.027863,-0.996216
2.179060,0.025421,-0.027786,-0.996292
2.188000,0.025436,-0.027664,-0.996216
2.188122,0.025391,-0.027481,-0.996017
2.188158,0.025269,-0.027283,-0.995712
2.188190,0.025101,-0.027100,-0.995316
2.188220,0.024902,-0.026962,-0.994904
2.188249,0.024704,-0.026871,-0.994507
2.188277,0.024551,-0.026840,-0.994186
2.188307,0.024490,-0.026886,-0.993973
2.197838,0.024521,-0.026962,-0.993866
2.197944,0.024673,-0.027084,-0.993851
2.197973,0.024887,-0.027206,-0.993927
2.198001,0.025131,-0.027328,-0.994034
2.198027,0.025360,-0.027420,-0.994171
2.198053,0.025513,-0.027451,-0.994293
2.198079,0.025558,-0.027405,-0.994385
2.198102,0.025497,-0.027283,-0.994431
2.207949,0.025345,-0.027069,-0.994431
2.208073,0.025116,-0.026764,-0.994385
2.208104,0.024887,-0.026398,-0.994324
2.208130,0.024689,-0.025986,-0.994247
2.208155,0.024536,-0.025528,-0.994110
2.208179,0.024460,-0.025055,-0.993927
2.208203,0.024399,-0.024628,-0.993668
2.208238,0.024353,-0.024307,-0.993378
2.218064,0.024307,-0.024139,-0.993073
2.218221,0.024261,-0.024170,-0.992767
2.218255,0.024261,-0.024414,-0.992523
2.218287,0.024292,-0.024841,-0.992386
2.218313,0.024384,-0.025375,-0.992371
2.218336,0.024506,-0.025940,-0.992508
2.218361,0.024643,-0.026459,-0.992783
2.218387,0.024780,-0.026886,-0.993149
2.228000,0.024902,-0.027191,-0.993561
2.228386,0.025009,-0.027359,-0.993958
2.228423,0.025085,-0.027420,-0.994308
2.228471,0.025162,-0.027420,-0.994583
2.228500,0.025253,-0.027374,-0.994781
2.228787,0.025360,-0.027313,-0.994888
2.228833,0.025436,-0.027252,-0.994934
2.228947,0.025482,-0.027191,-0.994919
2.238076,0.025497,-0.027130,-0.994873
2.238195,0.025452,-0.027054,-0.994827
2.238231,0.025375,-0.027023,-0.994797
2.238260,0.025269,-0.027054,-0.994812
2.238289,0.025162,-0.027161,-0.994858
2.238317,0.025085,-0.027405,-0.994904
2.238346,0.025055,-0.027771,-0.994934
2.238373,0.025131,-0.028336,-0.994904
2.247926,0.025360,-0.029160,-0.994797
2.247995,0.025711,-0.030289,-0.994629
2.248011,0.026169,-0.031662,-0.994461
2.248023,0.026688,-0.033127,-0.994278
2.248034,0.027191,-0.034454,-0.994156
2.248044,0.027618,-0.035400,-0.994095
2.248055,0.027939,-0.035782,-0.994171
2.248064,0.028152,-0.035492,-0.994354
2.262717,0.028259,-0.034470,-0.994659
2.262833,0.028259,-0.032806,-0.995056
2.262863,0.028183,-0.030640,-0.995499
2.262892,0.028000,-0.028122,-0.995926
2.262917,0.027725,-0.025528,-0.996262
2.262941,0.027374,-0.023041,-0.996429
2.263001,0.026932,-0.020828,-0.996384
2.263029,0.026413,-0.018997,-0.996094
2.268097,0.025833,-0.017609,-0.995590
2.268207,0.025238,-0.016708,-0.994919
2.268236,0.024643,-0.016327,-0.994156
2.268372,0.024109,-0.016556,-0.993362
2.268402,0.023666,-0.017471,-0.992599
2.268427,0.023346,-0.019073,-0.991898
2.268460,0.023148,-0.021301,-0.991302
2.268486,0.023056,-0.023926,-0.990845
2.277985,0.023026,-0.026703,-0.990555
2.278052,0.022995,-0.029297,-0.990509
2.278067,0.022934,-0.031479,-0.990738
2.278078,0.022812,-0.033035,-0.991287
2.278089,0.022659,-0.033859,-0.992111
2.278098,0.022491,-0.033936,-0.993179
2.278108,0.022354,-0.033310,-0.994415
2.278118,0.022293,-0.032089,-0.995682
2.288173,0.022293,-0.030457,-0.996857
2.288334,0.022354,-0.028580,-0.997803
2.288364,0.022415,-0.026642,-0.998428
2.288499,0.022461,-0.024826,-0.998703
2.288527,0.022446,-0.023254,-0.998611
2.288553,0.022400,-0.022079,-0.998199
2.288578,0.022324,-0.021439,-0.997574
2.288603,0.022263,-0.021408,-0.996841
2.298177,0.022247,-0.021957,-0.996109
2.298289,0.022293,-0.022995,-0.995453
2.298660,0.022369,-0.024323,-0.994949
2.298688,0.022446,-0.025726,-0.994629
2.298714,0.022537,-0.026962,-0.994492
2.298739,0.022629,-0.027847,-0.994553
2.298764,0.022751,-0.028290,-0.994736
2.298815,0.022903,-0.028259,-0.995041
2.308308,0.023087,-0.027802,-0.995392
2.308416,0.023285,-0.026993,-0.995789
2.308446,0.023499,-0.025940,-0.996201
2.308471,0.023697,-0.024750,-0.996567
2.308499,0.023865,-0.023529,-0.996857
2.308522,0.023972,-0.022385,-0.997040
2.308545,0.023987,-0.021393,-0.997131
2.308569,0.023926,-0.020630,-0.997116
2.318526,0.023788,-0.020142,-0.997009
2.318642,0.023575,-0.020020,-0.996826
2.318672,0.023315,-0.020309,-0.996567
2.318706,0.023071,-0.021027,-0.996231
2.318733,0.022858,-0.022125,-0.995804
2.320472,0.022690,-0.023514,-0.995300
2.320569,0.022598,-0.025055,-0.994766
2.320616,0.022614,-0.026642,-0.994202
2.328295,0.022736,-0.028122,-0.993637
2.328428,0.022934,-0.029419,-0.993134
2.328461,0.023224,-0.030472,-0.992722
2.328490,0.023560,-0.031219,-0.992462
2.328515,0.023956,-0.031677,-0.992386
2.328541,0.024414,-0.031860,-0.992508
2.328565,0.024902,-0.031799,-0.992844
2.328632,0.025452,-0.031540,-0.993347
2.338335,0.026047,-0.031097,-0.994019
2.338455,0.026703,-0.030518,-0.994766
2.338483,0.027374,-0.029831,-0.995575
2.338508,0.028030,-0.029114,-0.996338
2.338535,0.028656,-0.028442,-0.997009
2.338561,0.029160,-0.027832,-0.997498
2.338589,0.029526,-0.027344,-0.997787
2.338613,0.029694,-0.027023,-0.997803
2.348309,0.029648,-0.026871,-0.997543
2.348428,0.029419,-0.026932,-0.997040
2.348464,0.029037,-0.027191,-0.996323
2.351543,0.028595,-0.027618,-0.995438
2.351651,0.028183,-0.028183,-0.994476
2.351720,0.027863,-0.028824,-0.993500
2.351745,0.027710,-0.029587,-0.992584
2.351769,0.027725,-0.030518,-0.991821
2.358318,0.027908,-0.031586,-0.991272
2.358434,0.028214,-0.032715,-0.990997
2.358464,0.028519,-0.033737,-0.991058
2.358490,0.028793,-0.034439,-0.991425
2.358551,0.028946,-0.034653,-0.992081
2.358618,0.028946,-0.034256,-0.992920
2.358650,0.028793,-0.033249,-0.993851
2.358675,0.028458,-0.031662,-0.994766
2.368394,0.027954,-0.029648,-0.995544
2.368513,0.027298,-0.027435,-0.996094
2.368541,0.026535,-0.025314,-0.996338
2.368566,0.025681,-0.023560,-0.996277
2.368591,0.024811,-0.022354,-0.995941
2.368617,0.023941,-0.021729,-0.995407
2.368642,0.023041,-0.021576,-0.994705
2.368667,0.022141,-0.021729,-0.993927
2.378407,0.021225,-0.021973,-0.993149
2.378755,0.020294,-0.022141,-0.992477
2.378795,0.019379,-0.022125,-0.991959
2.378859,0.018494,-0.021912,-0.991653
2.378905,0.017685,-0.021500,-0.991577
2.378931,0.016983,-0.020981,-0.991730
2.378955,0.016434,-0.020432,-0.992020
2.378980,0.016068,-0.019913,-0.992432
2.388491,0.015854,-0.019516,-0.992889
2.388590,0.015839,-0.019226,-0.993362
2.388618,0.016006,-0.019043,-0.993851
2.388644,0.016342,-0.018936,-0.994370
2.388668,0.016846,-0.018936,-0.994949
2.388691,0.017517,-0.019089,-0.995590
2.388715,0.018356,-0.019470,-0.996338
2.388738,0.019348,-0.020142,-0.997162
2.398454,0.020508,-0.021149,-0.998032
2.398567,0.021759,-0.022476,-0.998871
2.398597,0.023056,-0.024033,-0.999619
2.398623,0.024307,-0.025726,-1.000168
2.398647,0.025406,-0.027435,-1.000488
2.398671,0.026321,-0.029037,-1.000519
2.398694,0.026993,-0.030396,-1.000244
2.398720,0.027420,-0.031464,-0.999741
2.408493,0.027618,-0.032135,-0.999084
2.408615,0.027664,-0.032425,-0.998337
2.408643,0.027573,-0.032303,-0.997589
2.408669,0.027435,-0.031830,-0.996857
2.408702,0.027252,-0.031097,-0.996170
2.408738,0.027054,-0.030197,-0.995544
2.408813,0.026810,-0.029221,-0.994980
2.408853,0.026535,-0.028244,-0.994461
2.418495,0.026230,-0.027344,-0.994019
2.418614,0.025909,-0.026566,-0.993637
2.418642,0.025604,-0.025955,-0.993332
2.418671,0.025345,-0.025513,-0.993103
2.418696,0.025146,-0.025238,-0.992966
2.418722,0.025040,-0.025131,-0.992935
2.418747,0.025009,-0.025146,-0.993011
2.418773,0.025040,-0.025253,-0.993164
2.428598,0.025085,-0.025375,-0.993378
2.428717,0.025116,-0.025467,-0.993591
2.428823,0.025116,-0.025528,-0.993774
2.428852,0.025085,-0.025543,-0.993912
2.428914,0.025009,-0.025528,-0.994003
2.428976,0.024902,-0.025528,-0.994049
2.429002,0.024750,-0.025543,-0.994080
2.429027,0.024597,-0.025650,-0.994141
2.438611,0.024460,-0.025803,-0.994232
2.438759,0.024353,-0.026016,-0.994354
2.438787,0.024292,-0.026276,-0.994522
2.438812,0.024277,-0.026550,-0.994705
2.438836,0.024307,-0.026825,-0.994934
2.438860,0.024368,-0.027100,-0.995163
2.438883,0.024475,-0.027390,-0.995377
2.438907,0.024612,-0.027679,-0.995575
2.449137,0.024780,-0.027985,-0.995758
2.449265,0.025009,-0.028290,-0.995926
2.449295,0.025269,-0.028580,-0.996078
2.449321,0.025513,-0.028824,-0.996185
2.449347,0.025696,-0.029022,-0.996262
2.449372,0.025772,-0.029129,-0.996246
2.449395,0.025757,-0.029190,-0.996170
2.449418,0.025620,-0.029205,-0.995987
2.459015,0.025391,-0.029205,-0.995728
2.459141,0.025131,-0.029175,-0.995422
2.459171,0.024887,-0.029099,-0.995132
2.459198,0.024689,-0.029007,-0.994904
2.459224,0.024582,-0.028900,-0.994766
2.459250,0.024582,-0.028763,-0.994736
2.459275,0.024689,-0.028595,-0.994812
2.459298,0.024872,-0.028412,-0.994980
2.468668,0.025131,-0.028198,-0.995178
2.468784,0.025391,-0.027939,-0.995361
2.468813,0.025620,-0.027634,-0.995499
2.468847,0.025772,-0.027283,-0.995560
2.468873,0.025818,-0.026871,-0.995514
2.468898,0.025681,-0.026398,-0.995361
2.468924,0.025375,-0.025894,-0.995071
2.468949,0.024902,-0.025375,-0.994644
2.479198,0.024292,-0.024826,-0.994095
2.479316,0.023560,-0.024307,-0.993469
2.479347,0.022797,-0.023819,-0.992798
2.479375,0.022018,-0.023407,-0.992142
2.479399,0.021286,-0.023117,-0.991562
2.479426,0.020660,-0.022964,-0.991150
2.479449,0.020172,-0.022934,-0.990906
2.479473,0.019882,-0.023041,-0.990875
2.488799,0.019791,-0.023285,-0.991074
2.488973,0.019913,-0.023666,-0.991501
2.489002,0.020264,-0.024139,-0.992126
2.489105,0.020813,-0.024673,-0.992935
2.489134,0.021530,-0.025238,-0.993912
2.489158,0.022385,-0.025772,-0.994995
2.489182,0.023300,-0.026276,-0.996109
2.489207,0.024246,-0.026718,-0.997192
2.499983,0.025162,-0.027069,-0.998154
2.500104,0.025955,-0.027359,-0.998962
2.500142,0.026611,-0.027588,-0.999527
2.500169,0.027100,-0.027786,-0.999817
2.500194,0.027359,-0.027954,-0.999786
2.500218,0.027390,-0.028152,-0.999451
2.500244,0.027206,-0.028381,-0.998856
2.500268,0.026810,-0.028625,-0.998032
2.508865,0.026276,-0.028900,-0.997040
2.509210,0.025635,-0.029221,-0.995956
2.509250,0.024979,-0.029617,-0.994843
2.509277,0.024368,-0.030029,-0.993774
2.509303,0.023834,-0.030441,-0.992783
2.509327,0.023438,-0.030838,-0.991898
2.509395,0.023193,-0.031143,-0.991180
2.509421,0.023132,-0.031342,-0.990631
2.521612,0.023254,-0.031372,-0.990265
2.521703,0.023560,-0.031281,-0.990082
2.521719,0.024048,-0.031097,-0.990082
2.521732,0.024704,-0.030975,-0.990265
2.521743,0.025543,-0.031052,-0.990631
2.521754,0.026596,-0.031403,-0.991226
2.521764,0.027802,-0.031967,-0.992050
2.521773,0.029099,-0.032608,-0.993134
2.528791,0.030365,-0.033112,-0.994461
2.528877,0.031464,-0.033279,-0.995956
2.528895,0.032242,-0.032959,-0.997513
2.528909,0.032578,-0.032074,-0.999008
2.528922,0.032425,-0.030624,-1.000336
2.528933,0.031784,-0.028717,-1.001343
2.528943,0.030716,-0.026505,-1.001999
2.528954,0.029297,-0.024216,-1.002243
2.541959,0.027634,-0.022079,-1.002075
2.542270,0.025864,-0.020279,-1.001480
2.542307,0.024139,-0.019012,-1.000504
2.542359,0.022537,-0.018448,-0.999222
2.542389,0.021133,-0.018616,-0.997787
2.542437,0.019974,-0.019455,-0.996353
2.542489,0.019012,-0.020767,-0.995071
2.542689,0.018234,-0.022324,-0.994095
2.548906,0.017624,-0.023849,-0.993484
2.549013,0.017151,-0.025131,-0.993271
2.549043,0.016815,-0.026031,-0.993423
2.549068,0.016602,-0.026474,-0.993851
2.549093,0.016479,-0.026443,-0.994431
2.549119,0.016449,-0.026001,-0.995041
2.549215,0.016479,-0.025223,-0.995575
2.549316,0.016571,-0.024200,-0.995911
2.558948,0.016724,-0.023026,-0.996033
2.559055,0.016937,-0.021805,-0.995941
2.559092,0.017227,-0.020599,-0.995712
2.559120,0.017593,-0.019531,-0.995392
2.559146,0.018036,-0.018707,-0.995071
2.559171,0.018585,-0.018204,-0.994797
2.559197,0.019257,-0.018112,-0.994675
2.559222,0.020081,-0.018463,-0.994690
2.569058,0.021042,-0.019272,-0.994873
2.569205,0.022110,-0.020493,-0.995148
2.569235,0.023178,-0.022064,-0.995468
2.570532,0.024216,-0.023880,-0.995819
2.570577,0.025146,-0.025803,-0.996140
2.572722,0.025940,-0.027679,-0.996399
2.572804,0.026596,-0.029373,-0.996597
2.572833,0.027115,-0.030746,-0.996750
2.579056,0.027527,-0.031708,-0.996872
2.579192,0.027847,-0.032166,-0.996994
2.579229,0.028091,-0.032104,-0.997131
2.579264,0.028259,-0.031555,-0.997238
2.579305,0.028320,-0.030624,-0.997314
2.579339,0.028259,-0.029419,-0.997284
2.579378,0.028046,-0.028076,-0.997162
2.579410,0.027695,-0.026764,-0.996887
2.589142,0.027237,-0.025589,-0.996460
2.589269,0.026688,-0.024658,-0.995895
2.589307,0.026093,-0.024017,-0.995193
2.589341,0.025467,-0.023697,-0.994370
2.589372,0.024826,-0.023697,-0.993454
2.589401,0.024216,-0.023941,-0.992508
2.589430,0.023651,-0.024368,-0.991577
2.589483,0.023163,-0.024918,-0.990784
2.599145,0.022736,-0.025513,-0.990173
2.599263,0.022400,-0.026138,-0.989822
2.599296,0.022171,-0.026718,-0.989746
2.599324,0.022034,-0.027237,-0.989975
2.599358,0.022018,-0.027664,-0.990479
2.599384,0.022079,-0.027985,-0.991211
2.599409,0.022263,-0.028168,-0.992050
2.599433,0.022522,-0.028244,-0.992966
2.609174,0.022842,-0.028198,-0.993851
2.609416,0.023209,-0.028046,-0.994675
2.609454,0.023590,-0.027817,-0.995392
2.609496,0.023926,-0.027588,-0.995972
2.609532,0.024216,-0.027374,-0.996414
2.609559,0.024460,-0.027237,-0.996765
2.609585,0.024658,-0.027206,-0.996994
2.609610,0.024796,-0.027252,-0.997131
2.619150,0.024918,-0.027374,-0.997162
2.619233,0.025009,-0.027557,-0.997116
2.620549,0.025070,-0.027771,-0.996994
2.620656,0.025131,-0.028000,-0.996811
2.620684,0.025146,-0.028229,-0.996597
2.620710,0.025177,-0.028412,-0.996384
2.620843,0.025208,-0.028580,-0.996216
2.620882,0.025284,-0.028687,-0.996094
2.629182,0.025391,-0.028732,-0.996048
2.629295,0.025543,-0.028671,-0.996094
2.629324,0.025696,-0.028503,-0.996201
2.629350,0.025848,-0.028244,-0.996368
2.629381,0.025970,-0.027878,-0.996567
2.629417,0.026016,-0.027451,-0.996765
2.629444,0.025970,-0.027023,-0.996933
2.629469,0.025818,-0.026657,-0.997025
2.639291,0.025558,-0.026382,-0.996979
2.639420,0.025208,-0.026245,-0.996796
2.639456,0.024765,-0.026276,-0.996475
2.639487,0.024277,-0.026413,-0.996048
2.639526,0.023758,-0.026627,-0.995544
2.639557,0.023270,-0.026886,-0.995010
2.639588,0.022873,-0.027161,-0.994476
2.639618,0.022583,-0.027374,-0.993988
2.649665,0.022415,-0.027542,-0.993591
2.649787,0.022385,-0.027634,-0.993271
2.649817,0.022461,-0.027679,-0.993042
2.649843,0.022614,-0.027695,-0.992905
2.649869,0.022842,-0.027695,-0.992813
2.650062,0.023117,-0.027679,-0.992798
2.650089,0.023438,-0.027649,-0.992828
2.650114,0.023804,-0.027588,-0.992935
2.659453,0.024185,-0.027512,-0.993118
2.659567,0.024582,-0.027374,-0.993378
2.659596,0.024963,-0.027206,-0.993698
2.659621,0.025314,-0.027008,-0.994080
2.659649,0.025604,-0.026825,-0.994492
2.659675,0.025848,-0.026672,-0.994904
2.659765,0.026001,-0.026581,-0.995316
2.659800,0.026077,-0.026550,-0.995697
2.670663,0.026062,-0.026596,-0.996017
2.670786,0.025970,-0.026718,-0.996262
2.670843,0.025833,-0.026886,-0.996445
2.670872,0.025635,-0.027054,-0.996567
2.670898,0.025391,-0.027222,-0.996613
2.670922,0.025116,-0.027359,-0.996582
2.670948,0.024811,-0.027466,-0.996490
2.670973,0.024490,-0.027542,-0.996323
2.679311,0.024170,-0.027588,-0.996078
2.679415,0.023819,-0.027603,-0.995773
2.679445,0.023499,-0.027588,-0.995438
2.679472,0.023193,-0.027512,-0.995117
2.679500,0.022964,-0.027390,-0.994843
2.679527,0.022827,-0.027237,-0.994644
2.679552,0.022797,-0.027069,-0.994507
2.679576,0.022888,-0.026917,-0.994461
2.689661,0.023041,-0.026794,-0.994476
2.689783,0.023254,-0.026703,-0.994522
2.689812,0.023468,-0.026642,-0.994598
2.689840,0.023682,-0.026581,-0.994675
2.689866,0.023865,-0.026535,-0.994781
2.689892,0.024033,-0.026443,-0.994904
2.689917,0.024170,-0.026337,-0.995056
2.689940,0.024307,-0.026184,-0.995239
2.699427,0.024414,-0.026001,-0.995453
2.699547,0.024490,-0.025803,-0.995667
2.699577,0.024506,-0.025604,-0.995865
2.699604,0.024490,-0.025436,-0.996002
2.699630,0.024475,-0.025299,-0.996048
2.699656,0.024460,-0.025208,-0.996002
2.699682,0.024475,-0.025146,-0.995880
2.699707,0.024521,-0.025116,-0.995682
2.709387,0.024597,-0.025085,-0.995438
2.709511,0.024704,-0.025101,-0.995224
2.709547,0.024780,-0.025131,-0.995026
2.709575,0.024811,-0.025238,-0.994888
2.709601,0.024765,-0.025406,-0.994766
2.709624,0.024658,-0.025620,-0.994644
2.709647,0.024475,-0.025848,-0.994553
2.709670,0.024246,-0.026077,-0.994476
2.720472,0.023987,-0.026291,-0.994431
2.720753,0.023743,-0.026474,-0.994415
2.720793,0.023544,-0.026611,-0.994446
2.720818,0.023392,-0.026672,-0.994507
2.720843,0.023285,-0.026672,-0.994583
2.720876,0.023224,-0.026611,-0.994644
2.720902,0.023193,-0.026520,-0.994690
2.720927,0.023163,-0.026428,-0.994675
2.729460,0.023163,-0.026367,-0.994598
2.729583,0.023193,-0.026352,-0.994507
2.729615,0.023270,-0.026413,-0.994415
2.729642,0.023392,-0.026520,-0.994324
2.729667,0.023590,-0.026642,-0.994247
2.729691,0.023804,-0.026764,-0.994202
2.729725,0.024048,-0.026810,-0.994186
2.729750,0.024246,-0.026779,-0.994232
2.741500,0.024414,-0.026657,-0.994308
2.741627,0.024536,-0.026474,-0.994415
2.741658,0.024628,-0.026230,-0.994537
2.741705,0.024673,-0.026001,-0.994659
2.741776,0.024704,-0.025818,-0.994781
2.741800,0.024704,-0.025696,-0.994873
2.742177,0.024719,-0.025604,-0.994919
2.742204,0.024734,-0.025574,-0.994949
2.749538,0.024765,-0.025543,-0.994980
2.749652,0.024796,-0.025543,-0.995010
2.749682,0.024826,-0.025558,-0.995041
2.749716,0.024826,-0.025604,-0.995071
2.749744,0.024796,-0.025665,-0.995087
2.749770,0.024765,-0.025757,-0.995102
2.749794,0.024734,-0.025879,-0.995102
2.749820,0.024704,-0.026031,-0.995102
2.759616,0.024689,-0.026184,-0.995087
2.759768,0.024673,-0.026321,-0.995041
2.759807,0.024689,-0.026443,-0.994965
2.759841,0.024734,-0.026520,-0.994843
2.759869,0.024796,-0.026550,-0.994690
2.759903,0.024872,-0.026550,-0.994522
2.760021,0.024948,-0.026520,-0.994370
2.760075,0.025055,-0.026489,-0.994263
2.770991,0.025146,-0.026489,-0.994217
2.771091,0.025223,-0.026520,-0.994232
2.771111,0.025253,-0.026581,-0.994293
2.771123,0.025253,-0.026642,-0.994400
2.771134,0.025208,-0.026642,-0.994537
2.771145,0.025085,-0.026566,-0.994690
2.771170,0.024918,-0.026428,-0.994858
2.771180,0.024689,-0.026215,-0.995010
2.779499,0.024460,-0.025970,-0.995163
2.779560,0.024246,-0.025742,-0.995300
2.779575,0.024094,-0.025558,-0.995377
2.779587,0.024017,-0.025436,-0.995392
2.779598,0.024017,-0.025391,-0.995346
2.779608,0.024094,-0.025421,-0.995224
2.779618,0.024200,-0.025513,-0.995041
2.779627,0.024323,-0.025650,-0.994812
2.789874,0.024445,-0.025772,-0.994537
2.790841,0.024582,-0.025879,-0.994247
2.790922,0.024734,-0.025986,-0.993958
2.790972,0.024887,-0.026047,-0.993698
2.791022,0.025040,-0.026108,-0.993484
2.791061,0.025162,-0.026169,-0.993347
2.791109,0.025253,-0.026245,-0.993317
2.791158,0.025330,-0.026337,-0.993362
2.799850,0.025345,-0.026428,-0.993484
2.799968,0.025299,-0.026520,-0.993698
2.799999,0.025177,-0.026596,-0.993988
2.800027,0.025009,-0.026657,-0.994339
2.800054,0.024780,-0.026718,-0.994720
2.800080,0.024521,-0.026764,-0.995102
2.800105,0.024261,-0.026810,-0.995422
2.800131,0.024017,-0.026871,-0.995697
2.809632,0.023819,-0.026917,-0.995865
2.809707,0.023682,-0.026978,-0.995956
2.809725,0.023636,-0.027023,-0.995972
2.809737,0.023666,-0.027084,-0.995941
2.809819,0.023773,-0.027145,-0.995880
2.809848,0.023911,-0.027206,-0.995804
2.809862,0.024078,-0.027222,-0.995758
2.809874,0.024231,-0.027222,-0.995728
2.821467,0.024338,-0.027206,-0.995712
2.821692,0.024384,-0.027176,-0.995743
2.821725,0.024353,-0.027161,-0.995789
2.821754,0.024292,-0.027130,-0.995850
2.821783,0.024216,-0.027115,-0.995911
2.821809,0.024170,-0.027084,-0.995956
2.821889,0.024200,-0.027023,-0.995972
2.821931,0.024323,-0.026901,-0.995926
2.829711,0.024536,-0.026749,-0.995819
2.829856,0.024796,-0.026550,-0.995621
2.829896,0.025070,-0.026321,-0.995377
2.829926,0.025330,-0.026123,-0.995087
2.829953,0.025543,-0.025970,-0.994812
2.829981,0.025696,-0.025879,-0.994598
2.830014,0.025772,-0.025848,-0.994461
2.830048,0.025772,-0.025864,-0.994400
2.839830,0.025665,-0.025940,-0.994415
2.844093,0.025482,-0.026062,-0.994476
2.844225,0.025253,-0.026215,-0.994553
2.844256,0.024994,-0.026382,-0.994629
2.844292,0.024719,-0.026566,-0.994675
2.844320,0.024460,-0.026733,-0.994675
2.844348,0.024261,-0.026855,-0.994629
2.844381,0.024139,-0.026932,-0.994553
2.849792,0.024094,-0.026932,-0.994461
2.849901,0.024170,-0.026825,-0.994354
2.849939,0.024323,-0.026642,-0.994278
2.849968,0.024536,-0.026382,-0.994217
2.850003,0.024750,-0.026108,-0.994171
2.850031,0.024963,-0.025879,-0.994141
2.850058,0.025116,-0.025711,-0.994125
2.850082,0.025223,-0.025635,-0.994110
2.859796,0.025269,-0.025650,-0.994110
2.860043,0.025269,-0.025742,-0.994156
2.860075,0.025238,-0.025894,-0.994217
2.860110,0.025146,-0.026077,-0.994308
2.860137,0.025024,-0.026260,-0.994431
2.860162,0.024887,-0.026443,-0.994583
2.860185,0.024719,-0.026596,-0.994751
2.860218,0.024567,-0.026718,-0.994919
2.870503,0.024429,-0.026825,-0.995071
2.870784,0.024307,-0.026917,-0.995193
2.870822,0.024246,-0.026993,-0.995285
2.870851,0.024216,-0.027023,-0.995346
2.871040,0.024216,-0.027008,-0.995361
2.871241,0.024277,-0.026978,-0.995361
2.871282,0.024384,-0.026932,-0.995316
2.871326,0.024506,-0.026855,-0.995255
2.879893,0.024643,-0.026794,-0.995148
2.880032,0.024796,-0.026733,-0.995041
2.880072,0.024918,-0.026718,-0.994888
2.880107,0.025040,-0.026764,-0.994720
2.880143,0.025146,-0.026871,-0.994522
2.880169,0.025238,-0.027039,-0.994293
2.880205,0.025299,-0.027237,-0.994064
2.880231,0.025314,-0.027390,-0.993866
2.891390,0.025284,-0.027496,-0.993729
2.892254,0.025177,-0.027542,-0.993668
2.892340,0.024994,-0.027542,-0.993683
2.892385,0.024765,-0.027527,-0.993805
2.892413,0.024506,-0.027512,-0.994003
2.892440,0.024231,-0.027527,-0.994217
2.892473,0.023987,-0.027557,-0.994415
2.892506,0.023788,-0.027603,-0.994583
2.900039,0.023682,-0.027634,-0.994705
2.900158,0.023682,-0.027634,-0.994766
2.900186,0.023804,-0.027603,-0.994797
2.900231,0.023987,-0.027512,-0.994797
2.900258,0.024216,-0.027359,-0.994797
2.900285,0.024445,-0.027161,-0.994797
2.900309,0.024658,-0.026917,-0.994812
2.900334,0.024841,-0.026688,-0.994827
2.910144,0.024963,-0.026489,-0.994843
2.910356,0.025009,-0.026321,-0.994888
2.910509,0.024963,-0.026215,-0.994965
2.910554,0.024841,-0.026138,-0.995087
2.910590,0.024658,-0.026123,-0.995239
2.910624,0.024445,-0.026138,-0.995407
2.910659,0.024231,-0.026215,-0.995544
2.910693,0.024048,-0.026321,-0.995621
2.921002,0.023926,-0.026489,-0.995636
2.921174,0.023880,-0.026672,-0.995590
2.921222,0.023895,-0.026901,-0.995514
2.921253,0.023956,-0.027130,-0.995422
2.921288,0.024078,-0.027374,-0.995346
2.921322,0.024216,-0.027557,-0.995316
2.921356,0.024338,-0.027695,-0.995331
2.921391,0.024445,-0.027771,-0.995407
2.930051,0.024506,-0.027786,-0.995514
2.930171,0.024490,-0.027740,-0.995651
2.930202,0.024414,-0.027664,-0.995789
2.930228,0.024292,-0.027603,-0.995880
2.930253,0.024155,-0.027542,-0.995941
2.930285,0.024048,-0.027527,-0.995956
2.930311,0.024002,-0.027512,-0.995926
2.930336,0.024017,-0.027496,-0.995834
2.941237,0.024094,-0.027451,-0.995697
2.942046,0.024216,-0.027344,-0.995514
2.942125,0.024323,-0.027161,-0.995316
2.942159,0.024429,-0.026901,-0.995087
2.942191,0.024490,-0.026581,-0.994858
2.942220,0.024521,-0.026230,-0.994659
2.942250,0.024506,-0.025894,-0.994461
2.942278,0.024475,-0.025589,-0.994308
2.950273,0.024414,-0.025360,-0.994186
2.950389,0.024353,-0.025238,-0.994110
2.950420,0.024292,-0.025208,-0.994080
2.950447,0.024246,-0.025269,-0.994080
2.950474,0.024200,-0.025406,-0.994125
2.950501,0.024139,-0.025574,-0.994217
2.950527,0.024094,-0.025757,-0.994339
2.950968,0.024033,-0.025925,-0.994522
2.960344,0.024002,-0.026093,-0.994751
2.960578,0.023987,-0.026199,-0.995041
2.960631,0.024017,-0.026291,-0.995377
2.960672,0.024063,-0.026352,-0.995743
2.960713,0.024139,-0.026382,-0.996078
2.960753,0.024231,-0.026398,-0.996323
2.960800,0.024307,-0.026398,-0.996429
2.960832,0.024338,-0.026367,-0.996399
2.970554,0.024292,-0.026321,-0.996262
2.970831,0.024216,-0.026276,-0.996033
2.970883,0.024094,-0.026260,-0.995773
2.970913,0.023987,-0.026245,-0.995483
2.970937,0.023911,-0.026230,-0.995178
2.970961,0.023911,-0.026199,-0.994888
2.970996,0.023956,-0.026154,-0.994598
2.971021,0.024033,-0.026108,-0.994308
2.980216,0.024170,-0.026077,-0.994049
2.980358,0.024323,-0.026093,-0.993820
2.980402,0.024460,-0.026215,-0.993622
2.980443,0.024567,-0.026428,-0.993469
2.980483,0.024612,-0.026749,-0.993378
2.980524,0.024582,-0.027100,-0.993362
2.980563,0.024490,-0.027451,-0.993408
2.980609,0.024368,-0.027725,-0.993500
2.991979,0.024246,-0.027878,-0.993622
2.992800,0.024139,-0.027908,-0.993790
2.992847,0.024094,-0.027802,-0.993942
2.992876,0.024094,-0.027603,-0.994095
2.992905,0.024170,-0.027328,-0.994202
2.992931,0.024323,-0.027039,-0.994293
2.993783,0.024506,-0.026764,-0.994354
2.993872,0.024719,-0.026535,-0.994400
3.000249,0.024918,-0.026367,-0.994446
3.000379,0.025070,-0.026276,-0.994492
3.000419,0.025177,-0.026199,-0.994583
3.000455,0.025208,-0.026138,-0.994720
3.000490,0.025146,-0.026093,-0.994888
3.000524,0.025040,-0.026031,-0.995071
3.000551,0.024887,-0.025970,-0.995239
3.000587,0.024719,-0.025940,-0.995377
3.010614,0.024521,-0.025940,-0.995453
3.010777,0.024323,-0.025986,-0.995483
3.010816,0.024124,-0.026093,-0.995499
3.011700,0.024002,-0.026230,-0.995468
3.011755,0.023972,-0.026398,-0.995422
3.011807,0.024033,-0.026566,-0.995361
3.011957,0.024170,-0.026733,-0.995285
3.011992,0.024368,-0.026871,-0.995193
3.023576,0.024597,-0.026993,-0.995102
3.023663,0.024857,-0.027115,-0.995041
3.023679,0.025085,-0.027206,-0.994995
3.023692,0.025284,-0.027237,-0.994980
3.023704,0.025452,-0.027222,-0.994995
3.023716,0.025558,-0.027161,-0.995010
3.023726,0.025620,-0.027054,-0.995041
3.023737,0.025635,-0.026917,-0.995056
3.030282,0.025574,-0.026733,-0.995071
3.030342,0.025421,-0.026535,-0.995056
3.030357,0.025192,-0.026337,-0.995010
3.030369,0.024918,-0.026184,-0.994919
3.030418,0.024612,-0.026077,-0.994766
3.030430,0.024323,-0.026047,-0.994583
3.030440,0.024124,-0.026077,-0.994400
3.030463,0.024017,-0.026154,-0.994232
3.043000,0.024017,-0.026276,-0.994095
3.043094,0.024139,-0.026413,-0.993988
3.043137,0.024338,-0.026550,-0.993958
3.043184,0.024582,-0.026657,-0.993973
3.043199,0.024811,-0.026749,-0.994034
3.043210,0.025009,-0.026810,-0.994110
3.043221,0.025131,-0.026840,-0.994186
3.043288,0.025192,-0.026855,-0.994217
3.050385,0.025177,-0.026855,-0.994202
3.050442,0.025146,-0.026810,-0.994156
3.050456,0.025131,-0.026764,-0.994095
3.050468,0.025116,-0.026718,-0.994003
3.050479,0.025131,-0.026672,-0.993912
3.050490,0.025146,-0.026642,-0.993835
3.050501,0.025146,-0.026627,-0.993805
3.050511,0.025085,-0.026611,-0.993805
3.060418,0.024979,-0.026596,-0.993866
3.060484,0.024811,-0.026596,-0.993942
3.060499,0.024612,-0.026596,-0.994019
3.060510,0.024429,-0.026596,-0.994064
3.060520,0.024277,-0.026596,-0.994080
3.060530,0.024185,-0.026596,-0.994064
3.060540,0.024155,-0.026566,-0.994034
3.060550,0.024170,-0.026520,-0.994003
3.071394,0.024231,-0.026459,-0.993973
3.071944,0.024323,-0.026367,-0.993942
3.071976,0.024414,-0.026276,-0.993927
3.072004,0.024521,-0.026199,-0.993942
3.072031,0.024628,-0.026138,-0.993988
3.072058,0.024750,-0.026138,-0.994064
3.072094,0.024857,-0.026199,-0.994156
3.072121,0.024948,-0.026306,-0.994232
3.080600,0.025009,-0.026413,-0.994324
3.080712,0.025024,-0.026520,-0.994415
3.080744,0.025009,-0.026581,-0.994522
3.080817,0.024963,-0.026627,-0.994644
3.080848,0.024902,-0.026642,-0.994812
3.080871,0.024826,-0.026657,-0.994995
3.080896,0.024750,-0.026688,-0.995193
3.080921,0.024658,-0.026718,-0.995392
3.091660,0.024612,-0.026779,-0.995560
3.092585,0.024612,-0.026855,-0.995712
3.092625,0.024673,-0.026932,-0.995850
3.092661,0.024765,-0.026978,-0.995956
3.092697,0.024857,-0.026993,-0.996017
3.092731,0.024948,-0.026993,-0.996033
3.092765,0.024994,-0.026947,-0.996002
3.092800,0.025009,-0.026871,-0.995895
3.100550,0.025009,-0.026810,-0.995773
3.100681,0.025024,-0.026764,-0.995621
3.100742,0.025040,-0.026764,-0.995453
3.100772,0.025101,-0.026749,-0.995285
3.100799,0.025162,-0.026733,-0.995178
3.100827,0.025223,-0.026703,-0.995132
3.100853,0.025269,-0.026657,-0.995148
3.100879,0.025269,-0.026596,-0.995224
3.110651,0.025208,-0.026535,-0.995331
3.110787,0.025085,-0.026505,-0.995422
3.110826,0.024933,-0.026535,-0.995499
3.110863,0.024780,-0.026642,-0.995514
3.110899,0.024643,-0.026810,-0.995483
3.111552,0.024536,-0.027008,-0.995392
3.111621,0.024460,-0.027176,-0.995255
3.111663,0.024429,-0.027313,-0.995087
3.120969,0.024414,-0.027405,-0.994919
3.121491,0.024445,-0.027451,-0.994751
3.121645,0.024490,-0.027420,-0.994614
3.121678,0.024551,-0.027344,-0.994507
3.121705,0.024643,-0.027237,-0.994461
3.121731,0.024704,-0.027100,-0.994461
3.121754,0.024750,-0.026932,-0.994492
3.121780,0.024750,-0.026779,-0.994568
3.130567,0.024719,-0.026627,-0.994644
3.130625,0.024628,-0.026520,-0.994705
3.130640,0.024536,-0.026428,-0.994781
3.130652,0.024429,-0.026382,-0.994843
3.130663,0.024323,-0.026337,-0.994919
3.130674,0.024231,-0.026337,-0.994980
3.130685,0.024139,-0.026352,-0.995041
3.130694,0.024063,-0.026398,-0.995071
3.140806,0.024002,-0.026474,-0.995102
3.140926,0.023987,-0.026581,-0.995117
3.140955,0.024002,-0.026688,-0.995117
3.140980,0.024063,-0.026749,-0.995132
3.141005,0.024170,-0.026779,-0.995163
3.141038,0.024307,-0.026733,-0.995209
3.141064,0.024490,-0.026657,-0.995270
3.141088,0.024704,-0.026535,-0.995346
3.150709,0.024902,-0.026382,-0.995407
3.150790,0.025070,-0.026245,-0.995453
3.150823,0.025162,-0.026154,-0.995453
3.150848,0.025192,-0.026093,-0.995422
3.150873,0.025146,-0.026093,-0.995331
3.150900,0.025070,-0.026123,-0.995193
3.150926,0.024963,-0.026169,-0.995056
3.150949,0.024872,-0.026215,-0.994949
3.160777,0.024796,-0.026260,-0.994888
3.160880,0.024719,-0.026306,-0.994827
3.160907,0.024658,-0.026352,-0.994781
3.161429,0.024567,-0.026428,-0.994690
3.161463,0.024475,-0.026520,-0.994553
3.161580,0.024353,-0.026627,-0.994400
3.161610,0.024216,-0.026749,-0.994247
3.161718,0.024078,-0.026825,-0.994125
3.170899,0.023972,-0.026871,-0.994064
3.171056,0.023941,-0.026871,-0.994064
3.171097,0.023972,-0.026794,-0.994110
3.171173,0.024078,-0.026688,-0.994202
3.171220,0.024231,-0.026550,-0.994278
3.171255,0.024399,-0.026428,-0.994339
3.171286,0.024536,-0.026321,-0.994370
3.171317,0.024628,-0.026230,-0.994400
3.180825,0.024628,-0.026199,-0.994400
3.180981,0.024536,-0.026199,-0.994415
3.181011,0.024368,-0.026215,-0.994400
3.181038,0.024139,-0.026245,-0.994400
3.181066,0.023911,-0.026276,-0.994400
3.181091,0.023727,-0.026337,-0.994431
3.181115,0.023621,-0.026428,-0.994492
3.181141,0.023590,-0.026566,-0.994614
3.192038,0.023651,-0.026733,-0.994766
3.192768,0.023773,-0.026901,-0.994949
3.192882,0.023941,-0.027039,-0.995163
3.192914,0.024124,-0.027161,-0.995346
3.192980,0.024292,-0.027252,-0.995499
3.193008,0.024414,-0.027313,-0.995590
3.193303,0.024506,-0.027359,-0.995621
3.193329,0.024536,-0.027374,-0.995605
3.200956,0.024506,-0.027374,-0.995560
3.201088,0.024445,-0.027344,-0.995514
3.201200,0.024353,-0.027298,-0.995438
3.201231,0.024246,-0.027237,-0.995316
3.201256,0.024155,-0.027161,-0.995163
3.201283,0.024078,-0.027084,-0.994995
3.201307,0.024033,-0.026978,-0.994827
3.201330,0.024063,-0.026840,-0.994705
3.210912,0.024094,-0.026688,-0.994644
3.212497,0.024139,-0.026520,-0.994644
3.212527,0.024155,-0.026382,-0.994705
3.212556,0.024155,-0.026276,-0.994781
3.212582,0.024124,-0.026215,-0.994858
3.212606,0.024109,-0.026199,-0.994904
3.212632,0.024139,-0.026215,-0.994934
3.212657,0.024216,-0.026276,-0.994934
3.220907,0.024338,-0.026337,-0.994934
3.221017,0.024475,-0.026367,-0.994949
3.221046,0.024628,-0.026398,-0.994980
3.221072,0.024780,-0.026413,-0.995026
3.221098,0.024902,-0.026413,-0.995071
3.221128,0.025009,-0.026413,-0.995132
3.221153,0.025055,-0.026428,-0.995209
3.221181,0.025055,-0.026459,-0.995255
3.231030,0.025009,-0.026520,-0.995255
3.231445,0.024933,-0.026596,-0.995224
3.231478,0.024826,-0.026627,-0.995117
3.231529,0.024689,-0.026627,-0.994980
3.231556,0.024521,-0.026566,-0.994827
3.231580,0.024323,-0.026474,-0.994705
3.231605,0.024109,-0.026382,-0.994614
3.231631,0.023895,-0.026306,-0.994583
3.241600,0.023727,-0.026260,-0.994614
3.241959,0.023636,-0.026291,-0.994690
3.242000,0.023621,-0.026352,-0.994797
3.242088,0.023697,-0.026459,-0.994934
3.242741,0.023849,-0.026550,-0.995087
3.242799,0.024063,-0.026611,-0.995193
3.242831,0.024277,-0.026627,-0.995255
3.242861,0.024475,-0.026596,-0.995239
3.250921,0.024643,-0.026566,-0.995117
3.250982,0.024765,-0.026520,-0.994949
3.250997,0.024826,-0.026489,-0.994751
3.251010,0.024826,-0.026505,-0.994568
3.251020,0.024796,-0.026505,-0.994446
3.251030,0.024719,-0.026535,-0.994385
3.251040,0.024643,-0.026550,-0.994385
3.251050,0.024567,-0.026566,-0.994446
3.261755,0.024506,-0.026535,-0.994553
3.262118,0.024475,-0.026489,-0.994675
3.262164,0.024460,-0.026413,-0.994797
3.262239,0.024475,-0.026337,-0.994873
3.262269,0.024506,-0.026306,-0.994919
3.262297,0.024536,-0.026352,-0.994949
3.262537,0.024582,-0.026489,-0.994949
3.262570,0.024597,-0.026703,-0.994934
3.272591,0.024612,-0.026947,-0.994888
3.272785,0.024612,-0.027191,-0.994843
3.272845,0.024582,-0.027374,-0.994781
3.272874,0.024536,-0.027481,-0.994720
3.272909,0.024490,-0.027496,-0.994690
3.273008,0.024445,-0.027451,-0.994659
3.273041,0.024368,-0.027405,-0.994659
3.273054,0.024307,-0.027359,-0.994690
3.281049,0.024246,-0.027328,-0.994751
3.281104,0.024216,-0.027344,-0.994843
3.281118,0.024185,-0.027374,-0.994919
3.281151,0.024170,-0.027374,-0.994980
3.281168,0.024185,-0.027344,-0.995041
3.281180,0.024216,-0.027237,-0.995102
3.281207,0.024261,-0.027039,-0.995178
3.281218,0.024323,-0.026794,-0.995239
3.292899,0.024384,-0.026520,-0.995285
3.294047,0.024399,-0.026230,-0.995316
3.294127,0.024384,-0.025986,-0.995346
3.294159,0.024323,-0.025818,-0.995361
3.294187,0.024216,-0.025726,-0.995361
3.294214,0.024094,-0.025711,-0.995377
3.294241,0.024002,-0.025742,-0.995377
3.294266,0.023972,-0.025818,-0.995361
3.301409,0.023972,-0.025879,-0.995361
3.301537,0.024017,-0.025925,-0.995377
3.301567,0.024094,-0.025940,-0.995392
3.301645,0.024170,-0.025955,-0.995392
3.301716,0.024246,-0.025970,-0.995392
3.301746,0.024307,-0.026001,-0.995361
3.301775,0.024368,-0.026031,-0.995285
3.301810,0.024429,-0.026093,-0.995178
3.311550,0.024475,-0.026154,-0.995071
3.311683,0.024536,-0.026215,-0.994949
3.311769,0.024582,-0.026260,-0.994843
3.311811,0.024612,-0.026306,-0.994751
3.311839,0.024612,-0.026337,-0.994675
3.311865,0.024582,-0.026382,-0.994598
3.311893,0.024551,-0.026443,-0.994492
3.311919,0.024521,-0.026520,-0.994370
3.321281,0.024506,-0.026566,-0.994202
3.321421,0.024521,-0.026596,-0.994019
3.321461,0.024536,-0.026596,-0.993805
3.321496,0.024567,-0.026535,-0.993607
3.321531,0.024597,-0.026443,-0.993408
3.321572,0.024612,-0.026367,-0.993240
3.321606,0.024597,-0.026321,-0.993103
3.321639,0.024582,-0.026291,-0.993011
3.331285,0.024567,-0.026321,-0.992935
3.331463,0.024567,-0.026352,-0.992905
3.331496,0.024582,-0.026382,-0.992905
3.331524,0.024597,-0.026352,-0.992935
3.331552,0.024612,-0.026291,-0.992981
3.331577,0.024658,-0.026169,-0.993027
3.331604,0.024704,-0.026001,-0.993103
3.331631,0.024750,-0.025818,-0.993179
3.341822,0.024765,-0.025665,-0.993240
3.342035,0.024734,-0.025574,-0.993317
3.342211,0.024643,-0.025558,-0.993378
3.342243,0.024536,-0.025604,-0.993454
3.342271,0.024399,-0.025696,-0.993561
3.342299,0.024277,-0.025833,-0.993683
3.342324,0.024155,-0.025970,-0.993866
3.342349,0.024063,-0.026093,-0.994095
3.351474,0.024017,-0.026199,-0.994339
3.351669,0.024033,-0.026276,-0.994598
3.351709,0.024094,-0.026337,-0.994873
3.351744,0.024170,-0.026413,-0.995102
3.351772,0.024261,-0.026505,-0.995270
3.351799,0.024368,-0.026627,-0.995346
3.351833,0.024460,-0.026779,-0.995331
3.351868,0.024536,-0.026947,-0.995270
3.362343,0.024628,-0.027100,-0.995193
3.362595,0.024704,-0.027206,-0.995132
3.362644,0.024765,-0.027252,-0.995102
3.362673,0.024796,-0.027237,-0.995117
3.362709,0.024780,-0.027161,-0.995178
3.362737,0.024734,-0.027039,-0.995255
3.362763,0.024643,-0.026917,-0.995346
3.362789,0.024506,-0.026794,-0.995392
3.371407,0.024353,-0.026657,-0.995377
3.371733,0.024216,-0.026550,-0.995285
3.371776,0.024109,-0.026474,-0.995132
3.371813,0.024048,-0.026443,-0.994949
3.371840,0.024033,-0.026443,-0.994781
3.371875,0.024063,-0.026489,-0.994629
3.371901,0.024124,-0.026596,-0.994522
3.371935,0.024200,-0.026703,-0.994461
3.381485,0.024292,-0.026825,-0.994461
3.381620,0.024414,-0.026947,-0.994507
3.381666,0.024582,-0.027069,-0.994598
3.381750,0.024765,-0.027161,-0.994705
3.381785,0.024979,-0.027237,-0.994827
3.382258,0.025162,-0.027298,-0.994949
3.382288,0.025330,-0.027328,-0.995071
3.382323,0.025421,-0.027328,-0.995178
3.391691,0.025452,-0.027298,-0.995255
3.392646,0.025406,-0.027252,-0.995300
3.392686,0.025314,-0.027206,-0.995316
3.392714,0.025177,-0.027176,-0.995300
3.392750,0.025040,-0.027176,-0.995270
3.392965,0.024918,-0.027191,-0.995239
3.393001,0.024826,-0.027206,-0.995239
3.393372,0.024765,-0.027206,-0.995270
3.401514,0.024750,-0.027191,-0.995331
3.401662,0.024734,-0.027145,-0.995392
3.401695,0.024704,-0.027054,-0.995422
3.401723,0.024658,-0.026947,-0.995407
3.401750,0.024597,-0.026810,-0.995361
3.401776,0.024551,-0.026688,-0.995270
3.401805,0.024506,-0.026581,-0.995178
3.401832,0.024490,-0.026489,-0.995056
3.411538,0.024506,-0.026413,-0.994949
3.411647,0.024521,-0.026367,-0.994873
3.411680,0.024551,-0.026352,-0.994843
3.411708,0.024582,-0.026337,-0.994873
3.411735,0.024612,-0.026321,-0.994904
3.411776,0.024658,-0.026337,-0.994949
3.411802,0.024673,-0.026367,-0.994965
3.411841,0.024704,-0.026413,-0.994934
3.421571,0.024734,-0.026489,-0.994843
3.421684,0.024765,-0.026581,-0.994705
3.421715,0.024796,-0.026688,-0.994537
3.421740,0.024826,-0.026794,-0.994339
3.421765,0.024857,-0.026871,-0.994141
3.421796,0.024872,-0.026901,-0.993958
3.421823,0.024902,-0.026886,-0.993805
3.421848,0.024933,-0.026855,-0.993683
3.431547,0.025009,-0.026794,-0.993622
3.431662,0.025101,-0.026749,-0.993622
3.431699,0.025208,-0.026688,-0.993683
3.431745,0.025284,-0.026611,-0.993790
3.431870,0.025345,-0.026520,-0.993958
3.432259,0.025391,-0.026382,-0.994156
3.432291,0.025406,-0.026215,-0.994324
3.432317,0.025391,-0.026031,-0.994446
3.441733,0.025345,-0.025879,-0.994507
3.442467,0.025314,-0.025787,-0.994507
3.442524,0.025284,-0.025787,-0.994461
3.442561,0.025284,-0.025879,-0.994400
3.442597,0.025284,-0.026047,-0.994370
3.442632,0.025269,-0.026260,-0.994370
3.442658,0.025223,-0.026505,-0.994415
3.442683,0.025116,-0.026749,-0.994476
3.451703,0.024979,-0.026962,-0.994568
3.451855,0.024796,-0.027130,-0.994644
3.451894,0.024597,-0.027283,-0.994720
3.451937,0.024399,-0.027405,-0.994781
3.451971,0.024200,-0.027527,-0.994797
3.452006,0.024017,-0.027634,-0.994781
3.452033,0.023880,-0.027725,-0.994751
3.452067,0.023819,-0.027802,-0.994690
3.461665,0.023804,-0.027817,-0.994629
3.461964,0.023849,-0.027771,-0.994553
3.462001,0.023941,-0.027649,-0.994507
3.462028,0.024078,-0.027466,-0.994476
3.462054,0.024261,-0.027237,-0.994492
3.462077,0.024460,-0.026993,-0.994537
3.462212,0.024658,-0.026779,-0.994583
3.462243,0.024857,-0.026611,-0.994629
3.471728,0.024994,-0.026520,-0.994659
3.471857,0.025070,-0.026459,-0.994659
3.471896,0.025055,-0.026459,-0.994629
3.471939,0.025009,-0.026459,-0.994583
3.471967,0.024902,-0.026459,-0.994492
3.472002,0.024796,-0.026443,-0.994385
3.472044,0.024673,-0.026428,-0.994263
3.472076,0.024582,-0.026413,-0.994141
3.482467,0.024506,-0.026398,-0.994049
3.482620,0.024445,-0.026382,-0.993973
3.482659,0.024399,-0.026367,-0.993927
3.482695,0.024353,-0.026367,-0.993912
3.482730,0.024277,-0.026352,-0.993942
3.482763,0.024185,-0.026352,-0.993988
3.482790,0.024109,-0.026321,-0.994049
3.482825,0.024078,-0.026245,-0.994171
3.494434,0.024109,-0.026138,-0.994339
3.494798,0.024200,-0.026016,-0.994553
3.494836,0.024368,-0.025894,-0.994766
3.494869,0.024582,-0.025803,-0.994965
3.494898,0.024796,-0.025757,-0.995132
3.494926,0.024963,-0.025772,-0.995239
3.494953,0.025040,-0.025848,-0.995316
3.494980,0.025055,-0.025986,-0.995346
3.501725,0.025009,-0.026123,-0.995316
3.501841,0.024948,-0.026245,-0.995255
3.501871,0.024902,-0.026321,-0.995178
3.501900,0.024872,-0.026367,-0.995102
3.501927,0.024826,-0.026398,-0.995026
3.501955,0.024780,-0.026413,-0.994980
3.501982,0.024734,-0.026443,-0.994949
3.502008,0.024673,-0.026474,-0.994888
3.511839,0.024612,-0.026520,-0.994781
3.511952,0.024582,-0.026550,-0.994659
3.512012,0.024612,-0.026566,-0.994492
3.512065,0.024673,-0.026581,-0.994324
3.512176,0.024765,-0.026596,-0.994141
3.512236,0.024872,-0.026611,-0.993988
3.512309,0.024963,-0.026611,-0.993851
3.512338,0.025024,-0.026581,-0.993759
3.524847,0.025055,-0.026535,-0.993683
3.524921,0.025055,-0.026474,-0.993591
3.524936,0.025024,-0.026413,-0.993500
3.524948,0.024994,-0.026367,-0.993408
3.524959,0.024948,-0.026306,-0.993332
3.524969,0.024872,-0.026230,-0.993301
3.524979,0.024811,-0.026108,-0.993362
3.524989,0.024719,-0.025986,-0.993515
3.534072,0.024597,-0.025848,-0.993790
3.534205,0.024460,-0.025711,-0.994156
3.534237,0.024307,-0.025635,-0.994568
3.534263,0.024155,-0.025604,-0.994980
3.534711,0.024002,-0.025650,-0.995346
3.534766,0.023880,-0.025742,-0.995636
3.534780,0.023788,-0.025864,-0.995834
3.534792,0.023727,-0.025986,-0.995911
3.542091,0.023697,-0.026138,-0.995895
3.542589,0.023712,-0.026276,-0.995819
3.542995,0.023758,-0.026428,-0.995697
3.543025,0.023804,-0.026596,-0.995560
3.543060,0.023865,-0.026749,-0.995422
3.543094,0.023941,-0.026871,-0.995316
3.543121,0.024048,-0.026978,-0.995255
3.543148,0.024185,-0.027039,-0.995239
3.551912,0.024353,-0.027084,-0.995255
3.552034,0.024567,-0.027130,-0.995316
3.552066,0.024765,-0.027161,-0.995407
3.552212,0.024918,-0.027206,-0.995514
3.552242,0.025009,-0.027252,-0.995590
3.552268,0.025024,-0.027283,-0.995621
3.552294,0.024948,-0.027298,-0.995651
3.552320,0.024811,-0.027328,-0.995651
3.561896,0.024643,-0.027374,-0.995621
3.561996,0.024445,-0.027405,-0.995560
3.562039,0.024277,-0.027435,-0.995483
3.562069,0.024139,-0.027435,-0.995392
3.562095,0.024063,-0.027420,-0.995316
3.562119,0.024033,-0.027405,-0.995239
3.562149,0.024017,-0.027390,-0.995163
3.562176,0.024048,-0.027374,-0.995087
3.572126,0.024094,-0.027359,-0.994965
3.572213,0.024170,-0.027344,-0.994797
3.572250,0.024261,-0.027344,-0.994614
3.572284,0.024399,-0.027328,-0.994431
3.572347,0.024567,-0.027298,-0.994278
3.572377,0.024750,-0.027222,-0.994156
3.572413,0.024963,-0.027100,-0.994095
3.572571,0.025162,-0.026947,-0.994080
3.582080,0.025330,-0.026764,-0.994125
3.582696,0.025421,-0.026550,-0.994202
3.582878,0.025452,-0.026352,-0.994324
3.582910,0.025391,-0.026215,-0.994461
3.583438,0.025269,-0.026123,-0.994614
3.583466,0.025101,-0.026093,-0.994766
3.583669,0.024887,-0.026108,-0.994919
3.583694,0.024658,-0.026138,-0.995087
3.593758,0.024399,-0.026169,-0.995255
3.593894,0.024170,-0.026169,-0.995407
3.593927,0.023987,-0.026138,-0.995544
3.593954,0.023834,-0.026093,-0.995667
3.593982,0.023697,-0.026047,-0.995728
3.594008,0.023560,-0.026016,-0.995743
3.594035,0.023438,-0.026016,-0.995712
3.594064,0.023331,-0.026062,-0.995651
3.602055,0.023239,-0.026154,-0.995621
3.602192,0.023148,-0.026245,-0.995621
3.602234,0.023102,-0.026352,-0.995682
3.602269,0.023117,-0.026443,-0.995789
3.602304,0.023193,-0.026505,-0.995956
3.602331,0.023346,-0.026566,-0.996140
3.602358,0.023560,-0.026627,-0.996323
3.602386,0.023788,-0.026703,-0.996460
3.612193,0.024017,-0.026779,-0.996506
3.612511,0.024261,-0.026886,-0.996460
3.612547,0.024490,-0.026993,-0.996307
3.612573,0.024704,-0.027069,-0.996033
3.612598,0.024872,-0.027084,-0.995697
3.612623,0.024979,-0.027039,-0.995316
3.612647,0.025024,-0.026886,-0.994919
3.612672,0.025009,-0.026657,-0.994583
3.622114,0.024918,-0.026382,-0.994308
3.622235,0.024796,-0.026123,-0.994095
3.622264,0.024643,-0.025909,-0.993988
3.622297,0.024506,-0.025772,-0.993973
3.622323,0.024414,-0.025742,-0.994034
3.622347,0.024384,-0.025803,-0.994186
3.622374,0.024445,-0.025940,-0.994400
3.622398,0.024536,-0.026138,-0.994659
3.632210,0.024673,-0.026413,-0.994965
3.632331,0.024841,-0.026688,-0.995255
3.632362,0.024994,-0.026962,-0.995483
3.632390,0.025131,-0.027237,-0.995636
3.632415,0.025223,-0.027481,-0.995682
3.632440,0.025284,-0.027710,-0.995636
3.632465,0.025253,-0.027924,-0.995499
3.632490,0.025177,-0.028046,-0.995255
3.642263,0.025070,-0.028091,-0.994949
3.642404,0.024918,-0.028015,-0.994659
3.642434,0.024750,-0.027802,-0.994431
3.642462,0.024582,-0.027466,-0.994308
3.642487,0.024445,-0.027008,-0.994293
3.642511,0.024338,-0.026505,-0.994385
3.642542,0.024277,-0.026001,-0.994537
3.642568,0.024246,-0.025558,-0.994736
3.652251,0.024261,-0.025223,-0.994904
3.652385,0.024277,-0.024994,-0.995026
3.652413,0.024307,-0.024872,-0.995087
3.652441,0.024338,-0.024841,-0.995071
3.652465,0.024399,-0.024887,-0.994995
3.652513,0.024490,-0.025009,-0.994934
3.652540,0.024612,-0.025177,-0.994873
3.652565,0.024750,-0.025421,-0.994873
3.662238,0.024872,-0.025742,-0.994919
3.662346,0.024979,-0.026108,-0.995010
3.662376,0.025055,-0.026520,-0.995117
3.662436,0.025116,-0.026932,-0.995239
3.662483,0.025146,-0.027298,-0.995346
3.662511,0.025162,-0.027573,-0.995422
3.662536,0.025177,-0.027756,-0.995438
3.662562,0.025177,-0.027847,-0.995422
3.672303,0.025162,-0.027863,-0.995361
3.672410,0.025162,-0.027817,-0.995239
3.672500,0.025162,-0.027756,-0.995071
3.672529,0.025162,-0.027679,-0.994873
3.672558,0.025192,-0.027573,-0.994659
3.673664,0.025253,-0.027466,-0.994446
3.673703,0.025330,-0.027298,-0.994278
3.673737,0.025406,-0.027069,-0.994141
3.685193,0.025436,-0.026794,-0.994080
3.685335,0.025436,-0.026443,-0.994064
3.685366,0.025406,-0.026077,-0.994095
3.685392,0.025345,-0.025696,-0.994156
3.685417,0.025253,-0.025345,-0.994202
3.688607,0.025162,-0.025040,-0.994217
3.688645,0.025070,-0.024796,-0.994202
3.688671,0.024979,-0.024643,-0.994156
3.692348,0.024872,-0.024567,-0.994095
3.692490,0.024765,-0.024582,-0.994064
3.692522,0.024628,-0.024643,-0.994095
3.692548,0.024475,-0.024734,-0.994156
3.692573,0.024307,-0.024857,-0.994263
3.692597,0.024139,-0.024979,-0.994354
3.692631,0.024002,-0.025131,-0.994446
3.692657,0.023911,-0.025299,-0.994507
3.702428,0.023880,-0.025467,-0.994568
3.702559,0.023911,-0.025650,-0.994583
3.702587,0.023972,-0.025818,-0.994583
3.703923,0.024063,-0.025986,-0.994598
3.703960,0.024155,-0.026138,-0.994659
3.703989,0.024261,-0.026245,-0.994751
3.704013,0.024353,-0.026352,-0.994919
3.704053,0.024399,-0.026474,-0.995148
3.712362,0.024399,-0.026627,-0.995392
3.712490,0.024384,-0.026825,-0.995636
3.712518,0.024338,-0.027054,-0.995834
3.712545,0.024307,-0.027328,-0.995972
3.712572,0.024292,-0.027603,-0.996033
3.712597,0.024323,-0.027847,-0.996063
3.712621,0.024384,-0.028030,-0.996048
3.712647,0.024475,-0.028152,-0.996017
3.722416,0.024567,-0.028168,-0.996002
3.722555,0.024643,-0.028122,-0.996002
3.722586,0.024658,-0.027985,-0.996017
3.722612,0.024628,-0.027817,-0.996033
3.722643,0.024597,-0.027588,-0.996048
3.722670,0.024582,-0.027359,-0.996063
3.722695,0.024582,-0.027115,-0.996063
3.722719,0.024612,-0.026901,-0.996033
3.732459,0.024673,-0.026672,-0.995972
3.732590,0.024765,-0.026443,-0.995865
3.732620,0.024857,-0.026230,-0.995743
3.732646,0.024933,-0.026001,-0.995621
3.732674,0.024979,-0.025787,-0.995529
3.732699,0.024994,-0.025604,-0.995453
3.732723,0.024948,-0.025436,-0.995422
3.732843,0.024841,-0.025314,-0.995438
3.742453,0.024704,-0.025284,-0.995483
3.742652,0.024551,-0.025345,-0.995544
3.742682,0.024429,-0.025482,-0.995590
3.742708,0.024307,-0.025711,-0.995621
3.742733,0.024200,-0.026001,-0.995590
3.742758,0.024109,-0.026321,-0.995529
3.742784,0.024033,-0.026657,-0.995407
3.742809,0.023972,-0.026962,-0.995239
3.752552,0.023941,-0.027206,-0.995056
3.754337,0.023911,-0.027390,-0.994858
3.754375,0.023926,-0.027481,-0.994659
3.754402,0.023972,-0.027512,-0.994492
3.754430,0.024048,-0.027451,-0.994339
3.754454,0.024155,-0.027328,-0.994232
3.754477,0.024277,-0.027130,-0.994125
3.754501,0.024384,-0.026932,-0.994034
3.762540,0.024445,-0.026718,-0.993942
3.762663,0.024445,-0.026535,-0.993851
3.762693,0.024384,-0.026398,-0.993790
3.762719,0.024277,-0.026321,-0.993759
3.762744,0.024139,-0.026321,-0.993774
3.762771,0.024048,-0.026367,-0.993835
3.762833,0.024002,-0.026459,-0.993942
3.762860,0.024017,-0.026581,-0.994080
3.775333,0.024078,-0.026718,-0.994247
3.775469,0.024185,-0.026871,-0.994431
3.775499,0.024323,-0.027054,-0.994598
3.775533,0.024475,-0.027267,-0.994766
3.775561,0.024643,-0.027527,-0.994904
3.775586,0.024796,-0.027832,-0.994995
3.775612,0.024918,-0.028168,-0.995041
3.775636,0.025009,-0.028473,-0.995041
3.782518,0.025055,-0.028717,-0.994980
3.782580,0.025024,-0.028839,-0.994873
3.782594,0.024933,-0.028793,-0.994705
3.782606,0.024796,-0.028580,-0.994476
3.782617,0.024643,-0.028259,-0.994186
3.782627,0.024460,-0.027847,-0.993881
3.782637,0.024292,-0.027420,-0.993576
3.782647,0.024124,-0.027008,-0.993347
3.792570,0.023987,-0.026688,-0.993179
3.792640,0.023849,-0.026443,-0.993073
3.792655,0.023758,-0.026337,-0.993042
3.792666,0.023697,-0.026337,-0.993042
3.792677,0.023666,-0.026428,-0.993103
3.792687,0.023666,-0.026581,-0.993210
3.792697,0.023712,-0.026794,-0.993378
3.792707,0.023788,-0.027039,-0.993591
3.804012,0.023911,-0.027298,-0.993835
3.804155,0.024063,-0.027588,-0.994095
3.804231,0.024261,-0.027878,-0.994339
3.804259,0.024506,-0.028183,-0.994568
3.804315,0.024765,-0.028458,-0.994797
3.804348,0.025024,-0.028687,-0.995026
3.804845,0.025269,-0.028824,-0.995255
3.804940,0.025482,-0.028870,-0.995483
3.812721,0.025650,-0.028809,-0.995712
3.812831,0.025742,-0.028656,-0.995911
3.812859,0.025742,-0.028442,-0.996048
3.812898,0.025681,-0.028214,-0.996124
3.812926,0.025543,-0.027985,-0.996124
3.812950,0.025360,-0.027756,-0.996033
3.812983,0.025146,-0.027557,-0.995850
3.813009,0.024933,-0.027359,-0.995605
3.822713,0.024750,-0.027145,-0.995300
3.822830,0.024612,-0.026901,-0.995010
3.822859,0.024521,-0.026611,-0.994720
3.822945,0.024460,-0.026306,-0.994507
3.822973,0.024414,-0.026016,-0.994354
3.822997,0.024368,-0.025787,-0.994308
3.823020,0.024307,-0.025589,-0.994308
3.823044,0.024231,-0.025467,-0.994385
3.833623,0.024124,-0.025375,-0.994507
3.833793,0.024002,-0.025330,-0.994659
3.833828,0.023895,-0.025314,-0.994812
3.833853,0.023819,-0.025299,-0.994980
3.833878,0.023758,-0.025314,-0.995117
3.833901,0.023743,-0.025330,-0.995209
3.833934,0.023788,-0.025375,-0.995255
3.833958,0.023880,-0.025467,-0.995239
3.842752,0.024017,-0.025620,-0.995163
3.842889,0.024185,-0.025833,-0.995041
3.842933,0.024353,-0.026062,-0.994934
3.842962,0.024521,-0.026321,-0.994827
3.842987,0.024689,-0.026566,-0.994751
3.843013,0.024841,-0.026794,-0.994690
3.843039,0.024963,-0.026993,-0.994644
3.843063,0.025055,-0.027145,-0.994614
3.853855,0.025101,-0.027283,-0.994598
3.853991,0.025116,-0.027405,-0.994598
3.854164,0.025101,-0.027481,-0.994598
3.854193,0.025070,-0.027542,-0.994629
3.854340,0.025055,-0.027557,-0.994675
3.854373,0.025070,-0.027527,-0.994766
3.854400,0.025101,-0.027466,-0.994873
3.854431,0.025192,-0.027374,-0.994995
3.862807,0.025284,-0.027237,-0.995117
3.862921,0.025345,-0.027054,-0.995239
3.862952,0.025360,-0.026840,-0.995331
3.862978,0.025314,-0.026627,-0.995407
3.863006,0.025208,-0.026443,-0.995407
3.863030,0.025055,-0.026321,-0.995331
3.863053,0.024918,-0.026245,-0.995224
3.863076,0.024811,-0.026230,-0.995087
3.872878,0.024765,-0.026276,-0.994995
3.872999,0.024750,-0.026367,-0.994949
3.873029,0.024750,-0.026489,-0.994965
3.873055,0.024765,-0.026611,-0.995026
3.873078,0.024765,-0.026749,-0.995117
3.873102,0.024750,-0.026871,-0.995224
3.873126,0.024704,-0.026993,-0.995316
3.873152,0.024643,-0.027115,-0.995361
3.882944,0.024582,-0.027237,-0.995392
3.883348,0.024521,-0.027374,-0.995407
3.883385,0.024506,-0.027496,-0.995453
3.883411,0.024521,-0.027603,-0.995514
3.883436,0.024567,-0.027664,-0.995621
3.883463,0.024658,-0.027649,-0.995758
3.883488,0.024765,-0.027557,-0.995941
3.883511,0.024841,-0.027420,-0.996109
3.895575,0.024887,-0.027283,-0.996262
3.895757,0.024902,-0.027176,-0.996353
3.895809,0.024857,-0.027115,-0.996368
3.895957,0.024796,-0.027084,-0.996307
3.895992,0.024704,-0.027115,-0.996170
3.896021,0.024597,-0.027145,-0.996002
3.896051,0.024475,-0.027191,-0.995789
3.896075,0.024338,-0.027191,-0.995575
3.903874,0.024216,-0.027161,-0.995346
3.904152,0.024109,-0.027069,-0.995148
3.904192,0.024017,-0.026932,-0.994965
3.904244,0.023956,-0.026764,-0.994827
3.904279,0.023926,-0.026596,-0.994751
3.904305,0.023911,-0.026428,-0.994720
3.904332,0.023926,-0.026306,-0.994751
3.904357,0.023956,-0.026215,-0.994797
3.912981,0.024017,-0.026138,-0.994873
3.913105,0.024094,-0.026093,-0.994919
3.913134,0.024200,-0.026047,-0.994934
3.913161,0.024384,-0.026001,-0.994858
3.913185,0.024597,-0.025955,-0.994705
3.913209,0.024841,-0.025925,-0.994507
3.913233,0.025101,-0.025940,-0.994278
3.913263,0.025345,-0.025986,-0.994049
3.923140,0.025543,-0.026093,-0.993835
3.923256,0.025650,-0.026245,-0.993698
3.923286,0.025665,-0.026398,-0.993607
3.923313,0.025574,-0.026535,-0.993591
3.923339,0.025375,-0.026657,-0.993652
3.923365,0.025101,-0.026794,-0.993744
3.923389,0.024765,-0.026917,-0.993866
3.923413,0.024399,-0.027054,-0.993988
3.933062,0.024033,-0.027191,-0.994125
3.933169,0.023743,-0.027344,-0.994247
3.933200,0.023529,-0.027481,-0.994370
3.933226,0.023422,-0.027573,-0.994507
3.933251,0.023422,-0.027588,-0.994659
3.933285,0.023514,-0.027527,-0.994858
3.933310,0.023666,-0.027359,-0.995087
3.933335,0.023880,-0.027084,-0.995331
3.943052,0.024094,-0.026733,-0.995590
3.943188,0.024307,-0.026337,-0.995834
3.943219,0.024490,-0.025940,-0.996048
3.943246,0.024643,-0.025589,-0.996216
3.943272,0.024734,-0.025314,-0.996307
3.943296,0.024780,-0.025131,-0.996338
3.943320,0.024765,-0.025055,-0.996262
3.943343,0.024704,-0.025085,-0.996109
3.954273,0.024612,-0.025192,-0.995880
3.954407,0.024506,-0.025375,-0.995590
3.954442,0.024414,-0.025620,-0.995300
3.954475,0.024338,-0.025909,-0.995010
3.954506,0.024292,-0.026215,-0.994766
3.954536,0.024231,-0.026520,-0.994583
3.954564,0.024170,-0.026825,-0.994461
3.954620,0.024094,-0.027115,-0.994370
3.963116,0.024002,-0.027328,-0.994293
3.963279,0.023895,-0.027451,-0.994232
3.963334,0.023804,-0.027435,-0.994186
3.963374,0.023727,-0.027313,-0.994156
3.963413,0.023697,-0.027069,-0.994141
3.963449,0.023682,-0.026718,-0.994156
3.963495,0.023712,-0.026337,-0.994186
3.963533,0.023727,-0.025955,-0.994232
3.973314,0.023758,-0.025604,-0.994308
3.973429,0.023788,-0.025314,-0.994385
3.973459,0.023834,-0.025070,-0.994446
3.973486,0.023895,-0.024887,-0.994522
3.973511,0.023987,-0.024780,-0.994568
3.973536,0.024094,-0.024750,-0.994644
3.973560,0.024185,-0.024796,-0.994720
3.973584,0.024231,-0.024933,-0.994827
3.983330,0.024231,-0.025146,-0.994949
3.983752,0.024185,-0.025452,-0.995056
3.983810,0.024109,-0.025818,-0.995163
3.983844,0.024017,-0.026230,-0.995239
3.983876,0.023941,-0.026627,-0.995300
3.983906,0.023911,-0.026962,-0.995346
3.983934,0.023911,-0.027191,-0.995361
3.983963,0.023941,-0.027313,-0.995377
3.994197,0.024017,-0.027328,-0.995361
3.995243,0.024063,-0.027252,-0.995346
3.995303,0.024078,-0.027115,-0.995331
3.995359,0.024033,-0.026932,-0.995346
3.995412,0.023941,-0.026733,-0.995361
3.995444,0.023804,-0.026550,-0.995422
3.995485,0.023682,-0.026428,-0.995483
3.995518,0.023590,-0.026352,-0.995560
4.003921,0.023544,-0.026337,-0.995621
4.004137,0.023590,-0.026413,-0.995636
4.004169,0.023727,-0.026581,-0.995605
4.004195,0.023941,-0.026794,-0.995514
4.004220,0.024231,-0.027069,-0.995346
4.004245,0.024567,-0.027374,-0.995102
4.004273,0.024902,-0.027679,-0.994827
4.004301,0.025208,-0.027954,-0.994522
4.013265,0.025467,-0.028152,-0.994263
4.013373,0.025665,-0.028244,-0.994064
4.013402,0.025803,-0.028198,-0.993958
4.013426,0.025879,-0.028000,-0.993942
4.013454,0.025894,-0.027664,-0.994034
4.013479,0.025848,-0.027237,-0.994202
4.013541,0.025726,-0.026779,-0.994431
4.013565,0.025574,-0.026352,-0.994659
4.023346,0.025391,-0.025986,-0.994843
4.024764,0.025192,-0.025711,-0.994965
4.024788,0.024994,-0.025497,-0.994980
4.024800,0.024780,-0.025360,-0.994934
4.024811,0.024551,-0.025269,-0.994827
4.024838,0.024323,-0.025192,-0.994720
4.024863,0.024109,-0.025162,-0.994583
4.024878,0.023911,-0.025146,-0.994461
4.035287,0.023773,-0.025192,-0.994339
4.037977,0.023682,-0.025284,-0.994217
4.038076,0.023666,-0.025436,-0.994110
4.038105,0.023743,-0.025604,-0.994034
4.038133,0.023926,-0.025787,-0.993958
4.038158,0.024200,-0.025955,-0.993927
4.038182,0.024536,-0.026077,-0.993927
4.038206,0.024902,-0.026154,-0.993988
4.043333,0.025253,-0.026184,-0.994110
4.043463,0.025558,-0.026199,-0.994278
4.043492,0.025757,-0.026199,-0.994431
4.043518,0.025833,-0.026199,-0.994553
4.043544,0.025772,-0.026199,-0.994583
4.043569,0.025589,-0.026230,-0.994568
4.043596,0.025360,-0.026260,-0.994507
4.043693,0.025085,-0.026321,-0.994415
4.054269,0.024811,-0.026382,-0.994339
4.054390,0.024597,-0.026459,-0.994263
4.054427,0.024445,-0.026535,-0.994217
4.054455,0.024384,-0.026627,-0.994171
4.054479,0.024399,-0.026718,-0.994141
4.054505,0.024506,-0.026794,-0.994125
4.054529,0.024658,-0.026840,-0.994110
4.054555,0.024841,-0.026840,-0.994110
4.063456,0.024994,-0.026779,-0.994110
4.063592,0.025116,-0.026703,-0.994125
4.063630,0.025177,-0.026581,-0.994156
4.063663,0.025223,-0.026428,-0.994232
4.063688,0.025223,-0.026245,-0.994354
4.073862,0.025192,-0.026031,-0.994476
4.073899,0.025131,-0.025818,-0.994598
4.073912,0.025070,-0.025620,-0.994690
4.073923,0.024994,-0.025467,-0.994766
4.073934,0.024902,-0.025421,-0.994843
4.073944,0.024780,-0.025497,-0.994904
4.073954,0.024643,-0.025711,-0.994965
4.074034,0.024475,-0.026016,-0.995056
4.074054,0.024292,-0.026413,-0.995163
4.074067,0.024109,-0.026825,-0.995270
4.074078,0.023911,-0.027222,-0.995377
4.083407,0.023727,-0.027573,-0.995468
4.083464,0.023529,-0.027863,-0.995529
4.083479,0.023346,-0.028076,-0.995605
4.083493,0.023224,-0.028229,-0.995682
4.083504,0.023178,-0.028290,-0.995773
4.083522,0.023209,-0.028275,-0.995865
4.083536,0.023331,-0.028168,-0.995956
4.083547,0.023514,-0.028000,-0.996033
4.093849,0.023788,-0.027740,-0.996078
4.093968,0.024109,-0.027451,-0.996078
4.094005,0.024475,-0.027115,-0.996002
4.094033,0.024841,-0.026779,-0.995865
4.094066,0.025208,-0.026443,-0.995667
4.094220,0.025558,-0.026123,-0.995392
4.094366,0.025848,-0.025864,-0.995102
4.094400,0.026062,-0.025681,-0.994827
4.103892,0.026199,-0.025574,-0.994598
4.104023,0.026230,-0.025543,-0.994461
4.104157,0.026154,-0.025574,-0.994385
4.104205,0.025986,-0.025650,-0.994415
4.104242,0.025757,-0.025742,-0.994492
4.104290,0.025467,-0.025848,-0.994629
4.104322,0.025146,-0.025970,-0.994751
4.104351,0.024841,-0.026093,-0.994843
4.113632,0.024567,-0.026215,-0.994888
4.113750,0.024353,-0.026367,-0.994888
4.113780,0.024216,-0.026505,-0.994858
4.113807,0.024155,-0.026657,-0.994812
4.113832,0.024155,-0.026794,-0.994766
4.113857,0.024185,-0.026947,-0.994720
4.113882,0.024246,-0.027069,-0.994720
4.113908,0.024353,-0.027206,-0.994720
4.124074,0.024460,-0.027313,-0.994751
4.124212,0.024582,-0.027390,-0.994781
4.124244,0.024673,-0.027390,-0.994797
4.124270,0.024765,-0.027313,-0.994781
4.124297,0.024826,-0.027161,-0.994736
4.124320,0.024872,-0.026932,-0.994675
4.124344,0.024872,-0.026627,-0.994598
4.124367,0.024841,-0.026291,-0.994553
4.133679,0.024796,-0.025909,-0.994537
4.133824,0.024734,-0.025528,-0.994537
4.133930,0.024658,-0.025146,-0.994537
4.133965,0.024582,-0.024811,-0.994537
4.133992,0.024475,-0.024551,-0.994507
4.134018,0.024353,-0.024368,-0.994476
4.134044,0.024200,-0.024292,-0.994446
4.134069,0.024033,-0.024277,-0.994431
4.143759,0.023865,-0.024307,-0.994446
4.143910,0.023712,-0.024384,-0.994507
4.143942,0.023605,-0.024475,-0.994614
4.143967,0.023544,-0.024612,-0.994751
4.143992,0.023560,-0.024796,-0.994904
4.144018,0.023636,-0.025024,-0.995041
4.144044,0.023743,-0.025284,-0.995178
4.144067,0.023880,-0.025589,-0.995300
4.154031,0.024033,-0.025909,-0.995438
4.154306,0.024185,-0.026245,-0.995590
4.154343,0.024338,-0.026550,-0.995804
4.154370,0.024490,-0.026840,-0.996063
4.154402,0.024643,-0.027084,-0.996338
4.154429,0.024796,-0.027283,-0.996567
4.154455,0.024918,-0.027466,-0.996735
4.154479,0.025024,-0.027649,-0.996796
4.163860,0.025101,-0.027817,-0.996750
4.163981,0.025146,-0.027985,-0.996582
4.164010,0.025162,-0.028107,-0.996323
4.164037,0.025177,-0.028198,-0.996002
4.164063,0.025131,-0.028214,-0.995651
4.165092,0.025024,-0.028137,-0.995331
4.165177,0.024872,-0.027969,-0.995056
4.165227,0.024658,-0.027710,-0.994858
4.174834,0.024429,-0.027374,-0.994736
4.175619,0.024170,-0.027008,-0.994675
4.175654,0.023911,-0.026657,-0.994644
4.175679,0.023651,-0.026367,-0.994614
4.175704,0.023422,-0.026154,-0.994568
4.175731,0.023254,-0.026016,-0.994522
4.175757,0.023193,-0.025970,-0.994446
4.175783,0.023209,-0.026001,-0.994370
4.183969,0.023300,-0.026093,-0.994293
4.184316,0.023468,-0.026230,-0.994247
4.184351,0.023651,-0.026382,-0.994232
4.184378,0.023865,-0.026566,-0.994263
4.184404,0.024033,-0.026749,-0.994354
4.184428,0.024170,-0.026962,-0.994507
4.184452,0.024261,-0.027191,-0.994675
4.184477,0.024368,-0.027420,-0.994873
4.193957,0.024490,-0.027649,-0.995056
4.194067,0.024643,-0.027832,-0.995224
4.194100,0.024811,-0.027939,-0.995361
4.194126,0.025009,-0.027939,-0.995438
4.194154,0.025223,-0.027847,-0.995453
4.194182,0.025421,-0.027649,-0.995377
4.194207,0.025589,-0.027374,-0.995239
4.194232,0.025757,-0.027084,-0.995041
4.203933,0.025879,-0.026794,-0.994797
4.204222,0.025986,-0.026550,-0.994537
4.204255,0.026062,-0.026367,-0.994324
4.204292,0.026077,-0.026245,-0.994171
4.204319,0.026031,-0.026199,-0.994080
4.204363,0.025940,-0.026184,-0.994064
4.204390,0.025803,-0.026199,-0.994125
4.204417,0.025650,-0.026230,-0.994217
4.213888,0.025467,-0.026260,-0.994308
4.214004,0.025284,-0.026337,-0.994400
4.214036,0.025101,-0.026428,-0.994461
4.214064,0.024963,-0.026596,-0.994507
4.214091,0.024887,-0.026840,-0.994553
4.214120,0.024872,-0.027115,-0.994614
4.214147,0.024918,-0.027374,-0.994720
4.214174,0.024994,-0.027588,-0.994843
4.223989,0.025085,-0.027710,-0.994980
4.224115,0.025177,-0.027756,-0.995102
4.224147,0.025223,-0.027740,-0.995193
4.224176,0.025238,-0.027679,-0.995239
4.224204,0.025208,-0.027588,-0.995239
4.224230,0.025146,-0.027496,-0.995209
4.224257,0.025055,-0.027420,-0.995102
4.224284,0.024963,-0.027359,-0.994934
4.234147,0.024857,-0.027298,-0.994720
4.234514,0.024734,-0.027206,-0.994492
4.234557,0.024567,-0.027039,-0.994308
4.234584,0.024338,-0.026810,-0.994171
4.234610,0.024048,-0.026520,-0.994110
4.234638,0.023727,-0.026184,-0.994125
4.234663,0.023422,-0.025833,-0.994171
4.234687,0.023163,-0.025497,-0.994263
4.243988,0.022980,-0.025208,-0.994400
4.244095,0.022903,-0.024979,-0.994553
4.244124,0.022934,-0.024826,-0.994736
4.244150,0.023041,-0.024750,-0.994919
4.244210,0.023224,-0.024734,-0.995102
4.244245,0.023483,-0.024780,-0.995300
4.244286,0.023758,-0.024902,-0.995544
4.244313,0.024048,-0.025116,-0.995804
4.253939,0.024323,-0.025421,-0.996094
4.254006,0.024536,-0.025803,-0.996399
4.254022,0.024719,-0.026230,-0.996689
4.254033,0.024826,-0.026672,-0.996918
4.254045,0.024872,-0.027100,-0.997070
4.254056,0.024887,-0.027466,-0.997116
4.254066,0.024887,-0.027740,-0.997055
4.254076,0.024887,-0.027954,-0.996918
4.264060,0.024933,-0.028107,-0.996735
4.264215,0.024994,-0.028259,-0.996552
4.264272,0.025116,-0.028397,-0.996353
4.264354,0.025284,-0.028519,-0.996185
4.264395,0.025452,-0.028595,-0.996017
4.264424,0.025604,-0.028595,-0.995834
4.264489,0.025726,-0.028503,-0.995651
4.264516,0.025787,-0.028275,-0.995483
4.275910,0.025757,-0.027908,-0.995316
4.276055,0.025665,-0.027435,-0.995148
4.276087,0.025497,-0.026855,-0.994995
4.276115,0.025269,-0.026245,-0.994843
4.276143,0.024979,-0.025604,-0.994659
4.276168,0.024643,-0.025040,-0.994492
4.276193,0.024292,-0.024567,-0.994339
4.276219,0.023926,-0.024216,-0.994217
4.284007,0.023605,-0.024017,-0.994141
4.284065,0.023346,-0.023941,-0.994095
4.284078,0.023178,-0.024002,-0.994064
4.284108,0.023117,-0.024170,-0.994034
4.284119,0.023148,-0.024445,-0.994003
4.284129,0.023285,-0.024826,-0.993973
4.284138,0.023499,-0.025284,-0.993973
4.284148,0.023758,-0.025787,-0.993988
4.294147,0.024048,-0.026291,-0.994064
4.294608,0.024338,-0.026733,-0.994202
4.294641,0.024628,-0.027084,-0.994400
4.294668,0.024918,-0.027344,-0.994675
4.294696,0.025208,-0.027481,-0.994965
4.295034,0.025467,-0.027527,-0.995255
4.295066,0.025726,-0.027496,-0.995560
4.295105,0.026001,-0.027451,-0.995865
4.304158,0.026276,-0.027405,-0.996140
4.304291,0.026566,-0.027451,-0.996368
4.304321,0.026901,-0.027664,-0.996536
4.304347,0.027313,-0.028122,-0.996628
4.304390,0.027863,-0.028900,-0.996689
4.304418,0.028534,-0.029984,-0.996735
4.304444,0.029327,-0.031250,-0.996811
4.304468,0.030167,-0.032532,-0.996948
4.314174,0.030945,-0.033615,-0.997147
4.314276,0.031555,-0.034302,-0.997391
4.314306,0.031891,-0.034439,-0.997665
4.314335,0.031876,-0.033920,-0.997879
4.314360,0.031509,-0.032776,-0.998016
4.314385,0.030792,-0.031067,-0.998016
4.314417,0.029831,-0.028961,-0.997833
4.314444,0.028732,-0.026611,-0.997452
4.324264,0.027588,-0.024246,-0.996902
4.324380,0.026505,-0.022018,-0.996185
4.324413,0.025574,-0.020111,-0.995285
4.324439,0.024841,-0.018723,-0.994278
4.324464,0.024353,-0.017975,-0.993225
4.324488,0.024063,-0.017975,-0.992233
4.324514,0.023972,-0.018707,-0.991409
4.324539,0.024033,-0.020035,-0.990814
4.334323,0.024155,-0.021759,-0.990479
4.334447,0.024277,-0.023636,-0.990433
4.334475,0.024323,-0.025421,-0.990646
4.334502,0.024246,-0.026947,-0.991028
4.334626,0.024002,-0.028061,-0.991547
4.334653,0.023575,-0.028732,-0.992142
4.334679,0.022995,-0.029007,-0.992783
4.334703,0.022308,-0.028976,-0.993378
4.344237,0.021637,-0.028732,-0.993912
4.344386,0.021057,-0.028336,-0.994354
4.344416,0.020660,-0.027847,-0.994675
4.344444,0.020477,-0.027313,-0.994873
4.344470,0.020508,-0.026810,-0.994965
4.344641,0.020752,-0.026382,-0.994980
4.344742,0.021149,-0.026123,-0.994980
4.344774,0.021683,-0.026093,-0.994995
4.354659,0.022339,-0.026337,-0.995041
4.354798,0.023071,-0.026825,-0.995132
4.354831,0.023834,-0.027512,-0.995239
4.354859,0.024567,-0.028275,-0.995346
4.354892,0.025223,-0.028992,-0.995422
4.354918,0.025803,-0.029541,-0.995468
4.354942,0.026321,-0.029831,-0.995483
4.354976,0.026810,-0.029770,-0.995483
4.364417,0.027252,-0.029358,-0.995468
4.364832,0.027664,-0.028641,-0.995483
4.364867,0.028030,-0.027725,-0.995560
4.364895,0.028320,-0.026764,-0.995728
4.364921,0.028519,-0.025864,-0.995972
4.364946,0.028564,-0.025116,-0.996277
4.364970,0.028473,-0.024551,-0.996552
4.364995,0.028229,-0.024185,-0.996780
4.374535,0.027832,-0.024033,-0.996872
4.374886,0.027344,-0.024078,-0.996826
4.374932,0.026810,-0.024292,-0.996628
4.374960,0.026260,-0.024673,-0.996277
4.374996,0.025772,-0.025223,-0.995789
4.375022,0.025436,-0.025970,-0.995239
4.375045,0.025299,-0.026917,-0.994659
4.375178,0.025375,-0.028015,-0.994110
4.384368,0.025635,-0.029160,-0.993607
4.384511,0.026016,-0.030258,-0.993225
4.384541,0.026443,-0.031174,-0.992966
4.384567,0.026810,-0.031815,-0.992889
4.384593,0.027023,-0.032135,-0.992981
4.384617,0.027023,-0.032135,-0.993271
4.384641,0.026779,-0.031799,-0.993713
4.384664,0.026276,-0.031219,-0.994263
4.394545,0.025589,-0.030441,-0.994888
4.394890,0.024750,-0.029572,-0.995499
4.394927,0.023865,-0.028656,-0.996017
4.394957,0.023041,-0.027786,-0.996384
4.394995,0.022369,-0.027054,-0.996567
4.395025,0.021957,-0.026550,-0.996552
4.395091,0.021835,-0.026367,-0.996399
4.395115,0.021973,-0.026474,-0.996170
4.404460,0.022308,-0.026840,-0.995865
4.404576,0.022736,-0.027359,-0.995560
4.404607,0.023148,-0.027908,-0.995300
4.404632,0.023483,-0.028381,-0.995102
4.404657,0.023651,-0.028702,-0.994949
4.404683,0.023636,-0.028793,-0.994827
4.404707,0.023422,-0.028610,-0.994736
4.404732,0.023010,-0.028152,-0.994659
4.414551,0.022415,-0.027466,-0.994629
4.414642,0.021744,-0.026596,-0.994598
4.414673,0.021027,-0.025574,-0.994583
4.414702,0.020325,-0.024460,-0.994568
4.414729,0.019684,-0.023331,-0.994553
4.414753,0.019150,-0.022232,-0.994507
4.414778,0.018753,-0.021240,-0.994446
4.414805,0.018478,-0.020447,-0.994385
4.424558,0.018356,-0.019913,-0.994354
4.424686,0.018402,-0.019684,-0.994400
4.424714,0.018600,-0.019730,-0.994537
4.424748,0.018936,-0.020035,-0.994766
4.424774,0.019394,-0.020554,-0.995056
4.424798,0.019928,-0.021225,-0.995361
4.424821,0.020447,-0.022034,-0.995621
4.424854,0.020905,-0.022919,-0.995789
4.435369,0.021240,-0.023865,-0.995789
4.441716,0.021484,-0.024857,-0.995605
4.441897,0.021622,-0.025833,-0.995224
4.441931,0.021713,-0.026779,-0.994720
4.441958,0.021805,-0.027649,-0.994156
4.441985,0.021927,-0.028427,-0.993607
4.442011,0.022095,-0.029083,-0.993149
4.442035,0.022324,-0.029587,-0.992844
4.444578,0.022583,-0.029938,-0.992706
4.444862,0.022858,-0.030121,-0.992722
4.444921,0.023148,-0.030151,-0.992874
4.444948,0.023468,-0.030060,-0.993073
4.444993,0.023788,-0.029892,-0.993286
4.445021,0.024155,-0.029663,-0.993484
4.445138,0.024567,-0.029404,-0.993607
4.445169,0.025055,-0.029160,-0.993668
4.455095,0.025681,-0.028915,-0.993698
4.455210,0.026474,-0.028687,-0.993744
4.455240,0.027435,-0.028488,-0.993820
4.455266,0.028503,-0.028259,-0.993958
4.455300,0.029633,-0.027985,-0.994186
4.455326,0.030716,-0.027634,-0.994461
4.455350,0.031647,-0.027237,-0.994797
4.455374,0.032364,-0.026810,-0.995102
4.464661,0.032776,-0.026398,-0.995361
4.464783,0.032883,-0.026047,-0.995544
4.464814,0.032700,-0.025803,-0.995636
4.464870,0.032272,-0.025726,-0.995636
4.464895,0.031693,-0.025848,-0.995514
4.464919,0.031067,-0.026215,-0.995285
4.464944,0.030502,-0.026855,-0.995026
4.464970,0.030060,-0.027740,-0.994766
4.475123,0.029694,-0.028763,-0.994537
4.475963,0.029404,-0.029846,-0.994354
4.476003,0.029053,-0.030853,-0.994202
4.476029,0.028595,-0.031677,-0.994064
4.476054,0.027939,-0.032242,-0.993942
4.476078,0.027069,-0.032501,-0.993851
4.476101,0.026001,-0.032501,-0.993805
4.476134,0.024765,-0.032257,-0.993851
4.484914,0.023392,-0.031784,-0.994003
4.485093,0.021973,-0.031113,-0.994278
4.485124,0.020584,-0.030243,-0.994644
4.485150,0.019287,-0.029190,-0.995041
4.485176,0.018097,-0.027985,-0.995422
4.485203,0.017075,-0.026672,-0.995728
4.485228,0.016235,-0.025345,-0.995911
4.485251,0.015610,-0.024109,-0.995987
4.494748,0.015259,-0.023102,-0.995987
4.495083,0.015213,-0.022415,-0.995972
4.495115,0.015472,-0.022079,-0.995972
4.495167,0.015991,-0.022079,-0.996017
4.495198,0.016693,-0.022354,-0.996109
4.495228,0.017502,-0.022812,-0.996216
4.495255,0.018311,-0.023376,-0.996353
4.495281,0.019073,-0.023972,-0.996475
4.504834,0.019730,-0.024536,-0.996597
4.504951,0.020294,-0.025055,-0.996674
4.504984,0.020767,-0.025467,-0.996719
4.505009,0.021149,-0.025787,-0.996719
4.505034,0.021500,-0.026047,-0.996674
4.505059,0.021835,-0.026276,-0.996567
4.505083,0.022171,-0.026489,-0.996399
4.505111,0.022507,-0.026749,-0.996140
4.515357,0.022873,-0.027039,-0.995850
4.515506,0.023270,-0.027344,-0.995514
4.515538,0.023727,-0.027618,-0.995178
4.515565,0.024200,-0.027863,-0.994858
4.515590,0.024719,-0.028046,-0.994598
4.515614,0.025223,-0.028168,-0.994385
4.515671,0.025742,-0.028183,-0.994232
4.515696,0.026199,-0.028122,-0.994095
4.526477,0.026596,-0.028000,-0.993927
4.526551,0.026901,-0.027817,-0.993713
4.526568,0.027130,-0.027634,-0.993439
4.526582,0.027283,-0.027466,-0.993134
4.526595,0.027344,-0.027313,-0.992783
4.526606,0.027328,-0.027206,-0.992432
4.526617,0.027222,-0.027084,-0.992126
4.526629,0.027069,-0.026962,-0.991882
4.534787,0.026871,-0.026794,-0.991776
4.534859,0.026657,-0.026581,-0.991776
4.534875,0.026474,-0.026367,-0.991928
4.534887,0.026337,-0.026138,-0.992172
4.534898,0.026245,-0.025955,-0.992538
4.534909,0.026215,-0.025818,-0.992950
4.534925,0.026169,-0.025742,-0.993378
4.534936,0.026062,-0.025742,-0.993744
4.544904,0.025879,-0.025833,-0.993988
4.545015,0.025543,-0.026001,-0.994080
4.545044,0.025085,-0.026245,-0.994003
4.545071,0.024460,-0.026550,-0.993759
4.545104,0.023697,-0.026871,-0.993393
4.545130,0.022827,-0.027176,-0.992950
4.545155,0.021942,-0.027451,-0.992569
4.545178,0.021088,-0.027679,-0.992294
4.555222,0.020370,-0.027817,-0.992233
4.555349,0.019821,-0.027863,-0.992432
4.555381,0.019516,-0.027817,-0.992889
4.555408,0.019470,-0.027649,-0.993591
4.555436,0.019684,-0.027420,-0.994461
4.555460,0.020126,-0.027130,-0.995438
4.555487,0.020782,-0.026810,-0.996429
4.555512,0.021561,-0.026535,-0.997360
4.564973,0.022400,-0.026321,-0.998169
4.565094,0.023224,-0.026199,-0.998810
4.565122,0.024002,-0.026184,-0.999268
4.565147,0.024689,-0.026245,-0.999527
4.565173,0.025284,-0.026382,-0.999573
4.565199,0.025787,-0.026550,-0.999451
4.565223,0.026199,-0.026703,-0.999191
4.565247,0.026505,-0.026840,-0.998810
4.575488,0.026672,-0.026962,-0.998352
4.576864,0.026703,-0.027069,-0.997864
4.576896,0.026566,-0.027191,-0.997360
4.577289,0.026260,-0.027328,-0.996826
4.577321,0.025833,-0.027481,-0.996277
4.577347,0.025314,-0.027588,-0.995743
4.577374,0.024765,-0.027634,-0.995255
4.577400,0.024261,-0.027573,-0.994843
4.585020,0.023849,-0.027359,-0.994553
4.585116,0.023605,-0.027008,-0.994400
4.585146,0.023514,-0.026520,-0.994400
4.585189,0.023590,-0.025925,-0.994507
4.585216,0.023773,-0.025299,-0.994675
4.585240,0.024048,-0.024689,-0.994858
4.585264,0.024384,-0.024139,-0.994995
4.585290,0.024765,-0.023666,-0.995026
4.595000,0.025131,-0.023331,-0.994934
4.595167,0.025467,-0.023117,-0.994766
4.595199,0.025757,-0.023026,-0.994537
4.595227,0.026001,-0.023056,-0.994263
4.595253,0.026184,-0.023209,-0.993973
4.595279,0.026306,-0.023468,-0.993668
4.595303,0.026352,-0.023834,-0.993362
4.595327,0.026321,-0.024277,-0.993042
4.605319,0.026215,-0.024780,-0.992722
4.605442,0.026047,-0.025299,-0.992447
4.605470,0.025818,-0.025818,-0.992203
4.605495,0.025558,-0.026306,-0.991959
4.605525,0.025269,-0.026718,-0.991730
4.605691,0.024963,-0.027069,-0.991516
4.605745,0.024704,-0.027359,-0.991333
4.605777,0.024490,-0.027588,-0.991226
4.615163,0.024368,-0.027771,-0.991226
4.615268,0.024368,-0.027893,-0.991364
4.615303,0.024521,-0.027969,-0.991669
4.615331,0.024857,-0.027985,-0.992157
4.615356,0.025345,-0.027954,-0.992798
4.615381,0.025909,-0.027863,-0.993530
4.615404,0.026520,-0.027756,-0.994293
4.615429,0.027069,-0.027634,-0.995026
4.625524,0.027496,-0.027542,-0.995667
4.625670,0.027710,-0.027496,-0.996155
4.625701,0.027664,-0.027496,-0.996445
4.625728,0.027328,-0.027573,-0.996521
4.625759,0.026733,-0.027679,-0.996353
4.625787,0.025879,-0.027817,-0.995956
4.625908,0.024841,-0.027985,-0.995377
4.625931,0.023758,-0.028183,-0.994675
4.635151,0.022751,-0.028427,-0.993958
4.635286,0.021942,-0.028702,-0.993317
4.635317,0.021469,-0.029007,-0.992874
4.635344,0.021378,-0.029327,-0.992722
4.635368,0.021652,-0.029617,-0.992859
4.635392,0.022247,-0.029831,-0.993271
4.635415,0.023087,-0.029938,-0.993881
4.635502,0.024017,-0.029938,-0.994644
4.645159,0.024948,-0.029831,-0.995407
4.645285,0.025757,-0.029678,-0.996094
4.645325,0.026337,-0.029556,-0.996613
4.645353,0.026642,-0.029480,-0.996887
4.645378,0.026627,-0.029465,-0.996887
4.645409,0.026291,-0.029526,-0.996628
4.645435,0.025635,-0.029617,-0.996140
4.645459,0.024704,-0.029709,-0.995514
4.655335,0.023560,-0.029800,-0.994812
4.655459,0.022278,-0.029846,-0.994064
4.655493,0.020996,-0.029785,-0.993301
4.655523,0.019791,-0.029617,-0.992538
4.655555,0.018753,-0.029297,-0.991852
4.655585,0.017944,-0.028824,-0.991226
4.655616,0.017380,-0.028259,-0.990692
4.655644,0.017075,-0.027664,-0.990326
4.665293,0.017029,-0.027084,-0.990128
4.665431,0.017212,-0.026566,-0.990128
4.665463,0.017639,-0.026123,-0.990341
4.665489,0.018280,-0.025757,-0.990814
4.665514,0.019089,-0.025436,-0.991547
4.665538,0.020050,-0.025162,-0.992462
4.665572,0.021103,-0.024918,-0.993500
4.665597,0.022202,-0.024734,-0.994583
4.676525,0.023254,-0.024612,-0.995605
4.676649,0.024200,-0.024628,-0.996490
4.676680,0.025024,-0.024780,-0.997162
4.677424,0.025711,-0.025116,-0.997543
4.677471,0.026245,-0.025635,-0.997650
4.677496,0.026611,-0.026321,-0.997452
4.677520,0.026810,-0.027115,-0.996964
4.677545,0.026810,-0.028015,-0.996201
4.685315,0.026611,-0.028961,-0.995178
4.685560,0.026230,-0.029938,-0.993942
4.685598,0.025711,-0.030930,-0.992523
4.685624,0.025085,-0.031937,-0.990936
4.685649,0.024414,-0.032959,-0.989197
4.685674,0.023743,-0.033966,-0.987381
4.685697,0.023117,-0.034912,-0.985550
4.685721,0.022614,-0.035721,-0.983826
4.695344,0.022263,-0.036301,-0.982346
4.695455,0.022141,-0.036499,-0.981262
4.695486,0.022293,-0.036209,-0.980713
4.695512,0.022705,-0.035324,-0.980789
4.695536,0.023407,-0.033829,-0.981583
4.695561,0.024323,-0.031738,-0.983078
4.695596,0.025436,-0.029129,-0.985275
4.695621,0.026688,-0.026184,-0.988144
4.705453,0.027939,-0.023117,-0.991577
4.705648,0.029083,-0.020172,-0.995483
4.705679,0.029922,-0.017624,-0.999695
4.705706,0.030334,-0.015747,-1.004028
4.705730,0.030167,-0.014740,-1.008286
4.705754,0.029343,-0.014725,-1.012299
4.705778,0.027863,-0.015747,-1.015869
4.705803,0.025787,-0.017715,-1.018845
4.716087,0.023254,-0.020477,-1.021088
4.716228,0.020477,-0.023804,-1.022522
4.716262,0.017700,-0.027359,-1.023117
4.716291,0.015182,-0.030823,-1.022903
4.716316,0.013123,-0.033920,-1.021957
4.716339,0.011658,-0.036407,-1.020401
4.716363,0.010895,-0.038147,-1.018372
4.716389,0.010864,-0.039062,-1.016037
4.725832,0.011551,-0.039200,-1.013519
4.725971,0.012863,-0.038651,-1.010941
4.725999,0.014694,-0.037552,-1.008438
4.726033,0.016922,-0.036072,-1.006073
4.726059,0.019363,-0.034393,-1.003891
4.726085,0.021881,-0.032684,-1.001907
4.726108,0.024323,-0.031052,-1.000061
4.726139,0.026505,-0.029556,-0.998291
4.735508,0.028305,-0.028229,-0.996536
4.735628,0.029648,-0.027054,-0.994751
4.735656,0.030441,-0.025970,-0.992889
4.735681,0.030701,-0.024902,-0.990982
4.735706,0.030411,-0.023819,-0.989044
4.735730,0.029678,-0.022720,-0.987152
4.735753,0.028564,-0.021622,-0.985413
4.735777,0.027191,-0.020584,-0.983917
4.745482,0.025681,-0.019653,-0.982819
4.745593,0.024139,-0.018890,-0.982178
4.745624,0.022690,-0.018326,-0.982101
4.745650,0.021423,-0.018005,-0.982590
4.745676,0.020386,-0.017960,-0.983643
4.745701,0.019608,-0.018173,-0.985184
4.745734,0.019119,-0.018677,-0.987152
4.745760,0.018936,-0.019455,-0.989456
4.755520,0.019012,-0.020493,-0.992020
4.755624,0.019318,-0.021729,-0.994690
4.755653,0.019821,-0.023102,-0.997375
4.755681,0.020447,-0.024536,-0.999985
4.755706,0.021164,-0.025955,-1.002411
4.755730,0.021896,-0.027313,-1.004578
4.755777,0.022583,-0.028549,-1.006393
4.755823,0.023224,-0.029648,-1.007828
4.765781,0.023804,-0.030533,-1.008835
4.765916,0.024292,-0.031219,-1.009369
4.765949,0.024689,-0.031677,-1.009415
4.765998,0.025009,-0.031937,-1.008972
4.766026,0.025223,-0.032028,-1.008087
4.766051,0.025375,-0.031982,-1.006775
4.766116,0.025421,-0.031799,-1.005173
4.766143,0.025391,-0.031479,-1.003357
4.776971,0.025238,-0.030975,-1.001465
4.777100,0.025009,-0.030304,-0.999557
4.777151,0.024673,-0.029541,-0.997726
4.777177,0.024292,-0.028732,-0.996048
4.777201,0.023880,-0.027939,-0.994568
4.777226,0.023468,-0.027237,-0.993301
4.777250,0.023087,-0.026672,-0.992264
4.777275,0.022766,-0.026291,-0.991455
4.785508,0.022522,-0.026077,-0.990891
4.785627,0.022385,-0.026016,-0.990570
4.785658,0.022415,-0.026123,-0.990509
4.785682,0.022598,-0.026382,-0.990662
4.785706,0.022949,-0.026810,-0.991028
4.785730,0.023438,-0.027405,-0.991501
4.785755,0.023972,-0.028152,-0.992065
4.785779,0.024490,-0.028992,-0.992615
4.795543,0.024933,-0.029892,-0.993088
4.795651,0.025223,-0.030746,-0.993378
4.795681,0.025345,-0.031464,-0.993454
4.795706,0.025284,-0.031952,-0.993286
4.795732,0.025055,-0.032104,-0.992889
4.795756,0.024673,-0.031891,-0.992294
4.795780,0.024185,-0.031296,-0.991592
4.795805,0.023651,-0.030380,-0.990921
4.805562,0.023102,-0.029221,-0.990372
4.805687,0.022614,-0.027939,-0.990021
4.805718,0.022202,-0.026611,-0.989914
4.805743,0.021942,-0.025345,-0.990067
4.805768,0.021866,-0.024231,-0.990494
4.805792,0.021973,-0.023300,-0.991165
4.805823,0.022263,-0.022568,-0.992035
4.805850,0.022720,-0.022095,-0.993011
4.815644,0.023254,-0.021835,-0.994049
4.815798,0.023819,-0.021790,-0.995087
4.815835,0.024323,-0.021973,-0.996063
4.815862,0.024734,-0.022369,-0.996902
4.815887,0.025024,-0.022949,-0.997574
4.815912,0.025208,-0.023666,-0.998047
4.815938,0.025269,-0.024460,-0.998322
4.815961,0.025269,-0.025284,-0.998398
4.826438,0.025223,-0.026093,-0.998306
4.826582,0.025146,-0.026871,-0.998062
4.826619,0.025085,-0.027618,-0.997711
4.826648,0.025009,-0.028290,-0.997269
4.826674,0.024933,-0.028931,-0.996765
4.826708,0.024826,-0.029510,-0.996216
4.826734,0.024719,-0.030029,-0.995621
4.827092,0.024612,-0.030487,-0.994995
4.835891,0.024536,-0.030853,-0.994354
4.836020,0.024506,-0.031143,-0.993744
4.836049,0.024536,-0.031342,-0.993195
4.836074,0.024628,-0.031464,-0.992737
4.836215,0.024765,-0.031494,-0.992371
4.836244,0.024918,-0.031448,-0.992111
4.836268,0.025055,-0.031326,-0.991943
4.836292,0.025177,-0.031143,-0.991852
4.845689,0.025269,-0.030869,-0.991837
4.845822,0.025345,-0.030502,-0.991867
4.845854,0.025391,-0.030045,-0.991959
4.845882,0.025406,-0.029480,-0.992096
4.845908,0.025406,-0.028824,-0.992264
4.845933,0.025375,-0.028122,-0.992462
4.845960,0.025269,-0.027420,-0.992661
4.845986,0.025116,-0.026794,-0.992828
4.855935,0.024902,-0.026260,-0.992935
4.856424,0.024673,-0.025848,-0.992966
4.856460,0.024460,-0.025589,-0.992905
4.856510,0.024261,-0.025482,-0.992767
4.856543,0.024155,-0.025482,-0.992599
4.856570,0.024109,-0.025574,-0.992416
4.856596,0.024170,-0.025696,-0.992264
4.856620,0.024307,-0.025848,-0.992157
4.865995,0.024551,-0.025970,-0.992142
4.866149,0.024902,-0.026031,-0.992172
4.866177,0.025299,-0.026001,-0.992264
4.866205,0.025711,-0.025894,-0.992355
4.866231,0.026062,-0.025711,-0.992447
4.866430,0.026306,-0.025482,-0.992477
4.866466,0.026398,-0.025253,-0.992432
4.866505,0.026321,-0.025024,-0.992294
4.876001,0.026108,-0.024811,-0.992050
4.876130,0.025803,-0.024643,-0.991730
4.876161,0.025452,-0.024521,-0.991348
4.876188,0.025101,-0.024445,-0.990952
4.876212,0.024796,-0.024384,-0.990631
4.876236,0.024567,-0.024368,-0.990402
4.876259,0.024460,-0.024384,-0.990311
4.876284,0.024475,-0.024460,-0.990402
4.885806,0.024597,-0.024536,-0.990646
4.885927,0.024811,-0.024597,-0.991028
4.885957,0.025131,-0.024567,-0.991470
4.885983,0.025513,-0.024414,-0.991882
4.886008,0.025909,-0.024155,-0.992172
4.886032,0.026321,-0.023804,-0.992310
4.886056,0.026703,-0.023392,-0.992264
4.886080,0.027054,-0.022995,-0.992050
4.895869,0.027328,-0.022629,-0.991714
4.895983,0.027527,-0.022354,-0.991333
4.896012,0.027649,-0.022141,-0.990936
4.896039,0.027710,-0.021957,-0.990616
4.896065,0.027740,-0.021774,-0.990372
4.896090,0.027725,-0.021561,-0.990250
4.896115,0.027710,-0.021286,-0.990234
4.896139,0.027679,-0.020950,-0.990311
4.905852,0.027649,-0.020554,-0.990433
4.905996,0.027618,-0.020126,-0.990555
4.906028,0.027603,-0.019699,-0.990692
4.906054,0.027588,-0.019348,-0.990829
4.906094,0.027588,-0.019119,-0.990967
4.906120,0.027573,-0.018997,-0.991119
4.906144,0.027527,-0.019028,-0.991318
4.906168,0.027466,-0.019196,-0.991547
4.915964,0.027344,-0.019501,-0.991867
4.916090,0.027145,-0.019913,-0.992249
4.916121,0.026901,-0.020416,-0.992722
4.916146,0.026596,-0.020996,-0.993256
4.916170,0.026245,-0.021683,-0.993790
4.916194,0.025879,-0.022476,-0.994339
4.916219,0.025497,-0.023361,-0.994858
4.916244,0.025131,-0.024307,-0.995392
4.926048,0.024765,-0.025299,-0.995956
4.926295,0.024429,-0.026276,-0.996567
4.926333,0.024109,-0.027206,-0.997238
4.926359,0.023834,-0.028030,-0.997955
4.926384,0.023590,-0.028748,-0.998688
4.926423,0.023438,-0.029312,-0.999435
4.926448,0.023392,-0.029755,-1.000183
4.926474,0.023453,-0.030090,-1.000900
4.936123,0.023666,-0.030334,-1.001572
4.936248,0.024033,-0.030487,-1.002197
4.936278,0.024521,-0.030594,-1.002731
4.936306,0.025131,-0.030685,-1.003113
4.936331,0.025864,-0.030792,-1.003326
4.936358,0.026657,-0.030930,-1.003372
4.936383,0.027451,-0.031067,-1.003250
4.936408,0.028122,-0.031113,-1.002960
4.945985,0.028625,-0.030960,-1.002502
4.946110,0.028824,-0.030563,-1.001892
4.946139,0.028702,-0.029846,-1.001144
4.946164,0.028244,-0.028809,-1.000244
4.946188,0.027496,-0.027496,-0.999237
4.946212,0.026550,-0.025970,-0.998138
4.946244,0.025528,-0.024338,-0.997009
4.946271,0.024536,-0.022720,-0.995865
4.956015,0.023666,-0.021301,-0.994766
4.956116,0.023026,-0.020233,-0.993759
4.956145,0.022644,-0.019669,-0.992844
4.956171,0.022507,-0.019714,-0.992065
4.956196,0.022568,-0.020355,-0.991455
4.956222,0.022675,-0.021530,-0.990997
4.956248,0.022751,-0.023087,-0.990677
4.956273,0.022736,-0.024841,-0.990494
4.966215,0.022568,-0.026611,-0.990448
4.966840,0.022293,-0.028229,-0.990524
4.966877,0.021973,-0.029541,-0.990738
4.966904,0.021683,-0.030487,-0.991104
4.966929,0.021515,-0.031067,-0.991623
4.966956,0.021545,-0.031357,-0.992279
4.966981,0.021790,-0.031418,-0.993027
4.967126,0.022293,-0.031433,-0.993790
4.976153,0.023071,-0.031494,-0.994507
4.976648,0.024109,-0.031662,-0.995178
4.976690,0.025360,-0.031967,-0.995804
4.976721,0.026718,-0.032333,-0.996414
4.976846,0.028015,-0.032669,-0.996979
4.976879,0.029144,-0.032944,-0.997513
4.976907,0.030014,-0.033127,-0.997986
4.980073,0.030609,-0.033249,-0.998398
4.986549,0.030930,-0.033325,-0.998734
4.986664,0.031052,-0.033386,-0.999023
4.986692,0.031006,-0.033386,-0.999283
4.986718,0.030869,-0.033295,-0.999527
4.986742,0.030670,-0.033051,-0.999771
4.986766,0.030487,-0.032684,-0.999985
4.986790,0.030380,-0.032196,-1.000122
4.986814,0.030350,-0.031601,-1.000214
4.996136,0.030380,-0.030914,-1.000244
4.996253,0.030350,-0.030167,-1.000183
4.996281,0.030228,-0.029419,-1.000061
4.996309,0.029938,-0.028748,-0.999863
4.996335,0.029510,-0.028214,-0.999634
4.996359,0.028946,-0.027817,-0.999405
4.996388,0.028305,-0.027542,-0.999161
4.996423,0.027618,-0.027328,-0.998901
5.006186,0.026932,-0.027145,-0.998611
5.006294,0.026260,-0.026962,-0.998322
5.006322,0.025620,-0.026764,-0.998062
5.006348,0.024994,-0.026505,-0.997818
5.006373,0.024368,-0.026199,-0.997559
5.006399,0.023773,-0.025833,-0.997299
5.006424,0.023270,-0.025436,-0.997040
5.006448,0.022873,-0.024963,-0.996826
5.018216,0.022644,-0.024445,-0.996689
5.018377,0.022598,-0.023834,-0.996597
5.018408,0.022736,-0.023148,-0.996552
5.018454,0.023041,-0.022415,-0.996567
5.018497,0.023422,-0.021637,-0.996597
5.018525,0.023819,-0.020828,-0.996567
5.018651,0.024170,-0.020020,-0.996429
5.018797,0.024429,-0.019272,-0.996185
5.026488,0.024612,-0.018677,-0.995819
5.026617,0.024719,-0.018250,-0.995422
5.026646,0.024765,-0.018021,-0.995010
5.026680,0.024750,-0.017960,-0.994629
5.026707,0.024673,-0.018066,-0.994308
5.026732,0.024536,-0.018356,-0.994034
5.026756,0.024399,-0.018784,-0.993835
5.026782,0.024261,-0.019302,-0.993713
5.036241,0.024216,-0.019775,-0.993668
5.036354,0.024261,-0.020142,-0.993713
5.036382,0.024475,-0.020340,-0.993866
5.036407,0.024887,-0.020401,-0.994080
5.036432,0.025528,-0.020401,-0.994370
5.036455,0.026382,-0.020401,-0.994720
5.036479,0.027374,-0.020447,-0.995102
5.036503,0.028473,-0.020538,-0.995483
5.046307,0.029572,-0.020676,-0.995834
5.046430,0.030640,-0.020935,-0.996124
5.046465,0.031647,-0.021347,-0.996338
5.046506,0.032547,-0.021912,-0.996475
5.046536,0.033356,-0.022598,-0.996521
5.046565,0.034042,-0.023331,-0.996490
5.046604,0.034653,-0.024078,-0.996368
5.046635,0.035156,-0.024811,-0.996140
5.059332,0.035599,-0.025528,-0.995819
5.059482,0.035965,-0.026199,-0.995407
5.059562,0.036255,-0.026825,-0.994858
5.059591,0.036469,-0.027390,-0.994171
5.059621,0.036591,-0.027908,-0.993408
5.059649,0.036636,-0.028397,-0.992584
5.059674,0.036606,-0.028839,-0.991776
5.059698,0.036514,-0.029205,-0.991043
5.066319,0.036362,-0.029510,-0.990417
5.066462,0.036209,-0.029724,-0.989960
5.066493,0.036087,-0.029831,-0.989670
5.066519,0.036026,-0.029800,-0.989563
5.066556,0.036011,-0.029617,-0.989624
5.066617,0.036057,-0.029312,-0.989807
5.066641,0.036148,-0.028870,-0.990097
5.066665,0.036285,-0.028336,-0.990433
5.076375,0.036438,-0.027740,-0.990753
5.076506,0.036591,-0.027084,-0.991043
5.076536,0.036758,-0.026367,-0.991272
5.076562,0.036911,-0.025574,-0.991425
5.076586,0.037048,-0.024689,-0.991486
5.076618,0.037125,-0.023697,-0.991425
5.076644,0.037155,-0.022598,-0.991272
5.076668,0.037125,-0.021362,-0.991043
5.086395,0.037094,-0.019989,-0.990753
5.086518,0.037079,-0.018509,-0.990448
5.086544,0.037140,-0.016968,-0.990158
5.086569,0.037323,-0.015396,-0.989944
5.086594,0.037628,-0.013855,-0.989868
5.086617,0.038055,-0.012390,-0.989960
5.086641,0.038605,-0.011047,-0.990250
5.086664,0.039230,-0.009857,-0.990692
5.096467,0.039886,-0.008804,-0.991287
5.096569,0.040543,-0.007919,-0.991959
5.096599,0.041138,-0.007187,-0.992691
5.096623,0.041672,-0.006622,-0.993454
5.096646,0.042099,-0.006165,-0.994217
5.096670,0.042419,-0.005814,-0.994919
5.096702,0.042633,-0.005524,-0.995544
5.096728,0.042786,-0.005264,-0.996048
5.106886,0.042892,-0.005020,-0.996399
5.107021,0.042984,-0.004745,-0.996597
5.107051,0.043121,-0.004440,-0.996613
5.107079,0.043304,-0.004105,-0.996506
5.107104,0.043503,-0.003815,-0.996277
5.107129,0.043732,-0.003601,-0.995987
5.107152,0.043930,-0.003448,-0.995682
5.107183,0.044083,-0.003387,-0.995407
5.116479,0.044144,-0.003418,-0.995163
5.116598,0.044128,-0.003525,-0.994949
5.116644,0.043991,-0.003693,-0.994751
5.116682,0.043732,-0.003891,-0.994568
5.116829,0.043350,-0.004135,-0.994385
5.116867,0.042877,-0.004425,-0.994217
5.116906,0.042313,-0.004807,-0.994064
5.116943,0.041656,-0.005295,-0.993896
5.127928,0.040909,-0.005905,-0.993713
5.128213,0.040085,-0.006668,-0.993469
5.128272,0.039154,-0.007538,-0.993134
5.128310,0.038132,-0.008484,-0.992752
5.128341,0.037033,-0.009430,-0.992355
5.128379,0.035843,-0.010284,-0.991989
5.128410,0.034653,-0.010986,-0.991730
5.128439,0.033463,-0.011459,-0.991638
5.136567,0.032318,-0.011673,-0.991745
5.136669,0.031204,-0.011612,-0.992035
5.136697,0.030121,-0.011337,-0.992508
5.136721,0.029068,-0.010834,-0.993149
5.136745,0.028015,-0.010147,-0.993927
5.136770,0.026978,-0.009293,-0.994812
5.136794,0.025955,-0.008301,-0.995758
5.136818,0.024918,-0.007217,-0.996719
5.146645,0.023880,-0.006042,-0.997650
5.146738,0.022797,-0.004822,-0.998535
5.146763,0.021652,-0.003616,-0.999329
5.146796,0.020401,-0.002457,-1.000031
5.146823,0.019028,-0.001389,-1.000626
5.146847,0.017532,-0.000427,-1.001099
5.146871,0.015930,0.000381,-1.001434
5.146904,0.014282,0.001038,-1.001633
5.156672,0.012619,0.001511,-1.001724
5.157639,0.011032,0.001801,-1.001709
5.157779,0.009567,0.001862,-1.001572
5.157845,0.008224,0.001663,-1.001358
5.157910,0.007050,0.001175,-1.001053
5.157966,0.006027,0.000412,-1.000687
5.158016,0.005142,-0.000656,-1.000259
5.158073,0.004364,-0.002029,-0.999756
5.166980,0.003723,-0.003677,-0.999222
5.167112,0.003250,-0.005600,-0.998657
5.167142,0.002930,-0.007721,-0.998077
5.167170,0.002777,-0.009995,-0.997513
5.167197,0.002808,-0.012390,-0.996994
5.167223,0.003021,-0.014862,-0.996521
5.167248,0.003387,-0.017349,-0.996078
5.167273,0.003906,-0.019836,-0.995651
5.176632,0.004593,-0.022308,-0.995209
5.176809,0.005463,-0.024734,-0.994705
5.176858,0.006546,-0.027115,-0.994110
5.176889,0.007812,-0.029434,-0.993423
5.176916,0.009262,-0.031723,-0.992645
5.176942,0.010849,-0.033997,-0.991806
5.176968,0.012512,-0.036270,-0.990936
5.176991,0.014145,-0.038513,-0.990128
5.186759,0.015701,-0.040741,-0.989410
5.186867,0.017120,-0.042923,-0.988876
5.186895,0.018372,-0.045044,-0.988525
5.186920,0.019440,-0.047073,-0.988342
5.186944,0.020309,-0.048950,-0.988327
5.186967,0.021057,-0.050659,-0.988464
5.186990,0.021683,-0.052124,-0.988724
5.187014,0.022247,-0.053329,-0.989120
5.196768,0.022842,-0.054245,-0.989609
5.196890,0.023438,-0.054871,-0.990173
5.196929,0.024078,-0.055267,-0.990768
5.196969,0.024750,-0.055450,-0.991364
5.197002,0.025436,-0.055496,-0.991943
5.197031,0.026108,-0.055466,-0.992432
5.197063,0.026733,-0.055405,-0.992798
5.197091,0.027237,-0.055389,-0.993027
5.207264,0.027618,-0.055435,-0.993118
5.207428,0.027832,-0.055603,-0.993088
5.207592,0.027863,-0.055893,-0.992996
5.207635,0.027740,-0.056290,-0.992874
5.207676,0.027451,-0.056747,-0.992752
5.207713,0.027054,-0.057266,-0.992676
5.207750,0.026535,-0.057770,-0.992615
5.207798,0.025909,-0.058258,-0.992599
5.217062,0.025192,-0.058685,-0.992599
5.217204,0.024414,-0.059097,-0.992615
5.217235,0.023575,-0.059479,-0.992645
5.217262,0.022736,-0.059814,-0.992737
5.217287,0.021881,-0.060120,-0.992859
5.217314,0.021011,-0.060394,-0.992996
5.217457,0.020096,-0.060608,-0.993118
5.217507,0.019104,-0.060776,-0.993179
5.226867,0.018021,-0.060913,-0.993195
5.227084,0.016846,-0.060989,-0.993103
5.227113,0.015579,-0.060974,-0.992905
5.227138,0.014236,-0.060852,-0.992630
5.227165,0.012817,-0.060638,-0.992294
5.227191,0.011307,-0.060333,-0.991959
5.227214,0.009735,-0.059982,-0.991653
5.227240,0.008057,-0.059647,-0.991409
5.236849,0.006317,-0.059372,-0.991302
5.236975,0.004501,-0.059204,-0.991302
5.237018,0.002701,-0.059174,-0.991455
5.237056,0.000946,-0.059311,-0.991730
5.237093,-0.000687,-0.059586,-0.992142
5.237130,-0.002151,-0.059967,-0.992661
5.237166,-0.003403,-0.060425,-0.993332
5.237203,-0.004395,-0.060898,-0.994125
5.247002,-0.005112,-0.061279,-0.995071
5.247140,-0.005508,-0.061493,-0.996170
5.247186,-0.005569,-0.061432,-0.997406
5.247226,-0.005310,-0.061096,-0.998764
5.247263,-0.004776,-0.060471,-1.000168
5.247300,-0.003983,-0.059647,-1.001541
5.247349,-0.002930,-0.058655,-1.002762
5.247386,-0.001633,-0.057571,-1.003769
5.257068,-0.000107,-0.056381,-1.004517
5.257147,0.001617,-0.055038,-1.004974
5.257162,0.003525,-0.053436,-1.005142
5.257174,0.005585,-0.051529,-1.005035
5.257185,0.007721,-0.049225,-1.004715
5.257196,0.009903,-0.046524,-1.004196
5.257206,0.012085,-0.043472,-1.003525
5.257217,0.014282,-0.040161,-1.002747
5.266928,0.016449,-0.036682,-1.001877
5.268023,0.018585,-0.033173,-1.000916
5.268083,0.020691,-0.029739,-0.999878
5.268111,0.022781,-0.026474,-0.998718
5.268139,0.024841,-0.023438,-0.997452
5.268165,0.026886,-0.020676,-0.996048
5.268230,0.028900,-0.018173,-0.994492
5.268280,0.030884,-0.015945,-0.992798
5.277538,0.032837,-0.013992,-0.991028
5.277683,0.034698,-0.012329,-0.989258
5.277719,0.036469,-0.011032,-0.987579
5.277759,0.038040,-0.010178,-0.986023
5.277792,0.039368,-0.009888,-0.984680
5.277823,0.040375,-0.010193,-0.983582
5.277854,0.041016,-0.011154,-0.982727
5.277885,0.041245,-0.012711,-0.982117
5.287037,0.041061,-0.014771,-0.981720
5.287146,0.040436,-0.017258,-0.981522
5.287175,0.039459,-0.020050,-0.981491
5.287200,0.038177,-0.023026,-0.981613
5.287224,0.036743,-0.026047,-0.981918
5.287248,0.035217,-0.028946,-0.982407
5.287272,0.033691,-0.031601,-0.983109
5.287296,0.032227,-0.033890,-0.984009
5.297037,0.030869,-0.035751,-0.985077
5.297115,0.029694,-0.037140,-0.986282
5.297130,0.028748,-0.038071,-0.987625
5.297141,0.028030,-0.038544,-0.989075
5.297151,0.027542,-0.038620,-0.990601
5.297162,0.027237,-0.038315,-0.992172
5.297171,0.027069,-0.037750,-0.993729
5.297180,0.027023,-0.036957,-0.995224
5.307033,0.027054,-0.036011,-0.996613
5.307090,0.027084,-0.034958,-0.997879
5.307104,0.027115,-0.033783,-0.998962
5.307116,0.027100,-0.032471,-0.999893
5.307126,0.027054,-0.031052,-1.000671
5.307137,0.026978,-0.029526,-1.001312
5.307146,0.026901,-0.027924,-1.001862
5.307156,0.026855,-0.026306,-1.002304
5.317080,0.026855,-0.024704,-1.002686
5.317245,0.026901,-0.023178,-1.003021
5.317276,0.027023,-0.021744,-1.003387
5.317302,0.027176,-0.020462,-1.003815
5.317333,0.027344,-0.019333,-1.004303
5.317359,0.027527,-0.018372,-1.004883
5.317382,0.027695,-0.017593,-1.005539
5.317406,0.027802,-0.016998,-1.006271
5.327110,0.027878,-0.016586,-1.007080
5.327234,0.027908,-0.016357,-1.007919
5.327261,0.027954,-0.016312,-1.008759
5.327286,0.028015,-0.016449,-1.009567
5.327319,0.028107,-0.016800,-1.010300
5.327348,0.028183,-0.017380,-1.010910
5.327373,0.028168,-0.018219,-1.011353
5.327396,0.028030,-0.019287,-1.011551
5.337180,0.027725,-0.020538,-1.011459
5.337278,0.027267,-0.021912,-1.011093
5.337306,0.026749,-0.023361,-1.010468
5.337330,0.026215,-0.024765,-1.009598
5.337354,0.025726,-0.026123,-1.008545
5.337378,0.025269,-0.027390,-1.007339
5.337401,0.024841,-0.028549,-1.005997
5.337424,0.024414,-0.029587,-1.004532
5.347207,0.023956,-0.030441,-1.002945
5.347322,0.023499,-0.031097,-1.001297
5.347350,0.023041,-0.031464,-0.999634
5.347374,0.022614,-0.031570,-0.998016
5.347407,0.022202,-0.031403,-0.996521
5.347434,0.021729,-0.030991,-0.995132
5.347460,0.021194,-0.030334,-0.993866
5.347484,0.020615,-0.029449,-0.992706
5.357333,0.020004,-0.028290,-0.991684
5.357463,0.019440,-0.026871,-0.990784
5.357501,0.018982,-0.025208,-0.990051
5.357533,0.018692,-0.023346,-0.989456
5.357564,0.018570,-0.021347,-0.989014
5.357771,0.018585,-0.019287,-0.988708
5.357809,0.018753,-0.017227,-0.988495
5.357848,0.019043,-0.015213,-0.988388
5.367326,0.019501,-0.013306,-0.988327
5.367476,0.020096,-0.011551,-0.988297
5.367512,0.020813,-0.010025,-0.988266
5.367546,0.021576,-0.008774,-0.988220
5.367572,0.022324,-0.007843,-0.988144
5.367597,0.022964,-0.007233,-0.988022
5.367622,0.023438,-0.006927,-0.987823
5.367649,0.023743,-0.006882,-0.987534
5.377303,0.023880,-0.007034,-0.987137
5.377468,0.023865,-0.007324,-0.986679
5.377534,0.023727,-0.007736,-0.986191
5.377569,0.023453,-0.008240,-0.985718
5.377600,0.023056,-0.008835,-0.985291
5.377639,0.022568,-0.009521,-0.984894
5.377670,0.022049,-0.010254,-0.984528
5.377700,0.021561,-0.011002,-0.984146
5.387317,0.021164,-0.011749,-0.983826
5.387421,0.020889,-0.012451,-0.983566
5.387440,0.020752,-0.013138,-0.983475
5.387452,0.020752,-0.013840,-0.983597
5.387463,0.020920,-0.014557,-0.983948
5.387473,0.021255,-0.015335,-0.984558
5.387484,0.021774,-0.016174,-0.985352
5.387493,0.022522,-0.017075,-0.986267
5.397325,0.023453,-0.018036,-0.987274
5.397405,0.024551,-0.019028,-0.988297
5.397421,0.025711,-0.020050,-0.989258
5.397434,0.026794,-0.021072,-0.990097
5.397447,0.027664,-0.022064,-0.990723
5.397457,0.028275,-0.022949,-0.991089
5.397467,0.028564,-0.023636,-0.991180
5.397477,0.028564,-0.024063,-0.991043
5.407351,0.028290,-0.024185,-0.990723
5.407491,0.027817,-0.023972,-0.990265
5.407508,0.027161,-0.023483,-0.989746
5.407522,0.026398,-0.022781,-0.989212
5.407534,0.025574,-0.021973,-0.988708
5.407544,0.024750,-0.021133,-0.988205
5.407560,0.023956,-0.020355,-0.987717
5.407570,0.023239,-0.019730,-0.987228
5.417432,0.022629,-0.019318,-0.986710
5.417502,0.022141,-0.019165,-0.986206
5.417518,0.021820,-0.019287,-0.985733
5.417530,0.021698,-0.019669,-0.985382
5.417541,0.021805,-0.020325,-0.985199
5.417551,0.022141,-0.021179,-0.985229
5.417561,0.022659,-0.022217,-0.985504
5.417571,0.023270,-0.023376,-0.985977
5.427476,0.023849,-0.024643,-0.986603
5.427557,0.024292,-0.025940,-0.987228
5.427573,0.024460,-0.027176,-0.987762
5.427585,0.024292,-0.028259,-0.988098
5.427596,0.023743,-0.029068,-0.988205
5.427606,0.022858,-0.029556,-0.988113
5.427615,0.021759,-0.029694,-0.987900
5.427627,0.020508,-0.029510,-0.987640
5.437478,0.019226,-0.029068,-0.987366
5.437599,0.018005,-0.028442,-0.987061
5.437629,0.016968,-0.027740,-0.986710
5.437655,0.016205,-0.027084,-0.986267
5.437680,0.015762,-0.026520,-0.985718
5.437704,0.015671,-0.026138,-0.985062
5.437728,0.015976,-0.025940,-0.984344
5.437752,0.016632,-0.025925,-0.983597
5.447489,0.017670,-0.026093,-0.982864
5.447605,0.019043,-0.026398,-0.982224
5.447636,0.020706,-0.026749,-0.981766
5.447661,0.022644,-0.027069,-0.981522
5.447686,0.024750,-0.027237,-0.981522
5.447710,0.026947,-0.027161,-0.981750
5.447735,0.029068,-0.026779,-0.982147
5.447760,0.031021,-0.026077,-0.982651
5.457514,0.032669,-0.025055,-0.983200
5.457594,0.033981,-0.023788,-0.983749
5.457609,0.034927,-0.022369,-0.984314
5.457621,0.035553,-0.020889,-0.984924
5.457632,0.035919,-0.019470,-0.985596
5.457642,0.036087,-0.018204,-0.986359
5.457652,0.036072,-0.017151,-0.987228
5.457661,0.035873,-0.016342,-0.988205
5.467557,0.035507,-0.015778,-0.989273
5.467706,0.034958,-0.015472,-0.990402
5.467756,0.034256,-0.015381,-0.991592
5.467784,0.033478,-0.015472,-0.992813
5.467810,0.032669,-0.015717,-0.994095
5.467835,0.031906,-0.016083,-0.995422
5.467859,0.031204,-0.016556,-0.996826
5.467883,0.030609,-0.017059,-0.998367
5.477591,0.030121,-0.017532,-1.000076
5.477707,0.029770,-0.017944,-1.001938
5.477723,0.029572,-0.018204,-1.003952
5.477735,0.029510,-0.018356,-1.006042
5.477745,0.029556,-0.018433,-1.008163
5.477755,0.029709,-0.018524,-1.010223
5.477765,0.029877,-0.018768,-1.012161
5.477774,0.030014,-0.019257,-1.013916
5.487599,0.030106,-0.020050,-1.015442
5.487681,0.030090,-0.021194,-1.016663
5.487696,0.029968,-0.022659,-1.017548
5.487708,0.029694,-0.024384,-1.018051
5.487718,0.029251,-0.026321,-1.018112
5.487729,0.028671,-0.028351,-1.017731
5.487739,0.027954,-0.030426,-1.016907
5.487749,0.027100,-0.032471,-1.015686
5.497675,0.026154,-0.034424,-1.014160
5.497830,0.025101,-0.036224,-1.012421
5.497861,0.023987,-0.037827,-1.010544
5.497891,0.022842,-0.039169,-1.008652
5.497919,0.021729,-0.040176,-1.006790
5.497944,0.020706,-0.040833,-1.005020
5.497967,0.019791,-0.041122,-1.003387
5.497991,0.019043,-0.041107,-1.001862
5.507683,0.018463,-0.040817,-1.000488
5.507749,0.018097,-0.040298,-0.999268
5.507765,0.017960,-0.039612,-0.998276
5.507776,0.018066,-0.038834,-0.997559
5.507787,0.018463,-0.037964,-0.997101
5.507797,0.019150,-0.037003,-0.996933
5.507807,0.020111,-0.035965,-0.997040
5.507816,0.021347,-0.034821,-0.997406
5.517735,0.022797,-0.033569,-0.998032
5.517840,0.024384,-0.032181,-0.998901
5.517949,0.025986,-0.030640,-0.999969
5.517966,0.027512,-0.028961,-1.001160
5.517978,0.028900,-0.027176,-1.002426
5.517989,0.030090,-0.025314,-1.003708
5.518035,0.031052,-0.023499,-1.004898
5.518046,0.031799,-0.021805,-1.005951
5.527722,0.032364,-0.020355,-1.006882
5.527852,0.032745,-0.019211,-1.007675
5.527908,0.032959,-0.018478,-1.008362
5.527923,0.032990,-0.018188,-1.008987
5.527934,0.032822,-0.018402,-1.009552
5.527945,0.032471,-0.019104,-1.010040
5.527955,0.031952,-0.020264,-1.010437
5.527965,0.031265,-0.021820,-1.010727
5.537771,0.030441,-0.023682,-1.010910
5.537865,0.029495,-0.025726,-1.011002
5.537884,0.028458,-0.027847,-1.011032
5.537896,0.027359,-0.029968,-1.011047
5.537907,0.026184,-0.032043,-1.011078
5.537918,0.024994,-0.033997,-1.011169
5.537928,0.023804,-0.035767,-1.011322
5.537937,0.022644,-0.037292,-1.011536
5.547784,0.021576,-0.038498,-1.011795
5.547862,0.020645,-0.039368,-1.012039
5.547877,0.019882,-0.039856,-1.012268
5.547889,0.019333,-0.039978,-1.012466
5.547900,0.018982,-0.039719,-1.012619
5.547911,0.018845,-0.039139,-1.012711
5.547921,0.018921,-0.038315,-1.012756
5.547931,0.019180,-0.037292,-1.012772
5.557717,0.019638,-0.036179,-1.012741
5.557797,0.020218,-0.035080,-1.012650
5.557814,0.020874,-0.034088,-1.012512
5.557826,0.021530,-0.033279,-1.012314
5.557837,0.022125,-0.032730,-1.012039
5.557847,0.022629,-0.032471,-1.011688
5.557857,0.023041,-0.032532,-1.011246
5.557867,0.023392,-0.032883,-1.010742
5.567703,0.023682,-0.033508,-1.010147
5.567784,0.023926,-0.034348,-1.009460
5.567809,0.024155,-0.035370,-1.008728
5.567822,0.024307,-0.036499,-1.007950
5.567832,0.024384,-0.037659,-1.007111
5.567843,0.024368,-0.038773,-1.006210
5.567853,0.024277,-0.039749,-1.005234
5.567862,0.024109,-0.040512,-1.004166
5.577715,0.023895,-0.041000,-1.002975
5.577791,0.023651,-0.041183,-1.001694
5.577806,0.023392,-0.041031,-1.000351
5.577818,0.023148,-0.040512,-0.998962
5.577828,0.022919,-0.039673,-0.997604
5.577837,0.022736,-0.038513,-0.996262
5.577847,0.022629,-0.037094,-0.994980
5.577856,0.022614,-0.035461,-0.993790
5.587654,0.022736,-0.033676,-0.992706
5.587731,0.023010,-0.031784,-0.991730
5.587746,0.023438,-0.029877,-0.990845
5.587759,0.024017,-0.028000,-0.990021
5.587770,0.024750,-0.026215,-0.989227
5.587780,0.025589,-0.024567,-0.988419
5.587789,0.026489,-0.023087,-0.987579
5.587799,0.027390,-0.021790,-0.986725
5.597650,0.028244,-0.020691,-0.985825
5.597717,0.028992,-0.019852,-0.984909
5.597731,0.029556,-0.019318,-0.983948
5.597743,0.029831,-0.019135,-0.982956
5.597753,0.029785,-0.019333,-0.981918
5.597766,0.029358,-0.019882,-0.980820
5.597775,0.028625,-0.020691,-0.979691
5.597786,0.027649,-0.021622,-0.978561
5.607667,0.026535,-0.022537,-0.977509
5.607746,0.025391,-0.023331,-0.976639
5.607765,0.024368,-0.023911,-0.976028
5.607778,0.023560,-0.024246,-0.975784
5.607893,0.023056,-0.024292,-0.975967
5.607904,0.022888,-0.024048,-0.976547
5.607915,0.023056,-0.023483,-0.977463
5.607925,0.023560,-0.022629,-0.978638
5.617660,0.024338,-0.021515,-0.979919
5.617733,0.025330,-0.020203,-0.981216
5.617748,0.026459,-0.018799,-0.982422
5.617760,0.027634,-0.017426,-0.983459
5.617770,0.028793,-0.016190,-0.984344
5.617781,0.029877,-0.015182,-0.985092
5.617792,0.030777,-0.014465,-0.985687
5.617801,0.031433,-0.014053,-0.986115
5.627630,0.031799,-0.013931,-0.986389
5.627694,0.031860,-0.014069,-0.986465
5.627707,0.031586,-0.014389,-0.986343
5.627718,0.030991,-0.014832,-0.986038
5.627728,0.030167,-0.015366,-0.985580
5.627738,0.029160,-0.015930,-0.985046
5.627747,0.028046,-0.016510,-0.984512
5.627757,0.026901,-0.017090,-0.984039
5.637624,0.025818,-0.017639,-0.983673
5.637723,0.024811,-0.018158,-0.983429
5.637751,0.023926,-0.018616,-0.983337
5.637784,0.023163,-0.019012,-0.983383
5.637810,0.022491,-0.019318,-0.983566
5.637836,0.021973,-0.019531,-0.983856
5.637860,0.021576,-0.019653,-0.984253
5.637885,0.021347,-0.019699,-0.984772
5.648084,0.021271,-0.019714,-0.985367
5.648219,0.021332,-0.019730,-0.986053
5.648254,0.021561,-0.019791,-0.986801
5.648286,0.021881,-0.019897,-0.987534
5.648318,0.022278,-0.020050,-0.988220
5.648348,0.022705,-0.020218,-0.988785
5.648377,0.023117,-0.020386,-0.989197
5.648407,0.023483,-0.020523,-0.989441
5.657680,0.023758,-0.020615,-0.989532
5.657848,0.023972,-0.020660,-0.989517
5.657918,0.024124,-0.020660,-0.989426
5.657975,0.024216,-0.020630,-0.989288
5.658027,0.024292,-0.020554,-0.989151
5.658078,0.024384,-0.020493,-0.989029
5.658137,0.024521,-0.020447,-0.988953
5.658189,0.024719,-0.020432,-0.988907
5.667606,0.024948,-0.020432,-0.988907
5.667812,0.025238,-0.020462,-0.988953
5.667848,0.025528,-0.020523,-0.989075
5.667886,0.025818,-0.020615,-0.989288
5.667954,0.026108,-0.020737,-0.989609
5.667986,0.026367,-0.020889,-0.990036
5.668012,0.026566,-0.021057,-0.990555
5.668039,0.026672,-0.021225,-0.991104
5.677591,0.026703,-0.021408,-0.991669
5.677963,0.026657,-0.021591,-0.992203
5.678004,0.026535,-0.021759,-0.992661
5.678039,0.026382,-0.021912,-0.993027
5.678068,0.026245,-0.022034,-0.993362
5.678132,0.026108,-0.022156,-0.993668
5.678170,0.025970,-0.022263,-0.993958
5.678204,0.025818,-0.022339,-0.994232
5.687574,0.025620,-0.022400,-0.994476
5.687680,0.025391,-0.022430,-0.994705
5.687714,0.025116,-0.022430,-0.994888
5.687745,0.024826,-0.022354,-0.994995
5.687774,0.024551,-0.022171,-0.995056
5.687803,0.024307,-0.021881,-0.995071
5.687832,0.024124,-0.021454,-0.995026
5.687860,0.024002,-0.020920,-0.994949
5.697608,0.023911,-0.020309,-0.994904
5.697769,0.023834,-0.019653,-0.994873
5.697828,0.023773,-0.019043,-0.994873
5.701112,0.023727,-0.018524,-0.994919
5.701190,0.023727,-0.018112,-0.994980
5.701232,0.023788,-0.017883,-0.995041
5.701270,0.023895,-0.017838,-0.995102
5.701425,0.024048,-0.017975,-0.995178
5.707551,0.024261,-0.018311,-0.995239
5.707658,0.024521,-0.018784,-0.995285
5.707688,0.024811,-0.019379,-0.995316
5.707714,0.025116,-0.020065,-0.995346
5.707746,0.025452,-0.020798,-0.995316
5.707775,0.025772,-0.021530,-0.995255
5.707800,0.026047,-0.022232,-0.995148
5.707824,0.026276,-0.022858,-0.994980
5.717620,0.026413,-0.023407,-0.994797
5.717743,0.026489,-0.023834,-0.994568
5.717773,0.026489,-0.024109,-0.994324
5.717802,0.026413,-0.024246,-0.994049
5.717827,0.026276,-0.024231,-0.993759
5.717854,0.026077,-0.024094,-0.993423
5.717878,0.025833,-0.023895,-0.993057
5.717969,0.025558,-0.023651,-0.992676
5.727547,0.025284,-0.023438,-0.992294
5.727689,0.025055,-0.023285,-0.991943
5.727718,0.024902,-0.023193,-0.991623
5.727744,0.024826,-0.023163,-0.991364
5.727778,0.024841,-0.023209,-0.991165
5.727803,0.024918,-0.023315,-0.991028
5.727826,0.025040,-0.023483,-0.990906
5.727859,0.025162,-0.023697,-0.990784
5.737528,0.025238,-0.023956,-0.990677
5.737647,0.025284,-0.024246,-0.990570
5.737683,0.025299,-0.024582,-0.990463
5.737714,0.025284,-0.024918,-0.990417
5.737743,0.025299,-0.025269,-0.990417
5.737773,0.025375,-0.025589,-0.990479
5.737802,0.025497,-0.025864,-0.990616
5.737830,0.025665,-0.026108,-0.990784
5.747496,0.025848,-0.026321,-0.990982
5.747625,0.026001,-0.026489,-0.991196
5.747655,0.026123,-0.026642,-0.991394
5.747688,0.026169,-0.026825,-0.991577
5.747715,0.026184,-0.027054,-0.991760
5.747739,0.026138,-0.027359,-0.991943
5.747763,0.026093,-0.027725,-0.992172
5.747795,0.026031,-0.028152,-0.992416
5.757567,0.025955,-0.028595,-0.992706
5.757685,0.025894,-0.029007,-0.993011
5.757713,0.025864,-0.029373,-0.993301
5.757745,0.025879,-0.029648,-0.993591
5.757773,0.025940,-0.029861,-0.993851
5.757798,0.026016,-0.029953,-0.994080
5.757822,0.026108,-0.029968,-0.994278
5.757847,0.026184,-0.029892,-0.994476
5.767730,0.026215,-0.029755,-0.994659
5.767871,0.026199,-0.029587,-0.994843
5.767900,0.026108,-0.029419,-0.995010
5.767932,0.025986,-0.029266,-0.995178
5.767960,0.025803,-0.029114,-0.995346
5.767984,0.025558,-0.028976,-0.995514
5.768225,0.025284,-0.028870,-0.995682
5.768368,0.024994,-0.028793,-0.995850
5.780065,0.024704,-0.028748,-0.996063
5.780231,0.024445,-0.028732,-0.996307
5.780261,0.024200,-0.028717,-0.996567
5.780288,0.024002,-0.028687,-0.996826
5.780402,0.023880,-0.028625,-0.997101
5.780441,0.023865,-0.028488,-0.997360
5.780454,0.023926,-0.028275,-0.997635
5.780464,0.024094,-0.027985,-0.997925
5.787469,0.024338,-0.027664,-0.998245
5.787552,0.024628,-0.027313,-0.998581
5.787568,0.024963,-0.026978,-0.998917
5.787580,0.025314,-0.026718,-0.999237
5.787591,0.025620,-0.026520,-0.999527
5.787601,0.025894,-0.026413,-0.999741
5.787610,0.026093,-0.026382,-0.999878
5.787620,0.026215,-0.026382,-0.999893
5.797479,0.026245,-0.026398,-0.999802
5.797612,0.026184,-0.026413,-0.999603
5.797643,0.026047,-0.026382,-0.999298
5.797668,0.025833,-0.026306,-0.998917
5.797693,0.025528,-0.026169,-0.998505
5.797718,0.025177,-0.026016,-0.998093
5.797743,0.024796,-0.025879,-0.997681
5.797769,0.024414,-0.025772,-0.997314
5.807596,0.024094,-0.025726,-0.997025
5.807713,0.023849,-0.025711,-0.996796
5.807744,0.023727,-0.025711,-0.996689
5.807771,0.023743,-0.025742,-0.996689
5.807796,0.023880,-0.025772,-0.996826
5.807820,0.024109,-0.025772,-0.997070
5.807844,0.024399,-0.025787,-0.997375
5.807877,0.024704,-0.025848,-0.997696
5.817645,0.024994,-0.025970,-0.997955
5.817724,0.025269,-0.026184,-0.998123
5.817767,0.025528,-0.026489,-0.998184
5.817785,0.025772,-0.026886,-0.998138
5.817797,0.026001,-0.027344,-0.998032
5.817808,0.026215,-0.027847,-0.997864
5.817818,0.026398,-0.028351,-0.997711
5.817828,0.026535,-0.028839,-0.997589
5.827433,0.026581,-0.029297,-0.997498
5.827499,0.026550,-0.029709,-0.997498
5.827513,0.026428,-0.030090,-0.997543
5.827523,0.026199,-0.030457,-0.997635
5.827533,0.025925,-0.030807,-0.997742
5.827544,0.025604,-0.031158,-0.997864
5.827553,0.025284,-0.031479,-0.997971
5.827563,0.024994,-0.031738,-0.998047
5.837490,0.024719,-0.031952,-0.998108
5.837573,0.024475,-0.032104,-0.998154
5.837588,0.024231,-0.032211,-0.998199
5.837600,0.024002,-0.032272,-0.998291
5.837611,0.023804,-0.032303,-0.998428
5.837621,0.023651,-0.032318,-0.998611
5.837631,0.023560,-0.032333,-0.998825
5.837641,0.023529,-0.032364,-0.999054
5.847455,0.023560,-0.032425,-0.999298
5.847531,0.023651,-0.032486,-0.999557
5.847546,0.023788,-0.032547,-0.999817
5.847558,0.023972,-0.032608,-1.000092
5.847569,0.024155,-0.032639,-1.000397
5.847579,0.024323,-0.032639,-1.000687
5.847588,0.024445,-0.032593,-1.000946
5.847598,0.024521,-0.032516,-1.001190
5.857473,0.024597,-0.032425,-1.001373
5.857626,0.024673,-0.032303,-1.001495
5.857670,0.024796,-0.032211,-1.001526
5.857711,0.024994,-0.032150,-1.001434
5.857751,0.025238,-0.032166,-1.001251
5.857788,0.025497,-0.032227,-1.000961
5.857833,0.025726,-0.032349,-1.000595
5.857872,0.025879,-0.032532,-1.000198
5.867404,0.025925,-0.032730,-0.999756
5.867534,0.025848,-0.032928,-0.999313
5.867565,0.025665,-0.033096,-0.998840
5.867593,0.025391,-0.033203,-0.998352
5.867620,0.025055,-0.033203,-0.997894
5.867645,0.024704,-0.033112,-0.997482
5.867793,0.024384,-0.032928,-0.997131
5.867833,0.024109,-0.032639,-0.996826
5.877401,0.023911,-0.032288,-0.996567
5.877536,0.023788,-0.031860,-0.996307
5.877574,0.023773,-0.031372,-0.996033
5.877601,0.023834,-0.030838,-0.995773
5.877625,0.023972,-0.030258,-0.995514
5.877658,0.024170,-0.029633,-0.995255
5.877684,0.024414,-0.029007,-0.995010
5.877707,0.024719,-0.028351,-0.994781
5.887351,0.025040,-0.027679,-0.994583
5.887446,0.025360,-0.026993,-0.994370
5.887474,0.025650,-0.026276,-0.994141
5.887500,0.025879,-0.025574,-0.993866
5.887524,0.026001,-0.024887,-0.993546
5.887547,0.026031,-0.024292,-0.993225
5.887571,0.025970,-0.023834,-0.992859
5.887594,0.025833,-0.023544,-0.992493
5.897369,0.025650,-0.023438,-0.992142
5.897557,0.025421,-0.023483,-0.991821
5.897610,0.025208,-0.023666,-0.991547
5.897647,0.025009,-0.023926,-0.991333
5.897692,0.024826,-0.024185,-0.991211
5.897722,0.024643,-0.024414,-0.991165
5.897810,0.024475,-0.024567,-0.991196
5.897855,0.024323,-0.024643,-0.991302
5.907536,0.024185,-0.024628,-0.991425
5.907675,0.024078,-0.024536,-0.991547
5.907720,0.024033,-0.024414,-0.991623
5.907760,0.024033,-0.024277,-0.991653
5.907798,0.024094,-0.024155,-0.991653
5.907836,0.024185,-0.024033,-0.991653
5.907875,0.024292,-0.023926,-0.991684
5.907913,0.024399,-0.023819,-0.991730
5.917340,0.024490,-0.023727,-0.991821
5.917582,0.024567,-0.023636,-0.991943
5.917635,0.024643,-0.023560,-0.992096
5.917664,0.024719,-0.023529,-0.992249
5.917689,0.024796,-0.023560,-0.992416
5.917714,0.024872,-0.023621,-0.992569
5.917746,0.024948,-0.023712,-0.992706
5.917772,0.025009,-0.023819,-0.992798
5.927352,0.025055,-0.023880,-0.992874
5.927492,0.025070,-0.023895,-0.992920
5.927523,0.025070,-0.023819,-0.992935
5.927551,0.025070,-0.023666,-0.992950
5.927576,0.025070,-0.023438,-0.992966
5.927601,0.025085,-0.023148,-0.992996
5.927625,0.025131,-0.022827,-0.993057
5.927658,0.025223,-0.022476,-0.993195
5.937330,0.025345,-0.022079,-0.993378
5.937434,0.025467,-0.021683,-0.993561
5.937462,0.025604,-0.021255,-0.993698
5.937487,0.025696,-0.020828,-0.993744
5.937512,0.025742,-0.020432,-0.993668
5.937536,0.025726,-0.020065,-0.993484
5.937560,0.025635,-0.019775,-0.993195
5.937583,0.025482,-0.019577,-0.992844
5.947319,0.025253,-0.019485,-0.992477
5.947424,0.024994,-0.019531,-0.992126
5.947533,0.024689,-0.019669,-0.991806
5.947565,0.024368,-0.019913,-0.991562
5.947595,0.024078,-0.020203,-0.991364
5.947644,0.023834,-0.020554,-0.991241
5.947676,0.023682,-0.020935,-0.991165
5.947706,0.023605,-0.021332,-0.991119
5.957316,0.023621,-0.021774,-0.991104
5.957460,0.023682,-0.022263,-0.991074
5.957504,0.023773,-0.022766,-0.991043
5.957545,0.023895,-0.023285,-0.990982
5.957584,0.024033,-0.023758,-0.990891
5.957621,0.024170,-0.024170,-0.990784
5.957658,0.024292,-0.024475,-0.990677
5.957695,0.024445,-0.024673,-0.990585
5.967298,0.024612,-0.024734,-0.990555
5.967515,0.024796,-0.024658,-0.990616
5.967557,0.025009,-0.024475,-0.990814
5.967587,0.025223,-0.024216,-0.991119
5.967612,0.025467,-0.023926,-0.991501
5.967684,0.025696,-0.023605,-0.991913
5.967721,0.025909,-0.023315,-0.992294
5.967750,0.026093,-0.023071,-0.992615
5.977297,0.026215,-0.022888,-0.992874
5.977414,0.026306,-0.022766,-0.993042
5.977444,0.026306,-0.022690,-0.993149
5.977472,0.026215,-0.022644,-0.993195
5.977496,0.026077,-0.022629,-0.993179
5.977523,0.025909,-0.022644,-0.993149
5.977547,0.025726,-0.022705,-0.993088
5.977571,0.025543,-0.022797,-0.993042
5.987280,0.025375,-0.022949,-0.992996
5.987514,0.025208,-0.023163,-0.992966
5.987551,0.025055,-0.023392,-0.992935
5.987577,0.024918,-0.023605,-0.992920
5.987601,0.024811,-0.023804,-0.992935
5.987627,0.024734,-0.023926,-0.992981
5.987651,0.024704,-0.023972,-0.993057
5.987675,0.024704,-0.023956,-0.993164
5.997354,0.024734,-0.023880,-0.993286
5.997503,0.024811,-0.023758,-0.993393
5.997541,0.024918,-0.023590,-0.993484
5.997568,0.025101,-0.023376,-0.993515
5.997593,0.025314,-0.023132,-0.993500
5.997617,0.025574,-0.022873,-0.993423
5.997650,0.025833,-0.022659,-0.993286
5.997676,0.026077,-0.022476,-0.993103
6.007387,0.026276,-0.022385,-0.992920
6.007516,0.026428,-0.022400,-0.992722
6.007572,0.026505,-0.022552,-0.992554
6.007599,0.026489,-0.022842,-0.992401
6.007631,0.026398,-0.023254,-0.992264
6.007658,0.026245,-0.023773,-0.992142
6.007684,0.026093,-0.024384,-0.992050
6.007709,0.025909,-0.025055,-0.991989
6.017593,0.025742,-0.025742,-0.991989
6.017726,0.025574,-0.026413,-0.992035
6.017764,0.025360,-0.027039,-0.992142
6.017792,0.025131,-0.027618,-0.992310
6.017817,0.024887,-0.028122,-0.992554
6.017844,0.024628,-0.028549,-0.992844
6.018025,0.024414,-0.028870,-0.993179
6.018067,0.024246,-0.029099,-0.993530
6.028273,0.024185,-0.029190,-0.993896
6.028436,0.024231,-0.029144,-0.994232
6.028468,0.024399,-0.028946,-0.994537
6.028493,0.024628,-0.028656,-0.994766
6.028518,0.024872,-0.028275,-0.994888
6.028542,0.025070,-0.027863,-0.994904
6.028568,0.025162,-0.027466,-0.994797
6.028593,0.025146,-0.027115,-0.994614
6.037246,0.025040,-0.026825,-0.994370
6.037373,0.024841,-0.026642,-0.994110
6.037402,0.024612,-0.026550,-0.993851
6.037429,0.024414,-0.026566,-0.993652
6.037454,0.024231,-0.026642,-0.993546
6.037478,0.024094,-0.026764,-0.993546
6.037502,0.023987,-0.026901,-0.993652
6.037526,0.023926,-0.027069,-0.993851
6.047287,0.023926,-0.027252,-0.994125
6.047412,0.023972,-0.027451,-0.994446
6.047456,0.024094,-0.027664,-0.994812
6.047489,0.024277,-0.027863,-0.995163
6.047656,0.024536,-0.028030,-0.995544
6.047690,0.024826,-0.028122,-0.995911
6.048210,0.025146,-0.028137,-0.996292
6.048305,0.025482,-0.028061,-0.996689
6.057167,0.025803,-0.027893,-0.997070
6.057245,0.026077,-0.027649,-0.997391
6.057261,0.026291,-0.027344,-0.997635
6.057273,0.026428,-0.027039,-0.997742
6.057283,0.026489,-0.026718,-0.997742
6.057293,0.026489,-0.026398,-0.997635
6.057302,0.026428,-0.026093,-0.997467
6.057312,0.026306,-0.025803,-0.997299
6.067156,0.026138,-0.025528,-0.997162
6.067230,0.025940,-0.025269,-0.997055
6.067245,0.025742,-0.025009,-0.996994
6.067257,0.025543,-0.024780,-0.996964
6.067267,0.025391,-0.024551,-0.996918
6.067277,0.025269,-0.024353,-0.996857
6.067287,0.025192,-0.024200,-0.996765
6.067297,0.025131,-0.024063,-0.996658
6.077138,0.025070,-0.023972,-0.996536
6.077256,0.025024,-0.023911,-0.996399
6.077285,0.025009,-0.023895,-0.996262
6.077310,0.025009,-0.023911,-0.996140
6.077335,0.025070,-0.023972,-0.996017
6.077362,0.025162,-0.024094,-0.995941
6.077388,0.025299,-0.024277,-0.995911
6.077411,0.025482,-0.024506,-0.995926
6.087156,0.025681,-0.024796,-0.996002
6.087281,0.025879,-0.025162,-0.996155
6.087309,0.026077,-0.025558,-0.996368
6.087335,0.026260,-0.026001,-0.996613
6.087359,0.026398,-0.026443,-0.996857
6.087384,0.026505,-0.026871,-0.997070
6.087408,0.026566,-0.027283,-0.997223
6.087431,0.026581,-0.027664,-0.997284
6.097155,0.026535,-0.028030,-0.997238
6.097284,0.026428,-0.028351,-0.997101
6.097320,0.026276,-0.028656,-0.996872
6.097350,0.026108,-0.028931,-0.996567
6.097388,0.025925,-0.029144,-0.996216
6.097419,0.025757,-0.029282,-0.995895
6.097449,0.025574,-0.029297,-0.995621
6.097480,0.025391,-0.029190,-0.995422
6.107125,0.025208,-0.028976,-0.995346
6.107251,0.025040,-0.028641,-0.995377
6.107280,0.024902,-0.028259,-0.995514
6.107306,0.024811,-0.027863,-0.995743
6.107332,0.024811,-0.027527,-0.996033
6.107356,0.024902,-0.027267,-0.996353
6.107380,0.025070,-0.027115,-0.996674
6.107404,0.025269,-0.027039,-0.996964
6.117539,0.025467,-0.027008,-0.997192
6.117747,0.025665,-0.026978,-0.997375
6.117985,0.025833,-0.026932,-0.997498
6.118114,0.025955,-0.026825,-0.997528
6.118174,0.026062,-0.026703,-0.997498
6.118208,0.026108,-0.026566,-0.997406
6.118237,0.026138,-0.026443,-0.997238
6.118265,0.026123,-0.026382,-0.997009
6.127119,0.026062,-0.026367,-0.996704
6.127257,0.025940,-0.026413,-0.996353
6.127374,0.025772,-0.026535,-0.995972
6.127411,0.025604,-0.026688,-0.995590
6.127443,0.025421,-0.026886,-0.995209
6.127473,0.025253,-0.027084,-0.994843
6.127502,0.025116,-0.027298,-0.994492
6.127539,0.025024,-0.027527,-0.994171
6.137091,0.024979,-0.027802,-0.993896
6.137191,0.025009,-0.028091,-0.993668
6.137219,0.025085,-0.028442,-0.993515
6.137244,0.025192,-0.028824,-0.993454
6.137269,0.025284,-0.029205,-0.993454
6.137293,0.025345,-0.029556,-0.993546
6.137318,0.025391,-0.029831,-0.993698
6.137341,0.025406,-0.029999,-0.993881
6.147139,0.025421,-0.030060,-0.994080
6.147257,0.025421,-0.029984,-0.994247
6.147293,0.025421,-0.029800,-0.994370
6.147325,0.025406,-0.029526,-0.994400
6.147355,0.025375,-0.029160,-0.994354
6.147385,0.025360,-0.028732,-0.994263
6.147424,0.025345,-0.028259,-0.994125
6.147455,0.025360,-0.027756,-0.993958
6.157259,0.025391,-0.027222,-0.993805
6.157403,0.025467,-0.026688,-0.993668
6.157436,0.025589,-0.026184,-0.993546
6.157464,0.025742,-0.025711,-0.993469
6.157489,0.025909,-0.025314,-0.993378
6.157514,0.026047,-0.025040,-0.993301
6.157538,0.026138,-0.024872,-0.993210
6.157572,0.026169,-0.024796,-0.993103
6.167966,0.026138,-0.024826,-0.992981
6.168113,0.026093,-0.024918,-0.992874
6.168176,0.026016,-0.025040,-0.992798
6.168217,0.025909,-0.025192,-0.992737
6.168244,0.025803,-0.025360,-0.992722
6.168269,0.025696,-0.025543,-0.992767
6.168302,0.025620,-0.025742,-0.992874
6.168329,0.025620,-0.025940,-0.993011
6.177016,0.025665,-0.026123,-0.993179
6.177147,0.025787,-0.026245,-0.993317
6.177175,0.025940,-0.026306,-0.993439
6.177209,0.026138,-0.026276,-0.993546
6.177236,0.026337,-0.026154,-0.993607
6.177260,0.026489,-0.025925,-0.993652
6.177284,0.026581,-0.025589,-0.993698
6.177315,0.026566,-0.025162,-0.993759
6.187051,0.026443,-0.024658,-0.993835
6.187143,0.026230,-0.024109,-0.993942
6.187172,0.025940,-0.023529,-0.994080
6.187197,0.025650,-0.022964,-0.994232
6.187222,0.025375,-0.022430,-0.994354
6.187253,0.025131,-0.021988,-0.994461
6.187277,0.024918,-0.021652,-0.994537
6.187300,0.024734,-0.021469,-0.994553
6.197052,0.024567,-0.021423,-0.994507
6.197185,0.024384,-0.021484,-0.994385
6.197221,0.024200,-0.021683,-0.994156
6.197266,0.024017,-0.021973,-0.993866
6.197318,0.023819,-0.022339,-0.993515
6.197348,0.023651,-0.022766,-0.993164
6.197378,0.023499,-0.023239,-0.992844
6.197407,0.023407,-0.023727,-0.992584
6.207027,0.023392,-0.024216,-0.992432
6.207348,0.023468,-0.024658,-0.992371
6.207391,0.023621,-0.025055,-0.992416
6.207433,0.023834,-0.025375,-0.992569
6.207472,0.024078,-0.025665,-0.992767
6.207508,0.024323,-0.025894,-0.992996
6.207546,0.024521,-0.026093,-0.993195
6.207584,0.024689,-0.026260,-0.993347
6.217097,0.024811,-0.026367,-0.993423
6.217318,0.024918,-0.026413,-0.993439
6.217368,0.024994,-0.026367,-0.993393
6.217398,0.025070,-0.026199,-0.993301
6.217449,0.025116,-0.025879,-0.993210
6.217477,0.025146,-0.025406,-0.993118
6.217503,0.025192,-0.024780,-0.993042
6.217529,0.025253,-0.024094,-0.992950
6.226991,0.025330,-0.023392,-0.992859
6.227118,0.025436,-0.022736,-0.992767
6.227153,0.025574,-0.022156,-0.992661
6.227185,0.025711,-0.021729,-0.992584
6.227216,0.025848,-0.021469,-0.992508
6.227247,0.025955,-0.021393,-0.992477
6.227277,0.026031,-0.021469,-0.992462
6.227305,0.026047,-0.021698,-0.992493
6.236993,0.026001,-0.022034,-0.992554
6.237125,0.025864,-0.022461,-0.992661
6.237159,0.025635,-0.022964,-0.992813
6.237189,0.025314,-0.023544,-0.992996
6.237219,0.024963,-0.024155,-0.993210
6.237248,0.024628,-0.024796,-0.993439
6.237276,0.024323,-0.025436,-0.993652
6.237304,0.024094,-0.026016,-0.993820
6.246999,0.023941,-0.026505,-0.993942
6.247117,0.023880,-0.026840,-0.993988
6.247148,0.023911,-0.027023,-0.993988
6.247181,0.023987,-0.027039,-0.993942
6.247210,0.024109,-0.026917,-0.993851
6.247244,0.024246,-0.026688,-0.993744
6.247274,0.024399,-0.026428,-0.993652
6.247302,0.024551,-0.026154,-0.993561
6.258194,0.024704,-0.025864,-0.993484
6.258428,0.024841,-0.025558,-0.993439
6.258460,0.024994,-0.025223,-0.993408
6.258485,0.025162,-0.024857,-0.993393
6.258511,0.025330,-0.024490,-0.993378
6.258653,0.025528,-0.024124,-0.993378
6.258683,0.025742,-0.023819,-0.993378
6.258717,0.025925,-0.023605,-0.993408
6.267942,0.026093,-0.023514,-0.993469
6.268241,0.026215,-0.023605,-0.993546
6.268272,0.026276,-0.023865,-0.993652
6.268303,0.026276,-0.024246,-0.993774
6.268330,0.026245,-0.024719,-0.993896
6.268366,0.026154,-0.025208,-0.994003
6.268473,0.026031,-0.025681,-0.994095
6.268520,0.025925,-0.026093,-0.994186
6.276960,0.025818,-0.026413,-0.994263
6.277088,0.025711,-0.026627,-0.994339
6.277118,0.025604,-0.026718,-0.994446
6.277242,0.025482,-0.026718,-0.994553
6.277291,0.025345,-0.026642,-0.994659
6.277320,0.025223,-0.026520,-0.994736
6.277347,0.025116,-0.026337,-0.994812
6.277372,0.025024,-0.026108,-0.994873
6.286978,0.024994,-0.025833,-0.994949
6.287083,0.025024,-0.025513,-0.994995
6.287111,0.025101,-0.025162,-0.995010
6.287136,0.025238,-0.024826,-0.994965
6.287160,0.025391,-0.024521,-0.994873
6.287184,0.025543,-0.024277,-0.994736
6.287208,0.025665,-0.024124,-0.994598
6.287231,0.025787,-0.024078,-0.994476
6.296967,0.025909,-0.024124,-0.994415
6.297078,0.026031,-0.024261,-0.994400
6.297108,0.026154,-0.024445,-0.994431
6.297133,0.026291,-0.024658,-0.994507
6.297157,0.026428,-0.024902,-0.994553
6.297190,0.026520,-0.025162,-0.994568
6.297218,0.026581,-0.025421,-0.994553
6.297244,0.026596,-0.025681,-0.994492
6.306945,0.026550,-0.025909,-0.994415
6.307074,0.026428,-0.026123,-0.994354
6.307104,0.026230,-0.026321,-0.994308
6.307140,0.025970,-0.026474,-0.994293
6.307167,0.025650,-0.026581,-0.994293
6.307192,0.025299,-0.026611,-0.994308
6.307218,0.024933,-0.026566,-0.994354
6.307241,0.024612,-0.026489,-0.994400
6.317009,0.024384,-0.026413,-0.994461
6.317142,0.024246,-0.026321,-0.994522
6.317172,0.024216,-0.026245,-0.994553
6.317200,0.024277,-0.026199,-0.994598
6.317225,0.024414,-0.026184,-0.994644
6.317363,0.024612,-0.026199,-0.994736
6.317399,0.024857,-0.026245,-0.994858
6.317504,0.025101,-0.026321,-0.995026
6.326955,0.025360,-0.026367,-0.995209
6.327126,0.025574,-0.026398,-0.995377
6.327171,0.025696,-0.026413,-0.995544
6.327421,0.025726,-0.026398,-0.995697
6.327816,0.025650,-0.026367,-0.995850
6.327871,0.025482,-0.026276,-0.995987
6.327906,0.025314,-0.026123,-0.996140
6.327935,0.025146,-0.025909,-0.996338
6.336941,0.025070,-0.025635,-0.996567
6.337045,0.025085,-0.025314,-0.996811
6.337073,0.025177,-0.024933,-0.997025
6.337099,0.025360,-0.024536,-0.997223
6.337126,0.025558,-0.024155,-0.997330
6.337155,0.025787,-0.023834,-0.997330
6.337184,0.025955,-0.023636,-0.997208
6.337212,0.026062,-0.023621,-0.996979
6.346888,0.026062,-0.023788,-0.996658
6.346994,0.025986,-0.024139,-0.996292
6.347023,0.025818,-0.024612,-0.995911
6.347050,0.025604,-0.025146,-0.995575
6.347074,0.025375,-0.025665,-0.995331
6.347099,0.025162,-0.026138,-0.995193
6.347122,0.024963,-0.026505,-0.995163
6.347148,0.024826,-0.026794,-0.995224
6.356894,0.024734,-0.026993,-0.995361
6.359473,0.024689,-0.027130,-0.995514
6.359507,0.024689,-0.027191,-0.995651
6.359536,0.024750,-0.027222,-0.995743
6.359561,0.024826,-0.027222,-0.995773
6.359585,0.024948,-0.027191,-0.995743
6.359616,0.025085,-0.027145,-0.995651
6.359756,0.025269,-0.027084,-0.995468
6.366845,0.025436,-0.027023,-0.995239
6.366943,0.025589,-0.026962,-0.994980
6.366973,0.025711,-0.026901,-0.994705
6.367001,0.025787,-0.026855,-0.994446
6.367025,0.025848,-0.026810,-0.994232
6.367050,0.025864,-0.026810,-0.994095
6.367074,0.025833,-0.026825,-0.994034
6.367107,0.025757,-0.026871,-0.994034
6.376834,0.025650,-0.026932,-0.994064
6.376963,0.025528,-0.027008,-0.994080
6.376994,0.025375,-0.027100,-0.994080
6.377020,0.025238,-0.027206,-0.994019
6.377047,0.025116,-0.027344,-0.993912
6.377072,0.025024,-0.027512,-0.993729
6.377096,0.024963,-0.027725,-0.993469
6.377129,0.024948,-0.027985,-0.993164
6.386837,0.024979,-0.028214,-0.992859
6.386962,0.025055,-0.028412,-0.992569
6.386990,0.025162,-0.028549,-0.992325
6.387015,0.025314,-0.028595,-0.992172
6.387039,0.025467,-0.028534,-0.992111
6.387063,0.025635,-0.028366,-0.992126
6.387087,0.025818,-0.028137,-0.992188
6.387129,0.026016,-0.027847,-0.992310
6.396859,0.026230,-0.027527,-0.992493
6.397001,0.026413,-0.027206,-0.992691
6.397031,0.026566,-0.026901,-0.992920
6.397056,0.026672,-0.026596,-0.993134
6.397081,0.026688,-0.026306,-0.993286
6.397107,0.026627,-0.026062,-0.993362
6.397130,0.026505,-0.025879,-0.993347
6.397154,0.026337,-0.025742,-0.993271
6.406868,0.026154,-0.025681,-0.993149
6.407003,0.025986,-0.025696,-0.993027
6.407032,0.025848,-0.025787,-0.992905
6.407058,0.025742,-0.025925,-0.992783
6.407083,0.025681,-0.026077,-0.992661
6.407107,0.025665,-0.026215,-0.992538
6.407131,0.025696,-0.026291,-0.992386
6.407155,0.025772,-0.026291,-0.992233
6.416846,0.025879,-0.026215,-0.992081
6.416973,0.025970,-0.026062,-0.991974
6.417018,0.026031,-0.025833,-0.991943
6.417042,0.026047,-0.025543,-0.991974
6.417066,0.026016,-0.025208,-0.992050
6.417091,0.025925,-0.024857,-0.992157
6.417115,0.025803,-0.024521,-0.992294
6.417141,0.025696,-0.024200,-0.992432
6.426828,0.025620,-0.023911,-0.992584
6.426934,0.025604,-0.023682,-0.992737
6.426970,0.025650,-0.023483,-0.992905
6.426998,0.025742,-0.023361,-0.993134
6.427022,0.025864,-0.023315,-0.993393
6.427046,0.025986,-0.023346,-0.993698
6.427072,0.026108,-0.023483,-0.994003
6.427098,0.026199,-0.023697,-0.994308
6.436761,0.026245,-0.023987,-0.994583
6.436889,0.026215,-0.024353,-0.994827
6.436917,0.026138,-0.024765,-0.995041
6.436943,0.026001,-0.025192,-0.995193
6.436968,0.025864,-0.025558,-0.995300
6.436993,0.025711,-0.025848,-0.995361
6.437017,0.025558,-0.026016,-0.995407
6.437040,0.025421,-0.026062,-0.995422
6.447029,0.025284,-0.026001,-0.995453
6.447301,0.025146,-0.025864,-0.995453
6.447332,0.025024,-0.025681,-0.995438
6.447366,0.024902,-0.025436,-0.995361
6.447470,0.024811,-0.025177,-0.995239
6.447511,0.024734,-0.024918,-0.995087
6.447539,0.024673,-0.024643,-0.994919
6.447565,0.024612,-0.024399,-0.994766
6.456944,0.024551,-0.024216,-0.994629
6.460239,0.024475,-0.024109,-0.994507
6.460296,0.024384,-0.024109,-0.994446
6.460333,0.024277,-0.024200,-0.994415
6.460361,0.024185,-0.024399,-0.994431
6.460385,0.024139,-0.024689,-0.994492
6.460411,0.024139,-0.025055,-0.994568
6.460506,0.024231,-0.025467,-0.994675
6.466734,0.024399,-0.025864,-0.994797
6.466854,0.024628,-0.026215,-0.994934
6.466929,0.024902,-0.026459,-0.995087
6.466996,0.025177,-0.026581,-0.995224
6.467023,0.025421,-0.026627,-0.995361
6.467049,0.025574,-0.026596,-0.995453
6.467073,0.025681,-0.026489,-0.995499
6.467096,0.025696,-0.026321,-0.995483
6.476870,0.025665,-0.026108,-0.995422
6.477001,0.025589,-0.025864,-0.995331
6.477032,0.025467,-0.025589,-0.995224
6.477058,0.025284,-0.025284,-0.995117
6.477083,0.025085,-0.024948,-0.995010
6.477110,0.024902,-0.024612,-0.994904
6.477134,0.024765,-0.024277,-0.994751
6.477157,0.024658,-0.023987,-0.994568
6.486730,0.024612,-0.023758,-0.994354
6.486848,0.024582,-0.023605,-0.994156
6.486876,0.024597,-0.023544,-0.994003
6.486902,0.024658,-0.023544,-0.993927
6.486933,0.024750,-0.023621,-0.993927
6.486964,0.024872,-0.023758,-0.993958
6.486988,0.025024,-0.023941,-0.994034
6.487011,0.025192,-0.024170,-0.994110
6.496703,0.025330,-0.024414,-0.994202
6.496822,0.025406,-0.024673,-0.994263
6.496853,0.025436,-0.024933,-0.994308
6.496880,0.025375,-0.025223,-0.994308
6.496904,0.025269,-0.025528,-0.994263
6.496930,0.025162,-0.025818,-0.994156
6.496954,0.025101,-0.026077,-0.993973
6.496979,0.025101,-0.026291,-0.993759
6.507173,0.025131,-0.026459,-0.993500
6.507303,0.025192,-0.026566,-0.993240
6.507358,0.025269,-0.026672,-0.993011
6.507385,0.025314,-0.026733,-0.992798
6.507412,0.025345,-0.026810,-0.992615
6.507437,0.025345,-0.026871,-0.992447
6.507461,0.025330,-0.026917,-0.992294
6.507487,0.025299,-0.026947,-0.992172
6.516914,0.025284,-0.026947,-0.992096
6.517055,0.025284,-0.026901,-0.992096
6.517088,0.025269,-0.026825,-0.992172
6.517114,0.025238,-0.026688,-0.992294
6.517140,0.025223,-0.026535,-0.992447
6.517173,0.025192,-0.026367,-0.992599
6.517237,0.025177,-0.026199,-0.992767
6.517381,0.025162,-0.026031,-0.992905
6.529363,0.025162,-0.025894,-0.993011
6.529463,0.025177,-0.025803,-0.993088
6.529481,0.025208,-0.025757,-0.993149
6.529493,0.025253,-0.025742,-0.993210
6.529504,0.025284,-0.025757,-0.993271
6.529516,0.025330,-0.025772,-0.993362
6.529526,0.025345,-0.025757,-0.993500
6.529537,0.025375,-0.025757,-0.993713
6.536680,0.025375,-0.025757,-0.993973
6.536796,0.025345,-0.025803,-0.994247
6.536824,0.025284,-0.025909,-0.994507
6.536850,0.025162,-0.026062,-0.994690
6.536875,0.025009,-0.026260,-0.994781
6.536899,0.024857,-0.026443,-0.994766
6.536922,0.024719,-0.026611,-0.994614
6.536946,0.024597,-0.026688,-0.994400
6.546683,0.024536,-0.026672,-0.994156
6.546802,0.024551,-0.026566,-0.993958
6.546840,0.024628,-0.026367,-0.993851
6.546867,0.024765,-0.026108,-0.993851
6.546892,0.024933,-0.025818,-0.993958
6.546916,0.025162,-0.025543,-0.994202
6.546947,0.025391,-0.025299,-0.994522
6.546973,0.025604,-0.025116,-0.994888
6.556616,0.025787,-0.024994,-0.995239
6.556730,0.025940,-0.024902,-0.995544
6.556761,0.026016,-0.024857,-0.995743
6.556786,0.026031,-0.024826,-0.995819
6.556811,0.026001,-0.024872,-0.995773
6.556836,0.025940,-0.024963,-0.995621
6.556862,0.025833,-0.025146,-0.995407
6.556885,0.025726,-0.025391,-0.995163
6.566650,0.025620,-0.025665,-0.994904
6.566769,0.025543,-0.025940,-0.994659
6.566799,0.025497,-0.026199,-0.994461
6.566824,0.025513,-0.026428,-0.994308
6.566848,0.025574,-0.026611,-0.994202
6.566871,0.025635,-0.026749,-0.994125
6.566897,0.025665,-0.026825,-0.994080
6.566922,0.025650,-0.026855,-0.994064
6.576785,0.025574,-0.026825,-0.994080
6.577089,0.025436,-0.026764,-0.994110
6.577148,0.025253,-0.026642,-0.994202
6.577177,0.025085,-0.026443,-0.994324
6.577202,0.024948,-0.026184,-0.994461
6.577225,0.024841,-0.025848,-0.994614
6.577249,0.024811,-0.025482,-0.994797
6.577273,0.024811,-0.025131,-0.994949
6.586793,0.024857,-0.024811,-0.995102
6.586927,0.024902,-0.024582,-0.995209
6.586956,0.024933,-0.024460,-0.995285
6.586980,0.024933,-0.024445,-0.995316
6.587005,0.024887,-0.024551,-0.995300
6.587029,0.024841,-0.024765,-0.995285
6.587053,0.024780,-0.025085,-0.995255
6.587077,0.024734,-0.025467,-0.995255
6.596688,0.024673,-0.025894,-0.995316
6.596815,0.024597,-0.026306,-0.995453
6.596845,0.024506,-0.026718,-0.995621
6.596873,0.024414,-0.027084,-0.995804
6.596897,0.024338,-0.027420,-0.995926
6.596921,0.024277,-0.027679,-0.996002
6.596944,0.024246,-0.027908,-0.995987
6.596968,0.024261,-0.028091,-0.995865
6.606948,0.024307,-0.028214,-0.995667
6.607078,0.024368,-0.028275,-0.995392
6.607130,0.024445,-0.028275,-0.995117
6.607157,0.024521,-0.028214,-0.994873
6.607182,0.024597,-0.028076,-0.994644
6.607206,0.024673,-0.027878,-0.994431
6.607229,0.024750,-0.027618,-0.994232
6.607253,0.024811,-0.027313,-0.994019
6.616726,0.024857,-0.027008,-0.993774
6.616868,0.024872,-0.026718,-0.993515
6.616901,0.024872,-0.026459,-0.993240
6.616927,0.024872,-0.026230,-0.992950
6.616952,0.024872,-0.026031,-0.992661
6.616976,0.024872,-0.025879,-0.992386
6.617133,0.024872,-0.025757,-0.992142
6.617162,0.024872,-0.025665,-0.991928
6.626754,0.024857,-0.025620,-0.991745
6.627118,0.024811,-0.025589,-0.991638
6.627151,0.024750,-0.025604,-0.991577
6.627177,0.024704,-0.025650,-0.991592
6.627201,0.024658,-0.025742,-0.991638
6.627226,0.024643,-0.025864,-0.991745
6.627250,0.024673,-0.026016,-0.991898
6.627319,0.024734,-0.026199,-0.992111
6.636572,0.024841,-0.026382,-0.992325
6.636686,0.024979,-0.026550,-0.992554
6.636713,0.025131,-0.026672,-0.992752
6.636738,0.025314,-0.026764,-0.992950
6.636762,0.025497,-0.026825,-0.993118
6.636786,0.025681,-0.026840,-0.993271
6.636810,0.025848,-0.026825,-0.993439
6.636833,0.025955,-0.026779,-0.993591
6.646577,0.026016,-0.026703,-0.993729
6.646692,0.026031,-0.026581,-0.993866
6.646728,0.025986,-0.026398,-0.993958
6.646755,0.025894,-0.026184,-0.994019
6.646780,0.025742,-0.025970,-0.993988
6.646805,0.025574,-0.025772,-0.993881
6.646829,0.025391,-0.025604,-0.993668
6.646855,0.025223,-0.025497,-0.993408
6.656554,0.025101,-0.025406,-0.993118
6.656688,0.025024,-0.025360,-0.992828
6.656719,0.025040,-0.025330,-0.992615
6.656924,0.025101,-0.025284,-0.992477
6.656966,0.025223,-0.025223,-0.992462
6.657367,0.025345,-0.025146,-0.992569
6.657396,0.025421,-0.025040,-0.992783
6.657422,0.025421,-0.024948,-0.993088
6.666542,0.025330,-0.024887,-0.993454
6.666668,0.025177,-0.024872,-0.993835
6.666696,0.025009,-0.024933,-0.994232
6.666721,0.024872,-0.025055,-0.994614
6.666754,0.024780,-0.025223,-0.994949
6.667240,0.024780,-0.025406,-0.995209
6.667280,0.024811,-0.025604,-0.995377
6.667305,0.024872,-0.025803,-0.995407
6.676535,0.024902,-0.026001,-0.995346
6.676651,0.024887,-0.026215,-0.995224
6.676683,0.024796,-0.026474,-0.995041
6.676710,0.024643,-0.026749,-0.994873
6.676737,0.024475,-0.027039,-0.994751
6.676762,0.024353,-0.027283,-0.994690
6.676786,0.024307,-0.027451,-0.994705
6.676810,0.024368,-0.027512,-0.994781
6.686498,0.024506,-0.027435,-0.994904
6.686602,0.024719,-0.027222,-0.995056
6.686630,0.024994,-0.026901,-0.995193
6.686655,0.025269,-0.026505,-0.995285
6.686679,0.025528,-0.026093,-0.995331
6.686703,0.025742,-0.025711,-0.995300
6.686726,0.025925,-0.025436,-0.995193
6.686750,0.026031,-0.025299,-0.995041
6.696479,0.026077,-0.025314,-0.994843
6.696582,0.026047,-0.025452,-0.994614
6.696611,0.025955,-0.025650,-0.994370
6.696639,0.025757,-0.025894,-0.994141
6.696664,0.025497,-0.026108,-0.993927
6.696688,0.025192,-0.026291,-0.993774
6.696740,0.024872,-0.026443,-0.993668
6.696766,0.024567,-0.026535,-0.993637
6.707116,0.024323,-0.026611,-0.993668
6.707366,0.024170,-0.026642,-0.993744
6.707445,0.024094,-0.026657,-0.993835
6.707476,0.024063,-0.026657,-0.993927
6.707502,0.024063,-0.026657,-0.994034
6.707525,0.024063,-0.026596,-0.994141
6.707664,0.024078,-0.026489,-0.994263
6.707691,0.024109,-0.026321,-0.994400
6.716530,0.024155,-0.026077,-0.994553
6.716778,0.024216,-0.025772,-0.994720
6.716827,0.024307,-0.025452,-0.994888
6.716861,0.024429,-0.025131,-0.995041
6.716892,0.024567,-0.024826,-0.995193
6.716937,0.024719,-0.024597,-0.995331
6.716974,0.024872,-0.024429,-0.995438
6.717007,0.025009,-0.024338,-0.995514
6.726474,0.025116,-0.024323,-0.995529
6.726595,0.025192,-0.024384,-0.995483
6.726752,0.025238,-0.024490,-0.995361
6.726797,0.025238,-0.024643,-0.995178
6.726829,0.025223,-0.024811,-0.994949
6.726859,0.025192,-0.024994,-0.994720
6.726908,0.025162,-0.025162,-0.994522
6.726939,0.025146,-0.025314,-0.994370
6.736530,0.025131,-0.025436,-0.994293
6.736931,0.025116,-0.025528,-0.994308
6.737067,0.025085,-0.025558,-0.994415
6.737107,0.025055,-0.025558,-0.994614
6.737138,0.025009,-0.025543,-0.994843
6.737167,0.024979,-0.025528,-0.995087
6.737214,0.024948,-0.025513,-0.995316
6.737253,0.024918,-0.025528,-0.995483
6.746455,0.024872,-0.025574,-0.995544
6.746565,0.024811,-0.025665,-0.995514
6.746601,0.024734,-0.025772,-0.995361
6.746632,0.024628,-0.025894,-0.995117
6.746663,0.024506,-0.026031,-0.994812
6.746691,0.024368,-0.026154,-0.994461
6.746719,0.024277,-0.026260,-0.994110
6.746755,0.024231,-0.026367,-0.993805
6.756463,0.024261,-0.026474,-0.993546
6.756605,0.024338,-0.026566,-0.993347
6.756667,0.024460,-0.026657,-0.993210
6.756723,0.024582,-0.026764,-0.993103
6.756813,0.024689,-0.026901,-0.993011
6.756855,0.024765,-0.027039,-0.992920
6.757268,0.024841,-0.027191,-0.992844
6.757349,0.024948,-0.027313,-0.992767
6.766554,0.025085,-0.027390,-0.992722
6.766896,0.025269,-0.027405,-0.992661
6.766942,0.025452,-0.027344,-0.992584
6.766972,0.025650,-0.027206,-0.992523
6.766999,0.025818,-0.027039,-0.992462
6.767025,0.025940,-0.026825,-0.992416
6.767203,0.026047,-0.026566,-0.992401
6.767387,0.026123,-0.026260,-0.992416
6.777896,0.026169,-0.025925,-0.992462
6.777987,0.026169,-0.025558,-0.992523
6.778002,0.026093,-0.025177,-0.992615
6.778014,0.025970,-0.024826,-0.992691
6.778025,0.025833,-0.024506,-0.992737
6.778037,0.025696,-0.024261,-0.992737
6.778047,0.025589,-0.024109,-0.992691
6.778058,0.025528,-0.024017,-0.992645
6.786436,0.025513,-0.024017,-0.992615
6.786573,0.025543,-0.024063,-0.992645
6.786607,0.025620,-0.024155,-0.992752
6.786637,0.025726,-0.024277,-0.992920
6.786666,0.025787,-0.024414,-0.993164
6.786701,0.025818,-0.024551,-0.993484
6.786730,0.025772,-0.024704,-0.993851
6.786758,0.025681,-0.024872,-0.994232
6.796447,0.025528,-0.025024,-0.994614
6.796630,0.025330,-0.025146,-0.994949
6.796701,0.025116,-0.025253,-0.995193
6.796755,0.024918,-0.025330,-0.995346
6.796807,0.024734,-0.025345,-0.995438
6.796858,0.024597,-0.025299,-0.995483
6.796921,0.024490,-0.025238,-0.995499
6.796972,0.024414,-0.025146,-0.995483
6.806390,0.024384,-0.025085,-0.995453
6.806520,0.024384,-0.025055,-0.995422
6.806577,0.024429,-0.025070,-0.995377
6.806637,0.024475,-0.025177,-0.995316
6.806690,0.024521,-0.025360,-0.995255
6.806741,0.024567,-0.025620,-0.995209
6.807152,0.024612,-0.025925,-0.995163
6.807270,0.024658,-0.026276,-0.995132
6.816711,0.024719,-0.026627,-0.995117
6.816835,0.024811,-0.026947,-0.995102
6.816865,0.024918,-0.027191,-0.995102
6.816905,0.025040,-0.027390,-0.995087
6.816931,0.025162,-0.027512,-0.995102
6.816957,0.025269,-0.027573,-0.995102
6.816981,0.025375,-0.027573,-0.995132
6.817004,0.025482,-0.027512,-0.995178
6.826633,0.025574,-0.027390,-0.995255
6.826810,0.025665,-0.027206,-0.995331
6.827726,0.025742,-0.026962,-0.995377
6.827797,0.025757,-0.026672,-0.995361
6.827852,0.025726,-0.026352,-0.995300
6.827880,0.025650,-0.026062,-0.995193
6.827905,0.025497,-0.025803,-0.995026
6.827933,0.025330,-0.025604,-0.994827
6.836592,0.025146,-0.025467,-0.994598
6.836691,0.024979,-0.025375,-0.994339
6.836718,0.024857,-0.025299,-0.994064
6.836743,0.024780,-0.025238,-0.993774
6.836767,0.024796,-0.025177,-0.993500
6.836791,0.024857,-0.025116,-0.993271
6.836814,0.024994,-0.025055,-0.993103
6.836838,0.025177,-0.024979,-0.992981
6.846344,0.025391,-0.024902,-0.992935
6.846436,0.025604,-0.024841,-0.992981
6.846467,0.025803,-0.024826,-0.993103
6.846492,0.025986,-0.024857,-0.993347
6.846525,0.026138,-0.024963,-0.993683
6.846552,0.026230,-0.025131,-0.994095
6.846577,0.026245,-0.025345,-0.994553
6.846601,0.026184,-0.025558,-0.994980
6.856310,0.026062,-0.025742,-0.995361
6.856423,0.025879,-0.025894,-0.995667
6.856594,0.025650,-0.026016,-0.995850
6.856619,0.025421,-0.026093,-0.995941
6.856652,0.025177,-0.026138,-0.995911
6.856678,0.024994,-0.026154,-0.995804
6.856702,0.024841,-0.026169,-0.995621
6.857148,0.024719,-0.026169,-0.995407
6.867922,0.024658,-0.026123,-0.995148
6.868065,0.024612,-0.026047,-0.994888
6.868103,0.024597,-0.025940,-0.994629
6.868128,0.024582,-0.025833,-0.994385
6.868152,0.024567,-0.025711,-0.994171
6.868185,0.024536,-0.025635,-0.994019
6.868210,0.024536,-0.025620,-0.993896
6.868234,0.024551,-0.025681,-0.993820
6.876402,0.024612,-0.025787,-0.993790
6.876541,0.024734,-0.025940,-0.993790
6.876572,0.024918,-0.026154,-0.993790
6.876626,0.025146,-0.026367,-0.993774
6.876657,0.025436,-0.026596,-0.993759
6.876683,0.025696,-0.026794,-0.993729
6.876716,0.025894,-0.026978,-0.993668
6.876742,0.026001,-0.027130,-0.993607
6.886417,0.026031,-0.027252,-0.993546
6.886560,0.025955,-0.027344,-0.993500
6.886589,0.025833,-0.027435,-0.993454
6.886614,0.025681,-0.027496,-0.993378
6.886639,0.025513,-0.027542,-0.993301
6.886662,0.025391,-0.027557,-0.993195
6.886686,0.025314,-0.027527,-0.993073
6.886710,0.025269,-0.027420,-0.992935
6.896356,0.025269,-0.027237,-0.992798
6.896491,0.025299,-0.026993,-0.992661
6.896521,0.025360,-0.026733,-0.992538
6.896546,0.025391,-0.026474,-0.992416
6.896570,0.025421,-0.026230,-0.992325
6.896604,0.025436,-0.026016,-0.992294
6.896628,0.025467,-0.025848,-0.992325
6.896652,0.025528,-0.025711,-0.992432
6.906314,0.025635,-0.025604,-0.992615
6.906465,0.025757,-0.025528,-0.992874
6.906495,0.025894,-0.025482,-0.993164
6.906520,0.026031,-0.025482,-0.993469
6.906545,0.026138,-0.025528,-0.993759
6.906571,0.026184,-0.025635,-0.994003
6.906596,0.026154,-0.025772,-0.994171
6.906621,0.026062,-0.025986,-0.994308
6.916293,0.025909,-0.026230,-0.994385
6.916713,0.025772,-0.026520,-0.994431
6.916758,0.025650,-0.026794,-0.994446
6.916785,0.025543,-0.027054,-0.994461
6.916810,0.025452,-0.027252,-0.994446
6.916842,0.025375,-0.027420,-0.994446
6.916869,0.025284,-0.027527,-0.994446
6.916894,0.025208,-0.027588,-0.994476
6.926312,0.025116,-0.027603,-0.994507
6.926463,0.025009,-0.027573,-0.994537
6.926495,0.024948,-0.027481,-0.994568
6.926520,0.024933,-0.027328,-0.994598
6.926553,0.024963,-0.027100,-0.994614
6.926579,0.025040,-0.026794,-0.994644
6.926603,0.025146,-0.026413,-0.994659
6.926629,0.025269,-0.026031,-0.994659
6.936263,0.025375,-0.025681,-0.994629
6.936372,0.025482,-0.025375,-0.994522
6.936401,0.025543,-0.025146,-0.994400
6.936425,0.025604,-0.025024,-0.994263
6.936449,0.025635,-0.024994,-0.994141
6.936474,0.025650,-0.025055,-0.994034
6.936497,0.025650,-0.025177,-0.993958
6.936520,0.025650,-0.025330,-0.993912
6.946303,0.025650,-0.025497,-0.993866
6.946429,0.025620,-0.025665,-0.993790
6.946459,0.025558,-0.025833,-0.993668
6.946485,0.025497,-0.026001,-0.993500
6.946509,0.025406,-0.026169,-0.993286
6.946540,0.025330,-0.026306,-0.993042
6.946566,0.025299,-0.026428,-0.992798
6.946591,0.025314,-0.026474,-0.992615
6.956263,0.025391,-0.026428,-0.992554
6.956685,0.025482,-0.026276,-0.992615
6.956720,0.025574,-0.026031,-0.992798
6.957031,0.025635,-0.025696,-0.993073
6.958211,0.025650,-0.025330,-0.993378
6.958512,0.025589,-0.024979,-0.993698
6.958539,0.025467,-0.024719,-0.994003
6.958570,0.025314,-0.024551,-0.994308
6.966284,0.025131,-0.024506,-0.994598
6.966423,0.024948,-0.024551,-0.994888
6.966454,0.024780,-0.024673,-0.995148
6.966480,0.024643,-0.024826,-0.995377
6.966507,0.024536,-0.024979,-0.995590
6.966531,0.024460,-0.025070,-0.995789
6.966555,0.024399,-0.025116,-0.995941
6.966579,0.024368,-0.025085,-0.996048
6.976345,0.024368,-0.025024,-0.996078
6.976496,0.024368,-0.024979,-0.996078
6.976543,0.024399,-0.024979,-0.996002
6.976571,0.024445,-0.025040,-0.995895
6.976602,0.024536,-0.025177,-0.995728
6.976628,0.024643,-0.025330,-0.995529
6.976653,0.024780,-0.025482,-0.995316
6.976679,0.024887,-0.025589,-0.995071
6.986238,0.024979,-0.025620,-0.994797
6.986373,0.025055,-0.025543,-0.994492
6.986401,0.025070,-0.025406,-0.994202
6.986426,0.025040,-0.025238,-0.993896
6.986451,0.024979,-0.025070,-0.993576
6.986475,0.024887,-0.024948,-0.993256
6.986499,0.024796,-0.024887,-0.992950
6.986523,0.024689,-0.024948,-0.992645
6.996240,0.024597,-0.025116,-0.992355
6.996358,0.024521,-0.025360,-0.992096
6.996389,0.024460,-0.025650,-0.991867
6.996414,0.024429,-0.025955,-0.991714
6.996439,0.024429,-0.026260,-0.991653
6.996472,0.024475,-0.026535,-0.991699
6.996498,0.024567,-0.026764,-0.991821
6.996522,0.024734,-0.026962,-0.992035
7.006204,0.024963,-0.027115,-0.992279
7.006319,0.025253,-0.027237,-0.992554
7.006348,0.025574,-0.027313,-0.992844
7.006373,0.025909,-0.027359,-0.993134
7.006399,0.026215,-0.027344,-0.993393
7.006423,0.026474,-0.027283,-0.993637
7.006447,0.026642,-0.027161,-0.993851
7.006476,0.026733,-0.027008,-0.994049
7.016305,0.026718,-0.026825,-0.994217
7.016424,0.026611,-0.026642,-0.994370
7.016460,0.026428,-0.026443,-0.994476
7.016487,0.026199,-0.026199,-0.994568
7.016512,0.025909,-0.025940,-0.994614
7.016538,0.025589,-0.025665,-0.994644
7.016601,0.025238,-0.025391,-0.994659
7.016625,0.024857,-0.025146,-0.994675
7.028825,0.024460,-0.024948,-0.994705
7.029037,0.024124,-0.024796,-0.994766
7.029077,0.023849,-0.024734,-0.994873
7.029115,0.023666,-0.024734,-0.995026
7.029143,0.023605,-0.024826,-0.995209
7.029168,0.023636,-0.024963,-0.995453
7.029191,0.023773,-0.025116,-0.995712
7.029215,0.024017,-0.025299,-0.996002
7.036327,0.024307,-0.025467,-0.996292
7.036444,0.024597,-0.025604,-0.996552
7.036472,0.024872,-0.025696,-0.996750
7.036498,0.025070,-0.025711,-0.996902
7.036523,0.025192,-0.025665,-0.996948
7.036547,0.025192,-0.025589,-0.996887
7.036570,0.025070,-0.025452,-0.996735
7.036594,0.024841,-0.025284,-0.996475
7.046223,0.024536,-0.025085,-0.996140
7.046353,0.024216,-0.024902,-0.995743
7.046383,0.023956,-0.024765,-0.995331
7.046408,0.023788,-0.024704,-0.994934
7.046435,0.023773,-0.024765,-0.994598
7.046458,0.023926,-0.024963,-0.994308
7.046482,0.024231,-0.025299,-0.994110
7.046506,0.024658,-0.025757,-0.993958
7.056160,0.025177,-0.026337,-0.993881
7.056279,0.025772,-0.026947,-0.993896
7.056308,0.026382,-0.027542,-0.994019
7.056335,0.026962,-0.028061,-0.994293
7.056359,0.027466,-0.028427,-0.994690
7.056383,0.027863,-0.028610,-0.995178
7.056407,0.028061,-0.028580,-0.995712
7.056433,0.028076,-0.028351,-0.996216
7.066171,0.027863,-0.027969,-0.996628
7.066293,0.027451,-0.027466,-0.996902
7.066323,0.026886,-0.026901,-0.997025
7.066348,0.026199,-0.026352,-0.997009
7.066374,0.025497,-0.025848,-0.996857
7.066400,0.024811,-0.025421,-0.996597
7.066424,0.024200,-0.025101,-0.996277
7.066451,0.023743,-0.024887,-0.995911
7.076241,0.023422,-0.024796,-0.995529
7.076368,0.023254,-0.024811,-0.995132
7.076399,0.023209,-0.024948,-0.994781
7.076428,0.023270,-0.025177,-0.994492
7.076455,0.023438,-0.025467,-0.994324
7.076480,0.023682,-0.025833,-0.994263
7.076504,0.024002,-0.026215,-0.994324
7.076665,0.024368,-0.026550,-0.994492
7.094481,0.024765,-0.026810,-0.994736
7.094602,0.025146,-0.026947,-0.995041
7.094632,0.025482,-0.026932,-0.995331
7.094660,0.025742,-0.026810,-0.995560
7.094685,0.025940,-0.026581,-0.995697
7.094710,0.026077,-0.026306,-0.995712
7.094734,0.026123,-0.026031,-0.995605
7.094758,0.026077,-0.025803,-0.995361
7.096371,0.025940,-0.025665,-0.994980
7.096426,0.025711,-0.025604,-0.994537
7.096454,0.025406,-0.025635,-0.994049
7.096479,0.025040,-0.025757,-0.993591
7.096512,0.024643,-0.025925,-0.993179
7.096538,0.024246,-0.026138,-0.992859
7.096563,0.023895,-0.026352,-0.992615
7.096589,0.023621,-0.026550,-0.992462
7.106091,0.023438,-0.026718,-0.992371
7.106178,0.023392,-0.026840,-0.992340
7.106193,0.023499,-0.026871,-0.992386
7.106204,0.023743,-0.026794,-0.992477
7.106214,0.024109,-0.026611,-0.992630
7.106224,0.024567,-0.026337,-0.992844
7.106234,0.025055,-0.025970,-0.993118
7.106243,0.025528,-0.025589,-0.993423
7.116384,0.025955,-0.025192,-0.993713
7.116488,0.026291,-0.024811,-0.993988
7.116517,0.026535,-0.024460,-0.994202
7.116542,0.026688,-0.024170,-0.994370
7.116566,0.026749,-0.023987,-0.994446
7.116590,0.026749,-0.023880,-0.994461
7.116614,0.026657,-0.023865,-0.994400
7.116637,0.026520,-0.023926,-0.994263
7.126087,0.026321,-0.024048,-0.994049
7.126266,0.026077,-0.024200,-0.993774
7.126298,0.025803,-0.024384,-0.993423
7.126325,0.025528,-0.024597,-0.993073
7.126350,0.025314,-0.024826,-0.992752
7.126374,0.025162,-0.025085,-0.992493
7.126406,0.025101,-0.025360,-0.992310
7.126432,0.025131,-0.025620,-0.992218
7.136073,0.025238,-0.025864,-0.992218
7.136183,0.025391,-0.026062,-0.992310
7.136212,0.025558,-0.026169,-0.992462
7.136237,0.025711,-0.026169,-0.992691
7.136261,0.025803,-0.026077,-0.992950
7.136285,0.025833,-0.025879,-0.993225
7.136308,0.025833,-0.025620,-0.993454
7.136332,0.025818,-0.025299,-0.993668
7.146062,0.025787,-0.024963,-0.993851
7.146174,0.025772,-0.024628,-0.994003
7.146202,0.025772,-0.024323,-0.994110
7.146229,0.025787,-0.024048,-0.994171
7.146269,0.025803,-0.023788,-0.994171
7.146293,0.025818,-0.023529,-0.994110
7.146316,0.025803,-0.023315,-0.994034
7.146342,0.025742,-0.023117,-0.993927
7.156055,0.025635,-0.022964,-0.993835
7.156146,0.025482,-0.022842,-0.993729
7.156176,0.025299,-0.022797,-0.993622
7.156205,0.025116,-0.022842,-0.993515
7.156230,0.024933,-0.022995,-0.993408
7.156256,0.024765,-0.023224,-0.993286
7.156280,0.024628,-0.023499,-0.993164
7.156304,0.024521,-0.023819,-0.993057
7.166024,0.024445,-0.024170,-0.992966
7.166090,0.024399,-0.024536,-0.992920
7.166118,0.024368,-0.024948,-0.992920
7.166144,0.024368,-0.025375,-0.992966
7.166169,0.024399,-0.025803,-0.993088
7.166192,0.024475,-0.026215,-0.993286
7.166218,0.024597,-0.026611,-0.993546
7.166243,0.024734,-0.026962,-0.993866
7.175980,0.024887,-0.027237,-0.994217
7.176084,0.025070,-0.027420,-0.994583
7.176113,0.025269,-0.027481,-0.994949
7.176140,0.025482,-0.027420,-0.995285
7.176164,0.025711,-0.027252,-0.995605
7.176188,0.025909,-0.027008,-0.995880
7.176217,0.026031,-0.026718,-0.996078
7.176243,0.026062,-0.026428,-0.996201
7.186024,0.026001,-0.026169,-0.996246
7.197720,0.025848,-0.025909,-0.996231
7.197911,0.025635,-0.025681,-0.996140
7.197951,0.025406,-0.025452,-0.996002
7.197977,0.025177,-0.025238,-0.995804
7.198003,0.024979,-0.025070,-0.995590
7.198038,0.024811,-0.024994,-0.995346
7.198066,0.024658,-0.024994,-0.995117
7.198093,0.024536,-0.025116,-0.994904
7.198118,0.024445,-0.025345,-0.994720
7.198144,0.024384,-0.025696,-0.994583
7.198170,0.024338,-0.026154,-0.994492
7.198195,0.024323,-0.026657,-0.994476
7.198230,0.024353,-0.027176,-0.994492
7.198265,0.024445,-0.027664,-0.994553
7.198292,0.024567,-0.028076,-0.994614
7.206019,0.024719,-0.028397,-0.994659
7.206133,0.024872,-0.028610,-0.994675
7.206218,0.025024,-0.028717,-0.994644
7.206244,0.025146,-0.028732,-0.994568
7.206269,0.025253,-0.028641,-0.994446
7.206293,0.025330,-0.028473,-0.994278
7.206316,0.025391,-0.028198,-0.994110
7.206340,0.025436,-0.027832,-0.993958
7.216019,0.025497,-0.027359,-0.993835
7.216145,0.025574,-0.026810,-0.993744
7.216175,0.025650,-0.026230,-0.993668
7.216199,0.025742,-0.025635,-0.993622
7.216353,0.025818,-0.025070,-0.993576
7.216383,0.025864,-0.024582,-0.993515
7.216410,0.025864,-0.024200,-0.993454
7.216435,0.025833,-0.023956,-0.993378
7.227025,0.025803,-0.023819,-0.993301
7.227142,0.025757,-0.023804,-0.993225
7.227287,0.025711,-0.023849,-0.993134
7.227317,0.025681,-0.023987,-0.993057
7.227343,0.025650,-0.024185,-0.992966
7.227369,0.025604,-0.024460,-0.992874
7.227394,0.025543,-0.024826,-0.992813
7.227418,0.025467,-0.025269,-0.992752
7.236023,0.025391,-0.025772,-0.992737
7.236155,0.025314,-0.026306,-0.992798
7.236185,0.025238,-0.026810,-0.992920
7.236210,0.025192,-0.027237,-0.993134
7.236235,0.025162,-0.027557,-0.993408
7.236259,0.025131,-0.027740,-0.993744
7.236284,0.025131,-0.027771,-0.994095
7.236308,0.025116,-0.027649,-0.994476
7.246008,0.025116,-0.027420,-0.994812
7.246130,0.025116,-0.027115,-0.995071
7.246157,0.025116,-0.026779,-0.995193
7.246182,0.025101,-0.026474,-0.995193
7.246206,0.025055,-0.026215,-0.995071
7.246230,0.024979,-0.026062,-0.994858
7.246254,0.024902,-0.025970,-0.994553
7.246277,0.024796,-0.025940,-0.994186
7.256000,0.024689,-0.025925,-0.993790
7.256115,0.024567,-0.025925,-0.993393
7.256143,0.024445,-0.025925,-0.992996
7.256178,0.024323,-0.025925,-0.992661
7.256203,0.024200,-0.025940,-0.992371
7.256229,0.024124,-0.026031,-0.992172
7.256253,0.024094,-0.026184,-0.992065
7.256279,0.024109,-0.026413,-0.992065
7.265992,0.024139,-0.026672,-0.992218
7.266053,0.024170,-0.026932,-0.992493
7.266069,0.024185,-0.027145,-0.992874
7.266081,0.024185,-0.027328,-0.993317
7.266092,0.024155,-0.027466,-0.993805
7.266102,0.024124,-0.027512,-0.994247
7.266133,0.024063,-0.027496,-0.994629
7.266145,0.024033,-0.027405,-0.994919
7.276311,0.024063,-0.027267,-0.995102
7.276389,0.024139,-0.027069,-0.995209
7.276405,0.024307,-0.026810,-0.995255
7.276417,0.024521,-0.026520,-0.995224
7.276428,0.024750,-0.026230,-0.995132
7.276438,0.024948,-0.025925,-0.994965
7.276448,0.025116,-0.025665,-0.994751
7.276458,0.025223,-0.025421,-0.994492
7.285952,0.025284,-0.025223,-0.994247
7.286118,0.025314,-0.025070,-0.994064
7.286215,0.025345,-0.024948,-0.993973
7.286244,0.025406,-0.024857,-0.993958
7.286270,0.025482,-0.024780,-0.994003
7.286294,0.025543,-0.024704,-0.994064
7.286317,0.025589,-0.024643,-0.994156
7.286341,0.025589,-0.024567,-0.994247
7.295938,0.025558,-0.024490,-0.994354
7.296055,0.025497,-0.024429,-0.994476
7.296084,0.025391,-0.024429,-0.994614
7.296110,0.025269,-0.024490,-0.994766
7.296143,0.025146,-0.024628,-0.994919
7.296169,0.025024,-0.024826,-0.995087
7.296194,0.024918,-0.025055,-0.995239
7.296222,0.024811,-0.025314,-0.995361
7.305941,0.024704,-0.025558,-0.995438
7.309996,0.024612,-0.025726,-0.995438
7.310042,0.024536,-0.025864,-0.995361
7.310069,0.024475,-0.025970,-0.995239
7.310104,0.024460,-0.026077,-0.995071
7.310129,0.024475,-0.026199,-0.994888
7.310249,0.024506,-0.026352,-0.994690
7.310386,0.024536,-0.026520,-0.994476
7.315919,0.024567,-0.026672,-0.994293
7.316031,0.024612,-0.026779,-0.994141
7.316070,0.024658,-0.026794,-0.994019
7.316097,0.024704,-0.026688,-0.993942
7.316122,0.024765,-0.026474,-0.993881
7.316155,0.024811,-0.026169,-0.993820
7.316656,0.024841,-0.025818,-0.993759
7.316689,0.024872,-0.025482,-0.993729
7.326970,0.024887,-0.025223,-0.993713
7.327209,0.024872,-0.025055,-0.993744
7.327245,0.024872,-0.024994,-0.993790
7.327314,0.024872,-0.025009,-0.993851
7.327342,0.024918,-0.025055,-0.993896
7.327370,0.025024,-0.025085,-0.993927
7.327397,0.025208,-0.025101,-0.993927
7.327548,0.025452,-0.025070,-0.993912
7.335890,0.025726,-0.025040,-0.993851
7.335995,0.025986,-0.025009,-0.993774
7.336022,0.026199,-0.024979,-0.993652
7.336047,0.026352,-0.025024,-0.993500
7.336072,0.026398,-0.025177,-0.993347
7.336096,0.026367,-0.025436,-0.993225
7.336120,0.026260,-0.025772,-0.993164
7.336143,0.026093,-0.026154,-0.993149
7.345898,0.025864,-0.026535,-0.993210
7.346002,0.025604,-0.026871,-0.993332
7.346031,0.025345,-0.027115,-0.993515
7.346058,0.025085,-0.027237,-0.993744
7.346088,0.024857,-0.027206,-0.993988
7.346114,0.024689,-0.027084,-0.994186
7.346140,0.024567,-0.026855,-0.994339
7.346166,0.024521,-0.026581,-0.994431
7.355881,0.024536,-0.026276,-0.994507
7.356004,0.024628,-0.025940,-0.994553
7.356045,0.024750,-0.025620,-0.994598
7.356085,0.024902,-0.025330,-0.994629
7.356120,0.025040,-0.025085,-0.994644
7.356154,0.025177,-0.024918,-0.994675
7.356187,0.025269,-0.024811,-0.994705
7.356224,0.025345,-0.024765,-0.994705
7.368629,0.025406,-0.024765,-0.994644
7.368742,0.025482,-0.024796,-0.994537
7.368841,0.025574,-0.024826,-0.994385
7.368875,0.025650,-0.024811,-0.994293
7.368909,0.025711,-0.024750,-0.994263
7.368938,0.025742,-0.024628,-0.994278
7.368967,0.025711,-0.024445,-0.994324
7.368995,0.025620,-0.024261,-0.994354
7.375909,0.025467,-0.024109,-0.994324
7.376035,0.025253,-0.024033,-0.994217
7.376066,0.025024,-0.024063,-0.994034
7.376209,0.024826,-0.024216,-0.993790
7.376254,0.024704,-0.024460,-0.993515
7.376285,0.024643,-0.024734,-0.993240
7.376311,0.024673,-0.024994,-0.992996
7.376336,0.024811,-0.025223,-0.992813
7.385833,0.025009,-0.025406,-0.992752
7.385947,0.025253,-0.025497,-0.992828
7.385975,0.025497,-0.025513,-0.993027
7.386000,0.025711,-0.025436,-0.993317
7.386025,0.025864,-0.025314,-0.993668
7.386048,0.025970,-0.025162,-0.994019
7.386137,0.026016,-0.024979,-0.994339
7.386171,0.026001,-0.024811,-0.994629
7.395892,0.025940,-0.024643,-0.994843
7.395993,0.025833,-0.024475,-0.994995
7.396022,0.025696,-0.024323,-0.995056
7.396046,0.025513,-0.024185,-0.995010
7.396079,0.025314,-0.024078,-0.994888
7.396106,0.025131,-0.024033,-0.994690
7.396132,0.024963,-0.024048,-0.994461
7.396155,0.024826,-0.024124,-0.994247
7.405847,0.024765,-0.024231,-0.994064
7.405963,0.024765,-0.024384,-0.993942
7.405999,0.024811,-0.024551,-0.993866
7.406030,0.024872,-0.024750,-0.993851
7.406062,0.024948,-0.024963,-0.993881
7.406101,0.025009,-0.025162,-0.993927
7.406131,0.025070,-0.025345,-0.994003
7.406160,0.025131,-0.025497,-0.994064
7.415889,0.025208,-0.025604,-0.994095
7.416127,0.025299,-0.025665,-0.994095
7.416159,0.025391,-0.025665,-0.994049
7.416187,0.025497,-0.025589,-0.993973
7.416213,0.025635,-0.025436,-0.993927
7.416239,0.025772,-0.025208,-0.993927
7.416264,0.025879,-0.024918,-0.993973
7.416290,0.025940,-0.024612,-0.994080
7.425821,0.025909,-0.024368,-0.994232
7.425942,0.025803,-0.024231,-0.994385
7.425972,0.025665,-0.024277,-0.994507
7.426071,0.025497,-0.024521,-0.994553
7.426098,0.025330,-0.024918,-0.994537
7.426124,0.025192,-0.025436,-0.994476
7.426150,0.025085,-0.025986,-0.994370
7.426175,0.025040,-0.026489,-0.994263
7.435801,0.025024,-0.026901,-0.994156
7.435922,0.024994,-0.027176,-0.994049
7.435950,0.024979,-0.027313,-0.993973
7.435975,0.024948,-0.027298,-0.993912
7.435998,0.024933,-0.027176,-0.993866
7.436022,0.024948,-0.026978,-0.993835
7.436046,0.025009,-0.026703,-0.993851
7.436069,0.025085,-0.026398,-0.993927
7.445826,0.025162,-0.026062,-0.994049
7.445932,0.025238,-0.025772,-0.994171
7.445960,0.025330,-0.025497,-0.994278
7.445988,0.025421,-0.025253,-0.994339
7.446013,0.025528,-0.025055,-0.994354
7.446038,0.025650,-0.024887,-0.994308
7.446062,0.025772,-0.024750,-0.994202
7.446085,0.025894,-0.024658,-0.994080
7.455833,0.025970,-0.024643,-0.993958
7.455934,0.026016,-0.024719,-0.993881
7.455971,0.025986,-0.024887,-0.993805
7.455996,0.025894,-0.025146,-0.993744
7.456023,0.025757,-0.025452,-0.993698
7.456046,0.025589,-0.025772,-0.993668
7.456070,0.025391,-0.026062,-0.993668
7.456094,0.025238,-0.026306,-0.993713
7.465805,0.025101,-0.026489,-0.993774
7.465924,0.024994,-0.026596,-0.993851
7.465958,0.024933,-0.026642,-0.993927
7.465986,0.024918,-0.026611,-0.994003
7.466010,0.024933,-0.026520,-0.994095
7.466034,0.024963,-0.026321,-0.994171
7.466058,0.025040,-0.026047,-0.994278
7.466091,0.025116,-0.025726,-0.994415
7.476513,0.025192,-0.025421,-0.994568
7.476631,0.025253,-0.025146,-0.994705
7.476661,0.025269,-0.024979,-0.994781
7.476688,0.025253,-0.024933,-0.994766
7.476712,0.025177,-0.025040,-0.994659
7.476866,0.025085,-0.025299,-0.994461
7.476905,0.024994,-0.025650,-0.994217
7.476931,0.024918,-0.026047,-0.993973
7.485763,0.024902,-0.026428,-0.993774
7.485856,0.024948,-0.026749,-0.993622
7.485884,0.025024,-0.026978,-0.993530
7.485908,0.025085,-0.027130,-0.993515
7.485933,0.025116,-0.027206,-0.993561
7.485957,0.025116,-0.027237,-0.993622
7.485981,0.025085,-0.027252,-0.993683
7.486005,0.025055,-0.027252,-0.993744
7.495726,0.025024,-0.027267,-0.993805
7.495834,0.025009,-0.027252,-0.993835
7.495865,0.025009,-0.027191,-0.993866
7.495890,0.025040,-0.027084,-0.993851
7.495916,0.025055,-0.026917,-0.993820
7.495950,0.025040,-0.026718,-0.993744
7.495976,0.024994,-0.026505,-0.993637
7.496001,0.024933,-0.026321,-0.993515
7.505744,0.024857,-0.026184,-0.993378
7.505841,0.024796,-0.026093,-0.993210
7.505872,0.024780,-0.026031,-0.993042
7.505898,0.024811,-0.025986,-0.992889
7.505922,0.024887,-0.025909,-0.992737
7.505953,0.025024,-0.025803,-0.992615
7.505979,0.025208,-0.025665,-0.992523
7.506004,0.025406,-0.025497,-0.992462
7.518155,0.025574,-0.025330,-0.992416
7.518702,0.025635,-0.025192,-0.992386
7.519021,0.025589,-0.025146,-0.992386
7.519055,0.025421,-0.025192,-0.992386
7.519081,0.025192,-0.025360,-0.992386
7.519107,0.024933,-0.025589,-0.992401
7.519169,0.024734,-0.025772,-0.992493
7.519203,0.024643,-0.025818,-0.992676
7.525740,0.024704,-0.025620,-0.992996
7.533811,0.024918,-0.025146,-0.993454
7.533914,0.025269,-0.024384,-0.994034
7.533942,0.025742,-0.023438,-0.994675
7.533975,0.026291,-0.022415,-0.995346
7.534000,0.026871,-0.021469,-0.995941
7.534027,0.027466,-0.020782,-0.996414
7.534054,0.027985,-0.020477,-0.996704
7.535769,0.028412,-0.020660,-0.996780
7.535842,0.028748,-0.021393,-0.996674
7.535876,0.028992,-0.022629,-0.996384
7.535906,0.029160,-0.024338,-0.995956
7.535935,0.029221,-0.026413,-0.995438
7.535965,0.029099,-0.028717,-0.994843
7.535994,0.028732,-0.031113,-0.994202
7.536022,0.028046,-0.033417,-0.993484
7.545717,0.027054,-0.035461,-0.992722
7.545827,0.025787,-0.037064,-0.991928
7.545861,0.024353,-0.038147,-0.991135
7.545891,0.022888,-0.038589,-0.990417
7.545920,0.021530,-0.038330,-0.989883
7.545949,0.020416,-0.037384,-0.989624
7.545977,0.019623,-0.035782,-0.989685
7.546005,0.019211,-0.033630,-0.990082
7.555653,0.019211,-0.031082,-0.990753
7.555770,0.019577,-0.028305,-0.991608
7.555807,0.020294,-0.025482,-0.992538
7.555835,0.021286,-0.022751,-0.993454
7.555861,0.022491,-0.020294,-0.994293
7.555885,0.023804,-0.018234,-0.994995
7.555911,0.025162,-0.016678,-0.995560
7.555934,0.026474,-0.015671,-0.996002
7.565685,0.027695,-0.015198,-0.996307
7.565828,0.028732,-0.015259,-0.996490
7.565882,0.029572,-0.015778,-0.996536
7.565923,0.030151,-0.016693,-0.996414
7.565962,0.030426,-0.017960,-0.996140
7.566000,0.030350,-0.019485,-0.995697
7.566124,0.029953,-0.021194,-0.995163
7.566165,0.029266,-0.022995,-0.994553
7.576119,0.028381,-0.024780,-0.993958
7.577555,0.027374,-0.026443,-0.993439
7.577584,0.026321,-0.027908,-0.993027
7.577609,0.025299,-0.029144,-0.992767
7.577635,0.024338,-0.030090,-0.992676
7.577661,0.023529,-0.030746,-0.992737
7.577685,0.022888,-0.031082,-0.992935
7.577708,0.022491,-0.031097,-0.993256
7.585846,0.022324,-0.030807,-0.993652
7.585959,0.022385,-0.030243,-0.994095
7.585987,0.022659,-0.029434,-0.994507
7.586012,0.023117,-0.028412,-0.994873
7.586036,0.023712,-0.027252,-0.995178
7.586060,0.024399,-0.026001,-0.995361
7.586083,0.025131,-0.024750,-0.995453
7.586107,0.025879,-0.023529,-0.995453
7.595659,0.026566,-0.022385,-0.995377
7.595768,0.027145,-0.021393,-0.995224
7.595797,0.027603,-0.020569,-0.994995
7.595823,0.027878,-0.019958,-0.994736
7.595847,0.027969,-0.019562,-0.994431
7.595871,0.027847,-0.019394,-0.994110
7.595895,0.027512,-0.019455,-0.993805
7.595919,0.027008,-0.019745,-0.993530
7.605650,0.026352,-0.020233,-0.993301
7.605828,0.025604,-0.020905,-0.993118
7.605869,0.024826,-0.021729,-0.992996
7.605895,0.024109,-0.022675,-0.992935
7.605920,0.023499,-0.023682,-0.992935
7.605945,0.023026,-0.024689,-0.992996
7.605968,0.022736,-0.025635,-0.993103
7.605992,0.022614,-0.026459,-0.993256
7.615733,0.022675,-0.027130,-0.993423
7.615913,0.022888,-0.027618,-0.993607
7.615960,0.023239,-0.027954,-0.993805
7.616003,0.023682,-0.028137,-0.994003
7.616043,0.024170,-0.028168,-0.994202
7.616083,0.024673,-0.028076,-0.994354
7.616121,0.025146,-0.027878,-0.994446
7.616158,0.025589,-0.027573,-0.994461
7.625697,0.025940,-0.027176,-0.994385
7.625842,0.026230,-0.026657,-0.994247
7.625873,0.026398,-0.026077,-0.994019
7.625907,0.026474,-0.025421,-0.993774
7.626030,0.026428,-0.024765,-0.993530
7.626067,0.026321,-0.024139,-0.993317
7.626095,0.026138,-0.023575,-0.993179
7.626122,0.025925,-0.023132,-0.993088
7.635569,0.025681,-0.022797,-0.993042
7.635672,0.025436,-0.022598,-0.993042
7.635699,0.025208,-0.022552,-0.993042
7.635724,0.025009,-0.022614,-0.993057
7.635749,0.024857,-0.022766,-0.993088
7.635773,0.024765,-0.022949,-0.993149
7.635797,0.024734,-0.023148,-0.993256
7.635821,0.024811,-0.023346,-0.993408
7.645593,0.024979,-0.023544,-0.993576
7.645761,0.025238,-0.023712,-0.993759
7.645802,0.025543,-0.023880,-0.993942
7.645833,0.025833,-0.024033,-0.994095
7.645874,0.026093,-0.024170,-0.994186
7.645903,0.026276,-0.024292,-0.994232
7.645932,0.026352,-0.024414,-0.994247
7.645963,0.026306,-0.024521,-0.994247
7.655578,0.026138,-0.024628,-0.994217
7.655690,0.025833,-0.024734,-0.994171
7.655725,0.025436,-0.024857,-0.994125
7.655753,0.024963,-0.024994,-0.994095
7.655779,0.024460,-0.025146,-0.994110
7.655806,0.024002,-0.025314,-0.994217
7.655831,0.023605,-0.025467,-0.994415
7.655855,0.023346,-0.025589,-0.994736
7.665621,0.023224,-0.025650,-0.995178
7.665776,0.023239,-0.025665,-0.995728
7.665823,0.023361,-0.025620,-0.996384
7.665862,0.023590,-0.025543,-0.997055
7.665911,0.023865,-0.025436,-0.997711
7.665949,0.024170,-0.025299,-0.998291
7.665987,0.024460,-0.025131,-0.998764
7.666022,0.024719,-0.024963,-0.999100
7.675827,0.024902,-0.024765,-0.999283
7.675976,0.025040,-0.024582,-0.999313
7.676009,0.025101,-0.024445,-0.999207
7.676035,0.025116,-0.024353,-0.998947
7.676059,0.025070,-0.024368,-0.998535
7.676085,0.024979,-0.024475,-0.998016
7.676110,0.024872,-0.024673,-0.997391
7.676134,0.024765,-0.024963,-0.996704
7.685549,0.024689,-0.025314,-0.995972
7.685664,0.024658,-0.025742,-0.995255
7.685693,0.024719,-0.026199,-0.994568
7.685719,0.024857,-0.026657,-0.993942
7.685743,0.025085,-0.027069,-0.993408
7.685817,0.025375,-0.027435,-0.993011
7.685855,0.025711,-0.027679,-0.992752
7.685883,0.026062,-0.027817,-0.992615
7.695563,0.026382,-0.027832,-0.992569
7.695682,0.026688,-0.027756,-0.992584
7.695712,0.026947,-0.027603,-0.992599
7.695738,0.027161,-0.027390,-0.992569
7.695764,0.027328,-0.027115,-0.992493
7.695789,0.027420,-0.026810,-0.992310
7.695813,0.027435,-0.026459,-0.992050
7.695837,0.027374,-0.026108,-0.991714
7.705531,0.027237,-0.025757,-0.991348
7.705636,0.027023,-0.025436,-0.991013
7.705664,0.026733,-0.025162,-0.990723
7.705691,0.026382,-0.024979,-0.990494
7.705716,0.025970,-0.024933,-0.990341
7.705739,0.025558,-0.025040,-0.990265
7.705762,0.025162,-0.025330,-0.990250
7.705796,0.024841,-0.025787,-0.990341
7.718482,0.024612,-0.026337,-0.990509
7.718674,0.024506,-0.026917,-0.990799
7.718713,0.024490,-0.027435,-0.991196
7.718741,0.024567,-0.027832,-0.991745
7.718767,0.024673,-0.028046,-0.992416
7.718793,0.024826,-0.028061,-0.993195
7.718820,0.025009,-0.027878,-0.994003
7.718845,0.025253,-0.027527,-0.994827
7.725513,0.025513,-0.027069,-0.995605
7.725643,0.025803,-0.026566,-0.996292
7.725673,0.026093,-0.026077,-0.996872
7.725704,0.026367,-0.025681,-0.997314
7.725731,0.026611,-0.025421,-0.997635
7.725759,0.026810,-0.025314,-0.997833
7.725784,0.026917,-0.025330,-0.997925
7.725809,0.026947,-0.025513,-0.997940
7.735501,0.026855,-0.025787,-0.997833
7.735618,0.026657,-0.026184,-0.997635
7.735648,0.026398,-0.026642,-0.997360
7.735673,0.026062,-0.027176,-0.997025
7.735699,0.025711,-0.027725,-0.996658
7.735726,0.025345,-0.028244,-0.996338
7.735749,0.025009,-0.028702,-0.996048
7.735773,0.024704,-0.029022,-0.995834
7.745510,0.024475,-0.029175,-0.995682
7.745633,0.024353,-0.029160,-0.995560
7.745677,0.024323,-0.028961,-0.995453
7.745710,0.024414,-0.028625,-0.995361
7.745740,0.024582,-0.028168,-0.995239
7.745770,0.024796,-0.027649,-0.995102
7.745799,0.025055,-0.027130,-0.994934
7.745828,0.025330,-0.026611,-0.994736
7.755495,0.025574,-0.026138,-0.994522
7.755611,0.025772,-0.025726,-0.994293
7.755642,0.025940,-0.025360,-0.994034
7.755668,0.026047,-0.025070,-0.993729
7.755692,0.026123,-0.024841,-0.993408
7.755723,0.026199,-0.024704,-0.993057
7.755749,0.026276,-0.024612,-0.992676
7.755798,0.026367,-0.024597,-0.992294
7.765689,0.026520,-0.024612,-0.991959
7.765816,0.026688,-0.024628,-0.991669
7.765847,0.026871,-0.024612,-0.991455
7.765875,0.027054,-0.024536,-0.991364
7.765899,0.027237,-0.024429,-0.991409
7.765924,0.027390,-0.024277,-0.991592
7.766008,0.027512,-0.024139,-0.991913
7.766034,0.027588,-0.024017,-0.992325
7.777482,0.027588,-0.023941,-0.992813
7.777554,0.027542,-0.023880,-0.993332
7.777698,0.027420,-0.023865,-0.993835
7.777714,0.027222,-0.023849,-0.994308
7.777725,0.026978,-0.023819,-0.994736
7.777736,0.026688,-0.023758,-0.995071
7.777746,0.026352,-0.023651,-0.995331
7.777756,0.026031,-0.023499,-0.995514
7.785476,0.025742,-0.023346,-0.995590
7.785538,0.025497,-0.023209,-0.995621
7.785551,0.025314,-0.023163,-0.995605
7.785562,0.025146,-0.023270,-0.995590
7.785573,0.024979,-0.023590,-0.995590
7.785583,0.024750,-0.024139,-0.995605
7.785593,0.024414,-0.024963,-0.995651
7.785602,0.023941,-0.026047,-0.995697
7.795401,0.023346,-0.027344,-0.995743
7.795473,0.022644,-0.028839,-0.995773
7.795492,0.021881,-0.030441,-0.995773
7.795504,0.021103,-0.032074,-0.995743
7.795515,0.020386,-0.033615,-0.995697
7.795526,0.019821,-0.034988,-0.995621
7.795535,0.019440,-0.036072,-0.995560
7.795546,0.019272,-0.036774,-0.995514
7.805411,0.019318,-0.036987,-0.995544
7.805475,0.019623,-0.036667,-0.995636
7.805489,0.020172,-0.035767,-0.995819
7.805501,0.020966,-0.034286,-0.996109
7.805512,0.021973,-0.032288,-0.996460
7.805521,0.023163,-0.029816,-0.996826
7.805531,0.024460,-0.027023,-0.997131
7.805540,0.025772,-0.024033,-0.997360
7.815421,0.027023,-0.021011,-0.997406
7.815488,0.028168,-0.018097,-0.997253
7.815503,0.029144,-0.015442,-0.996872
7.815515,0.029922,-0.013199,-0.996262
7.815525,0.030502,-0.011490,-0.995453
7.815535,0.030853,-0.010406,-0.994522
7.815545,0.030975,-0.009979,-0.993500
7.815555,0.030869,-0.010193,-0.992432
7.825437,0.030563,-0.011032,-0.991364
7.825518,0.030090,-0.012421,-0.990341
7.825534,0.029449,-0.014297,-0.989441
7.825546,0.028717,-0.016525,-0.988693
7.825556,0.027908,-0.018997,-0.988144
7.825567,0.027069,-0.021591,-0.987823
7.825578,0.026260,-0.024170,-0.987762
7.825589,0.025482,-0.026627,-0.987961
7.835489,0.024780,-0.028900,-0.988403
7.835616,0.024170,-0.030914,-0.989090
7.835645,0.023651,-0.032593,-0.989929
7.835671,0.023239,-0.033875,-0.990845
7.835695,0.022949,-0.034714,-0.991791
7.835719,0.022766,-0.035065,-0.992676
7.835743,0.022720,-0.034897,-0.993439
7.835767,0.022781,-0.034225,-0.994064
7.845402,0.022888,-0.033066,-0.994553
7.845534,0.023010,-0.031479,-0.994904
7.845566,0.023163,-0.029556,-0.995117
7.845592,0.023270,-0.027451,-0.995178
7.845616,0.023315,-0.025345,-0.995117
7.845648,0.023270,-0.023422,-0.994919
7.845675,0.023087,-0.021881,-0.994614
7.845700,0.022797,-0.020859,-0.994202
7.855372,0.022415,-0.020432,-0.993759
7.855473,0.021988,-0.020645,-0.993362
7.855524,0.021576,-0.021439,-0.993057
7.855557,0.021225,-0.022720,-0.992889
7.855587,0.020966,-0.024353,-0.992920
7.855618,0.020859,-0.026154,-0.993149
7.855646,0.020935,-0.027985,-0.993546
7.855675,0.021225,-0.029694,-0.994095
7.865900,0.021759,-0.031113,-0.994781
7.866625,0.022522,-0.032181,-0.995560
7.866673,0.023483,-0.032776,-0.996368
7.866702,0.024597,-0.032898,-0.997192
7.866853,0.025833,-0.032532,-0.997925
7.867065,0.027084,-0.031723,-0.998520
7.867100,0.028290,-0.030563,-0.998947
7.867129,0.029358,-0.029144,-0.999161
7.875367,0.030182,-0.027557,-0.999084
7.875519,0.030716,-0.025940,-0.998688
7.875960,0.030930,-0.024399,-0.997971
7.876452,0.030823,-0.023056,-0.996887
7.876492,0.030411,-0.021988,-0.995514
7.876531,0.029709,-0.021225,-0.993881
7.876563,0.028793,-0.020767,-0.992111
7.876592,0.027710,-0.020584,-0.990326
7.885308,0.026550,-0.020660,-0.988632
7.885440,0.025375,-0.020935,-0.987137
7.885469,0.024277,-0.021378,-0.985931
7.885495,0.023270,-0.021927,-0.985092
7.885527,0.022446,-0.022568,-0.984680
7.885553,0.021820,-0.023285,-0.984711
7.885576,0.021439,-0.024048,-0.985184
7.885599,0.021317,-0.024811,-0.986069
7.895335,0.021484,-0.025513,-0.987305
7.895459,0.021957,-0.026077,-0.988831
7.895491,0.022705,-0.026459,-0.990524
7.895521,0.023682,-0.026627,-0.992294
7.895550,0.024841,-0.026566,-0.994003
7.895588,0.026108,-0.026321,-0.995575
7.895618,0.027359,-0.025909,-0.996933
7.895647,0.028519,-0.025375,-0.998032
7.905369,0.029449,-0.024796,-0.998810
7.905525,0.030090,-0.024170,-0.999237
7.905587,0.030365,-0.023560,-0.999313
7.905641,0.030273,-0.023026,-0.999054
7.905691,0.029816,-0.022598,-0.998459
7.905752,0.029053,-0.022339,-0.997604
7.905805,0.028030,-0.022278,-0.996597
7.906047,0.026840,-0.022400,-0.995514
7.915316,0.025543,-0.022751,-0.994476
7.915446,0.024246,-0.023270,-0.993561
7.915482,0.023026,-0.023926,-0.992813
7.915510,0.021973,-0.024673,-0.992310
7.915537,0.021133,-0.025452,-0.992081
7.915561,0.020554,-0.026215,-0.992142
7.915587,0.020218,-0.026932,-0.992462
7.915610,0.020126,-0.027557,-0.993027
7.925344,0.020248,-0.028107,-0.993744
7.925927,0.020569,-0.028580,-0.994583
7.925983,0.021072,-0.029007,-0.995514
7.926018,0.021698,-0.029358,-0.996445
7.926048,0.022400,-0.029633,-0.997345
7.926078,0.023132,-0.029816,-0.998138
7.926109,0.023849,-0.029861,-0.998734
7.926138,0.024506,-0.029800,-0.999084
7.935286,0.025070,-0.029587,-0.999115
7.935410,0.025528,-0.029266,-0.998825
7.935439,0.025864,-0.028870,-0.998215
7.935468,0.026062,-0.028427,-0.997345
7.935494,0.026123,-0.027954,-0.996307
7.935518,0.026016,-0.027466,-0.995148
7.935542,0.025787,-0.026962,-0.993958
7.935566,0.025421,-0.026413,-0.992813
7.945288,0.025009,-0.025803,-0.991791
7.945401,0.024597,-0.025101,-0.990982
7.945429,0.024216,-0.024292,-0.990433
7.945460,0.023941,-0.023392,-0.990204
7.945485,0.023727,-0.022461,-0.990280
7.945511,0.023575,-0.021622,-0.990616
7.945539,0.023407,-0.020981,-0.991135
7.945567,0.023193,-0.020660,-0.991745
7.955266,0.022919,-0.020752,-0.992386
7.955428,0.022614,-0.021301,-0.992966
7.955465,0.022263,-0.022339,-0.993469
7.955495,0.021957,-0.023834,-0.993942
7.955533,0.021729,-0.025681,-0.994415
7.955566,0.021622,-0.027817,-0.994949
7.955596,0.021698,-0.030090,-0.995590
7.955627,0.021957,-0.032364,-0.996338
7.966594,0.022369,-0.034515,-0.997131
7.967301,0.022934,-0.036407,-0.997925
7.968676,0.023605,-0.037949,-0.998611
7.968794,0.024384,-0.038956,-0.999084
7.968827,0.025208,-0.039368,-0.999298
7.968853,0.026016,-0.039093,-0.999222
7.968878,0.026794,-0.038147,-0.998856
7.968904,0.027496,-0.036514,-0.998276
7.975865,0.028107,-0.034286,-0.997498
7.976012,0.028595,-0.031570,-0.996567
7.976082,0.028931,-0.028503,-0.995499
7.976110,0.029099,-0.025238,-0.994339
7.976135,0.029144,-0.021912,-0.993103
7.976160,0.029099,-0.018631,-0.991852
7.976187,0.029022,-0.015533,-0.990616
7.976212,0.028946,-0.012741,-0.989471
7.985500,0.028946,-0.010345,-0.988464
7.985854,0.029053,-0.008469,-0.987686
7.985887,0.029251,-0.007217,-0.987152
7.985913,0.029541,-0.006699,-0.986908
7.985938,0.029877,-0.006943,-0.986923
7.985962,0.030182,-0.007996,-0.987152
7.985986,0.030396,-0.009827,-0.987564
7.986010,0.030441,-0.012344,-0.988129
7.995293,0.030304,-0.015442,-0.988800
7.995571,0.029968,-0.018906,-0.989578
7.995612,0.029465,-0.022552,-0.990463
7.995641,0.028763,-0.026138,-0.991409
7.995666,0.027908,-0.029510,-0.992432
7.995701,0.026947,-0.032471,-0.993500
7.995726,0.025909,-0.034943,-0.994598
7.995750,0.024841,-0.036850,-0.995667
8.005233,0.023804,-0.038208,-0.996628
8.005348,0.022827,-0.039047,-0.997437
8.005377,0.021957,-0.039398,-0.998032
8.005402,0.021271,-0.039291,-0.998383
8.005436,0.020782,-0.038712,-0.998535
8.005464,0.020538,-0.037659,-0.998535
8.005489,0.020554,-0.036148,-0.998444
8.005512,0.020813,-0.034134,-0.998337
8.015213,0.021301,-0.031693,-0.998260
8.015365,0.021988,-0.028854,-0.998276
8.015401,0.022812,-0.025772,-0.998367
8.015434,0.023712,-0.022598,-0.998520
8.015466,0.024673,-0.019501,-0.998703
8.015495,0.025681,-0.016663,-0.998856
8.015563,0.026688,-0.014236,-0.998947
8.015594,0.027649,-0.012375,-0.998947
8.026785,0.028534,-0.011200,-0.998856
8.026948,0.029282,-0.010742,-0.998672
8.027002,0.029816,-0.011017,-0.998383
8.027018,0.030106,-0.012009,-0.998001
8.027030,0.030136,-0.013611,-0.997543
8.027041,0.029877,-0.015747,-0.997055
8.027051,0.029343,-0.018265,-0.996536
8.027061,0.028580,-0.021027,-0.996002
8.035167,0.027649,-0.023865,-0.995453
8.035254,0.026611,-0.026642,-0.994888
8.035270,0.025513,-0.029205,-0.994293
8.035282,0.024414,-0.031433,-0.993713
8.035293,0.023376,-0.033249,-0.993164
8.035304,0.022430,-0.034607,-0.992676
8.035314,0.021622,-0.035431,-0.992249
8.035325,0.020950,-0.035706,-0.991913
8.045171,0.020477,-0.035492,-0.991638
8.045233,0.020172,-0.034805,-0.991425
8.045248,0.020081,-0.033768,-0.991272
8.045260,0.020187,-0.032425,-0.991196
8.045271,0.020493,-0.030869,-0.991180
8.045281,0.020966,-0.029205,-0.991272
8.045290,0.021515,-0.027512,-0.991486
8.045299,0.022095,-0.025894,-0.991806
8.055167,0.022644,-0.024399,-0.992218
8.055219,0.023132,-0.023117,-0.992676
8.055234,0.023575,-0.022079,-0.993164
8.055245,0.023956,-0.021332,-0.993622
8.055256,0.024277,-0.020874,-0.994019
8.055266,0.024551,-0.020706,-0.994354
8.055276,0.024765,-0.020798,-0.994614
8.055285,0.024933,-0.021088,-0.994827
8.065185,0.025055,-0.021545,-0.995041
8.065261,0.025177,-0.022095,-0.995255
8.065276,0.025330,-0.022720,-0.995468
8.065287,0.025543,-0.023361,-0.995667
8.065297,0.025787,-0.023987,-0.995804
8.065308,0.026047,-0.024582,-0.995880
8.065317,0.026306,-0.025131,-0.995880
8.065327,0.026535,-0.025604,-0.995834
8.075197,0.026672,-0.025970,-0.995712
8.075273,0.026733,-0.026184,-0.995529
8.075288,0.026733,-0.026245,-0.995285
8.075300,0.026642,-0.026154,-0.994980
8.075311,0.026505,-0.025925,-0.994614
8.075321,0.026337,-0.025620,-0.994202
8.075330,0.026154,-0.025299,-0.993759
8.075340,0.025970,-0.025009,-0.993286
8.085230,0.025833,-0.024811,-0.992859
8.085352,0.025726,-0.024704,-0.992523
8.085384,0.025650,-0.024719,-0.992310
8.085413,0.025558,-0.024841,-0.992264
8.085439,0.025375,-0.025070,-0.992325
8.085514,0.025055,-0.025345,-0.992462
8.085548,0.024567,-0.025696,-0.992584
8.085576,0.023956,-0.026093,-0.992676
8.095107,0.023315,-0.026520,-0.992691
8.095221,0.022736,-0.026978,-0.992691
8.095251,0.022293,-0.027420,-0.992691
8.095276,0.022018,-0.027817,-0.992752
8.095309,0.021957,-0.028122,-0.992920
8.095337,0.022095,-0.028320,-0.993225
8.095363,0.022385,-0.028442,-0.993652
8.095387,0.022797,-0.028488,-0.994156
8.105119,0.023331,-0.028458,-0.994690
8.105223,0.023926,-0.028366,-0.995178
8.105258,0.024567,-0.028214,-0.995575
8.105284,0.025238,-0.028000,-0.995834
8.105309,0.025940,-0.027725,-0.995926
8.105334,0.026688,-0.027359,-0.995880
8.105358,0.027481,-0.026855,-0.995773
8.105382,0.028336,-0.026184,-0.995667
8.118223,0.029221,-0.025345,-0.995590
8.118370,0.030106,-0.024399,-0.995575
8.118401,0.030945,-0.023407,-0.995590
8.118427,0.031662,-0.022491,-0.995621
8.118451,0.032135,-0.021759,-0.995605
8.118484,0.032349,-0.021301,-0.995544
8.118509,0.032242,-0.021149,-0.995392
8.118534,0.031860,-0.021286,-0.995163
8.125224,0.031250,-0.021683,-0.994873
8.125404,0.030502,-0.022232,-0.994598
8.125435,0.029678,-0.022827,-0.994324
8.125461,0.028854,-0.023376,-0.994080
8.125485,0.028046,-0.023819,-0.993866
8.125512,0.027298,-0.024155,-0.993652
8.125537,0.026596,-0.024399,-0.993423
8.125562,0.025970,-0.024582,-0.993195
8.135070,0.025406,-0.024704,-0.992966
8.135184,0.024902,-0.024811,-0.992752
8.135216,0.024460,-0.024857,-0.992599
8.135244,0.024094,-0.024841,-0.992554
8.135269,0.023804,-0.024719,-0.992661
8.135294,0.023590,-0.024490,-0.992889
8.135325,0.023453,-0.024170,-0.993256
8.135377,0.023376,-0.023788,-0.993683
8.145078,0.023376,-0.023392,-0.994125
8.145212,0.023468,-0.022995,-0.994568
8.145240,0.023666,-0.022644,-0.994949
8.145274,0.023956,-0.022400,-0.995300
8.145301,0.024323,-0.022263,-0.995575
8.145326,0.024734,-0.022232,-0.995804
8.145350,0.025162,-0.022293,-0.995972
8.145375,0.025558,-0.022415,-0.996124
8.155134,0.025864,-0.022552,-0.996292
8.155240,0.026077,-0.022690,-0.996506
8.155284,0.026169,-0.022842,-0.996765
8.155325,0.026123,-0.022995,-0.997040
8.155374,0.025955,-0.023178,-0.997284
8.155414,0.025681,-0.023361,-0.997452
8.155452,0.025330,-0.023590,-0.997498
8.155500,0.024963,-0.023849,-0.997452
8.165078,0.024612,-0.024124,-0.997284
8.165226,0.024261,-0.024399,-0.997055
8.165280,0.023926,-0.024643,-0.996796
8.165325,0.023666,-0.024872,-0.996552
8.165364,0.023438,-0.025085,-0.996307
8.165406,0.023300,-0.025284,-0.996094
8.165443,0.023239,-0.025497,-0.995880
8.165491,0.023270,-0.025726,-0.995651
8.175057,0.023407,-0.025955,-0.995438
8.175185,0.023636,-0.026169,-0.995178
8.175229,0.023911,-0.026337,-0.994919
8.175270,0.024246,-0.026428,-0.994644
8.175309,0.024597,-0.026443,-0.994385
8.175348,0.024918,-0.026382,-0.994171
8.175384,0.025192,-0.026276,-0.993958
8.175420,0.025391,-0.026123,-0.993774
8.185008,0.025543,-0.025986,-0.993607
8.185131,0.025635,-0.025894,-0.993408
8.185227,0.025696,-0.025879,-0.993195
8.185254,0.025711,-0.025909,-0.992935
8.185280,0.025726,-0.026016,-0.992676
8.185303,0.025742,-0.026184,-0.992401
8.185327,0.025772,-0.026428,-0.992126
8.185350,0.025787,-0.026718,-0.991837
8.195025,0.025803,-0.027084,-0.991501
8.195150,0.025803,-0.027496,-0.991135
8.195186,0.025742,-0.027908,-0.990753
8.195227,0.025650,-0.028305,-0.990387
8.195258,0.025528,-0.028656,-0.990082
8.195287,0.025421,-0.028885,-0.989868
8.195323,0.025345,-0.028976,-0.989761
8.195358,0.025314,-0.028915,-0.989792
8.204995,0.025284,-0.028656,-0.989990
8.205105,0.025269,-0.028198,-0.990311
8.205135,0.025238,-0.027573,-0.990768
8.205162,0.025223,-0.026825,-0.991302
8.205188,0.025223,-0.026001,-0.991882
8.205212,0.025284,-0.025177,-0.992462
8.205236,0.025375,-0.024414,-0.993027
8.205259,0.025528,-0.023743,-0.993530
8.214995,0.025711,-0.023209,-0.993988
8.215123,0.025909,-0.022812,-0.994415
8.215159,0.026108,-0.022583,-0.994797
8.215190,0.026276,-0.022507,-0.995148
8.215222,0.026382,-0.022598,-0.995438
8.215254,0.026428,-0.022842,-0.995697
8.215284,0.026398,-0.023224,-0.995880
8.215312,0.026321,-0.023758,-0.996017
8.224989,0.026230,-0.024414,-0.996078
8.225120,0.026108,-0.025146,-0.996078
8.225151,0.025970,-0.025925,-0.996048
8.225175,0.025818,-0.026688,-0.996002
8.225201,0.025650,-0.027359,-0.995941
8.225225,0.025467,-0.027908,-0.995850
8.225259,0.025269,-0.028305,-0.995728
8.225711,0.025040,-0.028534,-0.995560
8.235408,0.024811,-0.028610,-0.995331
8.235533,0.024612,-0.028564,-0.995056
8.235561,0.024475,-0.028412,-0.994751
8.235586,0.024414,-0.028198,-0.994446
8.235611,0.024445,-0.027939,-0.994156
8.235635,0.024582,-0.027634,-0.993851
8.235658,0.024796,-0.027298,-0.993591
8.235682,0.025055,-0.026901,-0.993347
8.244948,0.025314,-0.026474,-0.993164
8.245066,0.025574,-0.026001,-0.993027
8.245096,0.025772,-0.025528,-0.992920
8.245121,0.025894,-0.025055,-0.992828
8.245146,0.025909,-0.024628,-0.992737
8.245171,0.025818,-0.024277,-0.992599
8.245196,0.025635,-0.024063,-0.992416
8.245220,0.025375,-0.024017,-0.992172
8.254972,0.025085,-0.024124,-0.991867
8.255108,0.024796,-0.024399,-0.991547
8.255169,0.024551,-0.024796,-0.991272
8.255224,0.024368,-0.025299,-0.991089
8.255275,0.024277,-0.025879,-0.991028
8.255324,0.024292,-0.026505,-0.991135
8.255376,0.024429,-0.027176,-0.991425
8.255427,0.024658,-0.027832,-0.991867
8.264911,0.024963,-0.028473,-0.992477
8.264990,0.025284,-0.029037,-0.993179
8.265007,0.025604,-0.029510,-0.993912
8.265020,0.025848,-0.029831,-0.994614
8.265032,0.025970,-0.029984,-0.995224
8.265043,0.025986,-0.029953,-0.995697
8.265075,0.025864,-0.029739,-0.996033
8.265086,0.025650,-0.029388,-0.996216
8.281288,0.025375,-0.028931,-0.996323
8.281397,0.025085,-0.028397,-0.996338
8.281429,0.024811,-0.027786,-0.996338
8.281455,0.024567,-0.027130,-0.996323
8.281479,0.024384,-0.026443,-0.996323
8.281512,0.024246,-0.025803,-0.996307
8.281538,0.024170,-0.025238,-0.996307
8.281562,0.024109,-0.024780,-0.996323
8.284913,0.024094,-0.024445,-0.996307
8.284972,0.024094,-0.024246,-0.996292
8.284986,0.024094,-0.024155,-0.996246
8.284997,0.024109,-0.024170,-0.996170
8.285007,0.024124,-0.024261,-0.996063
8.285018,0.024170,-0.024445,-0.995926
8.285028,0.024216,-0.024704,-0.995773
8.285038,0.024261,-0.024979,-0.995636
8.294907,0.024277,-0.025284,-0.995529
8.295032,0.024292,-0.025604,-0.995438
8.295062,0.024292,-0.025909,-0.995377
8.295089,0.024323,-0.026199,-0.995331
8.295115,0.024338,-0.026428,-0.995285
8.295139,0.024368,-0.026596,-0.995209
8.295165,0.024414,-0.026672,-0.995087
8.295190,0.024460,-0.026688,-0.994904
8.304888,0.024521,-0.026627,-0.994675
8.304992,0.024567,-0.026505,-0.994431
8.305021,0.024643,-0.026321,-0.994171
8.305045,0.024734,-0.026077,-0.993927
8.305071,0.024887,-0.025772,-0.993729
8.305096,0.025085,-0.025421,-0.993561
8.305120,0.025345,-0.025085,-0.993439
8.305143,0.025681,-0.024750,-0.993347
8.314889,0.026031,-0.024429,-0.993317
8.315005,0.026382,-0.024109,-0.993347
8.315140,0.026703,-0.023804,-0.993439
8.315167,0.026962,-0.023483,-0.993576
8.318250,0.027191,-0.023193,-0.993759
8.318364,0.027359,-0.022903,-0.993958
8.318401,0.027451,-0.022659,-0.994141
8.318428,0.027451,-0.022476,-0.994293
8.325322,0.027390,-0.022369,-0.994370
8.325449,0.027252,-0.022369,-0.994385
8.325661,0.027039,-0.022476,-0.994308
8.325711,0.026779,-0.022675,-0.994156
8.325741,0.026459,-0.022980,-0.993958
8.325769,0.026123,-0.023346,-0.993713
8.325796,0.025818,-0.023773,-0.993454
8.325819,0.025528,-0.024231,-0.993210
8.335019,0.025284,-0.024704,-0.993011
8.335119,0.025070,-0.025162,-0.992844
8.335151,0.024857,-0.025604,-0.992737
8.335179,0.024673,-0.026001,-0.992630
8.335208,0.024490,-0.026398,-0.992554
8.335234,0.024338,-0.026794,-0.992493
8.335270,0.024216,-0.027161,-0.992447
8.335405,0.024155,-0.027481,-0.992416
8.344855,0.024139,-0.027740,-0.992416
8.344963,0.024170,-0.027924,-0.992432
8.344994,0.024231,-0.028046,-0.992462
8.345019,0.024323,-0.028152,-0.992508
8.345044,0.024414,-0.028259,-0.992523
8.345069,0.024521,-0.028366,-0.992523
8.345095,0.024643,-0.028473,-0.992523
8.345118,0.024765,-0.028564,-0.992523
8.354874,0.024902,-0.028641,-0.992554
8.355009,0.025070,-0.028671,-0.992584
8.355045,0.025238,-0.028610,-0.992645
8.355076,0.025391,-0.028458,-0.992722
8.355115,0.025513,-0.028198,-0.992828
8.355147,0.025574,-0.027878,-0.992935
8.355176,0.025574,-0.027512,-0.993011
8.355214,0.025528,-0.027161,-0.993042
8.364825,0.025436,-0.026840,-0.993011
8.364933,0.025314,-0.026566,-0.992966
8.364962,0.025223,-0.026352,-0.992905
8.364987,0.025162,-0.026169,-0.992844
8.365014,0.025162,-0.026031,-0.992813
8.365134,0.025208,-0.025909,-0.992844
8.365160,0.025284,-0.025803,-0.992920
8.365558,0.025360,-0.025726,-0.993011
8.374845,0.025452,-0.025665,-0.993134
8.375027,0.025528,-0.025665,-0.993256
8.375087,0.025604,-0.025726,-0.993408
8.375141,0.025681,-0.025848,-0.993576
8.375193,0.025772,-0.026047,-0.993774
8.375245,0.025864,-0.026291,-0.993973
8.375294,0.025940,-0.026535,-0.994186
8.375358,0.025986,-0.026749,-0.994370
8.384879,0.025986,-0.026871,-0.994537
8.385015,0.025955,-0.026917,-0.994675
8.385124,0.025864,-0.026840,-0.994781
8.385164,0.025711,-0.026642,-0.994873
8.385190,0.025543,-0.026321,-0.994965
8.385217,0.025375,-0.025925,-0.995056
8.385241,0.025223,-0.025436,-0.995148
8.385265,0.025116,-0.024933,-0.995255
8.394816,0.025070,-0.024399,-0.995377
8.394925,0.025070,-0.023895,-0.995514
8.394954,0.025146,-0.023407,-0.995621
8.394980,0.025269,-0.022949,-0.995712
8.395014,0.025406,-0.022537,-0.995773
8.395041,0.025543,-0.022186,-0.995789
8.395065,0.025665,-0.021866,-0.995743
8.395088,0.025803,-0.021606,-0.995636
8.404799,0.025940,-0.021393,-0.995468
8.404922,0.026138,-0.021225,-0.995270
8.404956,0.026382,-0.021133,-0.995071
8.404988,0.026672,-0.021118,-0.994919
8.405017,0.026978,-0.021194,-0.994781
8.405056,0.027267,-0.021347,-0.994675
8.405088,0.027542,-0.021622,-0.994598
8.405115,0.027756,-0.021988,-0.994507
8.414770,0.027908,-0.022461,-0.994431
8.414875,0.028015,-0.023026,-0.994339
8.414912,0.028061,-0.023651,-0.994232
8.414943,0.028015,-0.024307,-0.994125
8.414973,0.027878,-0.024948,-0.994019
8.415012,0.027634,-0.025513,-0.993896
8.415565,0.027298,-0.025955,-0.993790
8.415638,0.026871,-0.026260,-0.993668
8.424783,0.026367,-0.026428,-0.993576
8.424940,0.025818,-0.026474,-0.993500
8.424987,0.025284,-0.026428,-0.993469
8.425026,0.024796,-0.026321,-0.993484
8.425074,0.024399,-0.026169,-0.993530
8.425112,0.024048,-0.025970,-0.993637
8.425151,0.023773,-0.025742,-0.993790
8.425187,0.023544,-0.025452,-0.994019
8.434785,0.023376,-0.025131,-0.994293
8.434916,0.023254,-0.024796,-0.994644
8.434972,0.023178,-0.024490,-0.995010
8.435007,0.023178,-0.024231,-0.995377
8.435034,0.023239,-0.024063,-0.995697
8.435058,0.023376,-0.023972,-0.995956
8.435084,0.023590,-0.023972,-0.996124
8.435107,0.023849,-0.024048,-0.996201
8.444758,0.024155,-0.024200,-0.996185
8.444879,0.024460,-0.024399,-0.996063
8.444917,0.024734,-0.024597,-0.995895
8.444942,0.024963,-0.024796,-0.995712
8.444967,0.025146,-0.024994,-0.995529
8.444991,0.025284,-0.025146,-0.995377
8.445025,0.025360,-0.025299,-0.995285
8.445048,0.025391,-0.025452,-0.995239
8.454747,0.025375,-0.025620,-0.995239
8.454854,0.025314,-0.025803,-0.995270
8.454885,0.025223,-0.026001,-0.995331
8.454911,0.025131,-0.026184,-0.995392
8.454938,0.025055,-0.026337,-0.995453
8.454962,0.025024,-0.026459,-0.995499
8.454987,0.025055,-0.026505,-0.995514
8.455010,0.025131,-0.026505,-0.995468
8.464718,0.025238,-0.026443,-0.995377
8.464833,0.025375,-0.026352,-0.995224
8.464875,0.025513,-0.026230,-0.994995
8.464908,0.025635,-0.026093,-0.994675
8.464940,0.025726,-0.025955,-0.994293
8.465026,0.025803,-0.025803,-0.993835
8.465057,0.025848,-0.025635,-0.993362
8.465896,0.025879,-0.025421,-0.992889
8.474950,0.025894,-0.025192,-0.992447
8.475069,0.025879,-0.024963,-0.992081
8.475099,0.025833,-0.024780,-0.991791
8.475126,0.025742,-0.024689,-0.991608
8.475151,0.025635,-0.024719,-0.991516
8.475177,0.025513,-0.024887,-0.991486
8.475337,0.025406,-0.025177,-0.991501
8.475367,0.025345,-0.025558,-0.991547
8.484708,0.025330,-0.026001,-0.991623
8.484817,0.025391,-0.026428,-0.991714
8.484846,0.025482,-0.026825,-0.991776
8.484873,0.025589,-0.027161,-0.991837
8.484897,0.025696,-0.027435,-0.991898
8.484923,0.025818,-0.027649,-0.991959
8.484947,0.025909,-0.027817,-0.992020
8.484973,0.025970,-0.027969,-0.992111
8.494706,0.025986,-0.028091,-0.992218
8.494822,0.026001,-0.028198,-0.992371
8.494857,0.026001,-0.028259,-0.992523
8.494887,0.026031,-0.028275,-0.992676
8.494919,0.026077,-0.028214,-0.992828
8.494947,0.026138,-0.028076,-0.992981
8.494975,0.026199,-0.027863,-0.993118
8.495013,0.026215,-0.027588,-0.993225
8.504688,0.026184,-0.027283,-0.993301
8.504798,0.026108,-0.026962,-0.993347
8.504832,0.025970,-0.026657,-0.993347
8.504872,0.025787,-0.026352,-0.993347
8.504909,0.025589,-0.026093,-0.993362
8.504940,0.025391,-0.025864,-0.993393
8.504970,0.025177,-0.025681,-0.993454
8.504999,0.024979,-0.025528,-0.993484
8.514694,0.024780,-0.025406,-0.993515
8.514823,0.024597,-0.025299,-0.993515
8.514858,0.024445,-0.025253,-0.993500
8.514894,0.024323,-0.025269,-0.993484
8.514945,0.024231,-0.025345,-0.993454
8.514983,0.024185,-0.025467,-0.993439
8.515489,0.024170,-0.025635,-0.993423
8.515565,0.024185,-0.025848,-0.993454
8.526959,0.024200,-0.026093,-0.993515
8.527105,0.024200,-0.026352,-0.993622
8.527141,0.024170,-0.026627,-0.993744
8.527200,0.024109,-0.026917,-0.993881
8.527267,0.024033,-0.027222,-0.994003
8.527283,0.023911,-0.027496,-0.994080
8.527295,0.023788,-0.027710,-0.994171
8.527308,0.023651,-0.027847,-0.994247
8.534665,0.023544,-0.027878,-0.994339
8.534783,0.023468,-0.027786,-0.994446
8.534815,0.023422,-0.027557,-0.994598
8.534841,0.023392,-0.027222,-0.994751
8.534868,0.023376,-0.026825,-0.994888
8.534892,0.023376,-0.026382,-0.994995
8.534916,0.023392,-0.025970,-0.995041
8.534940,0.023407,-0.025604,-0.995041
8.544729,0.023438,-0.025345,-0.994995
8.544886,0.023529,-0.025208,-0.994934
8.544945,0.023682,-0.025192,-0.994858
8.544997,0.023911,-0.025299,-0.994766
8.545049,0.024185,-0.025482,-0.994690
8.545122,0.024460,-0.025726,-0.994598
8.545175,0.024689,-0.026001,-0.994522
8.545239,0.024841,-0.026276,-0.994461
8.554630,0.024902,-0.026535,-0.994385
8.554772,0.024887,-0.026718,-0.994339
8.554844,0.024841,-0.026840,-0.994324
8.554900,0.024765,-0.026871,-0.994354
8.554953,0.024734,-0.026840,-0.994431
8.555004,0.024719,-0.026733,-0.994553
8.555067,0.024734,-0.026566,-0.994720
8.555119,0.024765,-0.026352,-0.994919
8.564668,0.024780,-0.026123,-0.995117
8.564835,0.024780,-0.025879,-0.995270
8.564890,0.024734,-0.025650,-0.995346
8.564915,0.024643,-0.025467,-0.995331
8.564948,0.024536,-0.025345,-0.995239
8.564974,0.024399,-0.025314,-0.995087
8.564998,0.024261,-0.025360,-0.994888
8.565021,0.024155,-0.025467,-0.994675
8.578061,0.024063,-0.025620,-0.994461
8.578261,0.024017,-0.025742,-0.994278
8.578294,0.024017,-0.025833,-0.994125
8.578320,0.024048,-0.025864,-0.994003
8.578351,0.024124,-0.025833,-0.993927
8.578377,0.024200,-0.025757,-0.993912
8.578403,0.024277,-0.025665,-0.993958
8.578427,0.024353,-0.025589,-0.994064
8.585182,0.024399,-0.025543,-0.994247
8.585403,0.024414,-0.025528,-0.994492
8.585676,0.024414,-0.025558,-0.994766
8.585711,0.024384,-0.025620,-0.995071
8.585737,0.024353,-0.025681,-0.995361
8.585761,0.024353,-0.025742,-0.995621
8.585785,0.024384,-0.025787,-0.995819
8.585809,0.024445,-0.025833,-0.995926
8.594587,0.024536,-0.025894,-0.995956
8.594721,0.024643,-0.025970,-0.995895
8.594751,0.024765,-0.026062,-0.995773
8.594777,0.024872,-0.026154,-0.995636
8.594809,0.024933,-0.026230,-0.995483
8.594836,0.024918,-0.026291,-0.995346
8.594861,0.024796,-0.026306,-0.995255
8.594886,0.024612,-0.026276,-0.995209
8.604577,0.024399,-0.026230,-0.995193
8.604706,0.024155,-0.026169,-0.995209
8.604738,0.023956,-0.026108,-0.995270
8.604763,0.023834,-0.026077,-0.995346
8.604787,0.023788,-0.026077,-0.995438
8.604820,0.023849,-0.026062,-0.995575
8.604845,0.024002,-0.026031,-0.995712
8.604869,0.024261,-0.025970,-0.995865
8.614570,0.024597,-0.025864,-0.996002
8.614709,0.024963,-0.025711,-0.996124
8.614746,0.025345,-0.025528,-0.996185
8.614778,0.025681,-0.025330,-0.996170
8.614809,0.025955,-0.025131,-0.996094
8.614838,0.026154,-0.024994,-0.995941
8.614866,0.026276,-0.024902,-0.995712
8.614895,0.026306,-0.024887,-0.995468
8.624575,0.026276,-0.024933,-0.995178
8.624647,0.026154,-0.025040,-0.994904
8.624663,0.025970,-0.025162,-0.994614
8.624675,0.025726,-0.025299,-0.994339
8.624685,0.025467,-0.025406,-0.994049
8.624696,0.025192,-0.025467,-0.993759
8.624706,0.024933,-0.025497,-0.993454
8.624715,0.024734,-0.025528,-0.993134
8.634603,0.024582,-0.025558,-0.992798
8.634711,0.024506,-0.025589,-0.992447
8.634740,0.024506,-0.025589,-0.992111
8.634767,0.024612,-0.025574,-0.991776
8.634793,0.024796,-0.025513,-0.991486
8.634818,0.025024,-0.025375,-0.991257
8.634844,0.025253,-0.025177,-0.991089
8.634867,0.025497,-0.024902,-0.990967
8.644550,0.025711,-0.024582,-0.990875
8.644658,0.025909,-0.024231,-0.990768
8.644687,0.026108,-0.023911,-0.990677
8.644746,0.026306,-0.023636,-0.990601
8.644785,0.026489,-0.023392,-0.990524
8.644814,0.026657,-0.023178,-0.990463
8.644839,0.026810,-0.022995,-0.990433
8.644865,0.026886,-0.022858,-0.990448
8.654546,0.026901,-0.022781,-0.990524
8.654655,0.026855,-0.022781,-0.990662
8.654686,0.026733,-0.022858,-0.990860
8.654711,0.026550,-0.023056,-0.991119
8.654735,0.026352,-0.023392,-0.991470
8.654766,0.026123,-0.023819,-0.991867
8.654793,0.025894,-0.024338,-0.992294
8.654818,0.025681,-0.024857,-0.992737
8.664530,0.025528,-0.025330,-0.993164
8.664661,0.025421,-0.025696,-0.993546
8.664691,0.025345,-0.025925,-0.993851
8.664719,0.025314,-0.025986,-0.994095
8.664745,0.025299,-0.025894,-0.994278
8.664770,0.025269,-0.025635,-0.994431
8.664794,0.025238,-0.025253,-0.994568
8.664827,0.025177,-0.024780,-0.994705
8.674529,0.025131,-0.024307,-0.994904
8.674679,0.025085,-0.023834,-0.995117
8.674733,0.025070,-0.023438,-0.995361
8.674773,0.025101,-0.023117,-0.995621
8.674820,0.025177,-0.022888,-0.995865
8.674859,0.025284,-0.022766,-0.996094
8.674903,0.025406,-0.022751,-0.996292
8.674943,0.025528,-0.022812,-0.996429
8.684544,0.025650,-0.022964,-0.996521
8.684643,0.025742,-0.023163,-0.996567
8.684672,0.025818,-0.023422,-0.996552
8.684699,0.025879,-0.023727,-0.996521
8.684725,0.025955,-0.024063,-0.996475
8.684749,0.026016,-0.024414,-0.996445
8.684781,0.026047,-0.024796,-0.996399
8.684806,0.026047,-0.025177,-0.996338
8.694499,0.026001,-0.025558,-0.996231
8.694619,0.025894,-0.025955,-0.996094
8.694650,0.025742,-0.026352,-0.995911
8.694677,0.025558,-0.026733,-0.995682
8.694703,0.025345,-0.027054,-0.995422
8.694729,0.025146,-0.027313,-0.995178
8.694754,0.024963,-0.027466,-0.994934
8.694778,0.024811,-0.027496,-0.994690
8.704481,0.024689,-0.027405,-0.994431
8.704582,0.024628,-0.027206,-0.994141
8.704610,0.024612,-0.026901,-0.993805
8.704635,0.024673,-0.026505,-0.993454
8.704667,0.024811,-0.026077,-0.993073
8.704694,0.025009,-0.025635,-0.992661
8.704719,0.025269,-0.025223,-0.992264
8.704745,0.025589,-0.024872,-0.991898
8.714574,0.025955,-0.024582,-0.991623
8.714694,0.026321,-0.024368,-0.991440
8.714726,0.026642,-0.024216,-0.991409
8.714754,0.026871,-0.024124,-0.991516
8.714779,0.026978,-0.024078,-0.991760
8.714803,0.026932,-0.024094,-0.992142
8.714827,0.026749,-0.024170,-0.992599
8.714850,0.026489,-0.024277,-0.993118
8.724437,0.026184,-0.024414,-0.993622
8.724546,0.025909,-0.024597,-0.994080
8.724574,0.025696,-0.024841,-0.994461
8.724602,0.025528,-0.025085,-0.994766
8.724628,0.025391,-0.025360,-0.994980
8.724653,0.025269,-0.025635,-0.995117
8.724678,0.025162,-0.025879,-0.995193
8.724703,0.025040,-0.026093,-0.995224
8.734690,0.024887,-0.026260,-0.995239
8.734813,0.024719,-0.026352,-0.995255
8.734850,0.024567,-0.026382,-0.995285
8.734883,0.024429,-0.026382,-0.995331
8.734917,0.024338,-0.026337,-0.995392
8.734973,0.024307,-0.026260,-0.995438
8.735005,0.024323,-0.026154,-0.995499
8.735035,0.024414,-0.026047,-0.995529
8.744441,0.024536,-0.025894,-0.995529
8.744562,0.024689,-0.025726,-0.995483
8.744591,0.024857,-0.025558,-0.995407
8.744624,0.025055,-0.025375,-0.995300
8.744652,0.025253,-0.025223,-0.995148
8.744678,0.025436,-0.025101,-0.994949
8.744702,0.025604,-0.024994,-0.994690
8.744736,0.025757,-0.024918,-0.994400
8.754433,0.025879,-0.024857,-0.994080
8.754544,0.025955,-0.024796,-0.993729
8.754572,0.025986,-0.024765,-0.993362
8.754600,0.025955,-0.024780,-0.992996
8.754625,0.025864,-0.024826,-0.992615
8.754650,0.025742,-0.024948,-0.992233
8.754674,0.025558,-0.025131,-0.991837
8.754708,0.025360,-0.025360,-0.991440
8.764790,0.025192,-0.025620,-0.991028
8.764943,0.025085,-0.025864,-0.990540
8.764978,0.025024,-0.025925,-0.989655
8.765005,0.024979,-0.025665,-0.987534
8.765030,0.024872,-0.025192,-0.982819
8.765061,0.024551,-0.025146,-0.974167
8.765125,0.023895,-0.026443,-0.961075
8.765150,0.022812,-0.029831,-0.944183
8.775921,0.021454,-0.035431,-0.925049
8.776055,0.020279,-0.042618,-0.905655
8.776172,0.020020,-0.050385,-0.887955
8.776246,0.021408,-0.057587,-0.873688
8.776286,0.024963,-0.063110,-0.864349
8.776299,0.030685,-0.066071,-0.861038
8.776311,0.038086,-0.065887,-0.864380
8.776322,0.046204,-0.062424,-0.874359
8.784388,0.053986,-0.055832,-0.890381
8.784460,0.060455,-0.046524,-0.911438
8.784477,0.064911,-0.035034,-0.936401
8.784490,0.067001,-0.022064,-0.964157
8.784502,0.066666,-0.008469,-0.993561
8.784513,0.064011,0.004730,-1.023376
8.784524,0.059204,0.016449,-1.052444
8.784534,0.052490,0.025635,-1.079758
8.794416,0.044067,0.031494,-1.104584
8.794551,0.034149,0.033554,-1.126480
8.794590,0.023071,0.031769,-1.145172
8.794619,0.011215,0.026489,-1.160492
8.794643,-0.000931,0.018311,-1.172302
8.794670,-0.012817,0.008102,-1.180542
8.794705,-0.023880,-0.003250,-1.185211
8.794732,-0.033569,-0.014877,-1.186386
8.804496,-0.041428,-0.026062,-1.184082
8.804601,-0.047073,-0.036255,-1.178329
8.804631,-0.050201,-0.045090,-1.169113
8.804660,-0.050659,-0.052261,-1.156555
8.804686,-0.048355,-0.057571,-1.140915
8.804711,-0.043365,-0.060852,-1.122635
8.804735,-0.035889,-0.062042,-1.102203
8.804758,-0.026276,-0.061188,-1.080246
8.814387,-0.014954,-0.058472,-1.057358
8.814507,-0.002380,-0.054184,-1.034103
8.814538,0.010925,-0.048752,-1.011047
8.814564,0.024475,-0.042618,-0.988647
8.814590,0.037750,-0.036285,-0.967331
8.814617,0.050323,-0.030197,-0.947418
8.814642,0.061722,-0.024750,-0.929077
8.814667,0.071564,-0.020309,-0.912445
8.825223,0.079498,-0.017090,-0.897659
8.825359,0.085251,-0.015198,-0.884857
8.825400,0.088684,-0.014572,-0.874222
8.825429,0.089752,-0.015060,-0.865921
8.825453,0.088593,-0.016479,-0.860107
8.825477,0.085434,-0.018539,-0.856949
8.825501,0.080551,-0.021042,-0.856522
8.825535,0.074310,-0.023712,-0.858856
8.834474,0.067017,-0.026382,-0.863831
8.834590,0.058990,-0.028885,-0.871201
8.834620,0.050522,-0.031158,-0.880600
8.834648,0.041870,-0.033127,-0.891556
8.834674,0.033325,-0.034714,-0.903610
8.834700,0.025085,-0.035828,-0.916229
8.834834,0.017395,-0.036392,-0.929047
8.834858,0.010468,-0.036346,-0.941727
8.844384,0.004456,-0.035675,-0.953995
8.844488,-0.000473,-0.034363,-0.965652
8.844517,-0.004242,-0.032516,-0.976547
8.844552,-0.006775,-0.030258,-0.986633
8.844579,-0.008057,-0.027740,-0.995865
8.844607,-0.008087,-0.025131,-1.004272
8.844634,-0.006897,-0.022552,-1.011856
8.844657,-0.004593,-0.020172,-1.018646
8.859848,-0.001236,-0.018097,-1.024673
8.859960,0.002991,-0.016388,-1.029984
8.859990,0.007950,-0.015137,-1.034637
8.860018,0.013397,-0.014374,-1.038635
8.860042,0.019073,-0.014145,-1.042007
8.860066,0.024704,-0.014465,-1.044785
8.860473,0.030014,-0.015289,-1.046951
8.860515,0.034775,-0.016571,-1.048523
8.864318,0.038727,-0.018188,-1.049500
8.864416,0.041702,-0.020050,-1.049866
8.864450,0.043579,-0.021988,-1.049606
8.864479,0.044281,-0.023880,-1.048706
8.864506,0.043762,-0.025604,-1.047119
8.864533,0.042084,-0.027054,-1.044876
8.864558,0.039368,-0.028183,-1.041962
8.864585,0.035751,-0.028992,-1.038345
8.874348,0.031479,-0.029480,-1.034012
8.874484,0.026779,-0.029724,-1.028992
8.874515,0.021942,-0.029739,-1.023331
8.874541,0.017227,-0.029602,-1.017090
8.874567,0.012909,-0.029343,-1.010376
8.874593,0.009201,-0.028976,-1.003357
8.874617,0.006317,-0.028519,-0.996231
8.874640,0.004425,-0.027985,-0.989182
8.884391,0.003571,-0.027374,-0.982391
8.884536,0.003830,-0.026703,-0.976044
8.884971,0.005142,-0.026016,-0.970291
8.884998,0.007446,-0.025330,-0.965256
8.885033,0.010605,-0.024704,-0.961060
8.885060,0.014481,-0.024170,-0.957779
8.885085,0.018890,-0.023773,-0.955490
8.885109,0.023636,-0.023529,-0.954163
8.894393,0.028503,-0.023438,-0.953796
8.894499,0.033279,-0.023468,-0.954346
8.894529,0.037766,-0.023621,-0.955719
8.894556,0.041748,-0.023834,-0.957855
8.894581,0.045029,-0.024139,-0.960648
8.894617,0.047470,-0.024490,-0.963989
8.894644,0.048981,-0.024918,-0.967758
8.894670,0.049484,-0.025421,-0.971848
8.904327,0.048965,-0.025986,-0.976135
8.904409,0.047470,-0.026596,-0.980515
8.904440,0.045074,-0.027161,-0.984879
8.904468,0.041885,-0.027649,-0.989120
8.904493,0.038086,-0.027969,-0.993179
8.904517,0.033875,-0.028076,-0.996948
8.904544,0.029434,-0.027954,-1.000412
8.904570,0.024979,-0.027649,-1.003510
8.914434,0.020737,-0.027161,-1.006226
8.914544,0.016907,-0.026550,-1.008575
8.914572,0.013626,-0.025864,-1.010559
8.914600,0.011032,-0.025146,-1.012177
8.914624,0.009186,-0.024414,-1.013412
8.914648,0.008133,-0.023697,-1.014252
8.914672,0.007843,-0.023026,-1.014725
8.914705,0.008270,-0.022400,-1.014832
8.924816,0.009338,-0.021820,-1.014633
8.925928,0.010956,-0.021332,-1.014145
8.926919,0.013016,-0.020966,-1.013412
8.926989,0.015411,-0.020798,-1.012466
8.927018,0.018005,-0.020844,-1.011322
8.927043,0.020660,-0.021133,-1.010056
8.927067,0.023270,-0.021652,-1.008667
8.927092,0.025696,-0.022400,-1.007172
8.934281,0.027832,-0.023300,-1.005600
8.934398,0.029602,-0.024292,-1.003906
8.934430,0.030991,-0.025314,-1.002106
8.934489,0.031982,-0.026291,-1.000214
8.934519,0.032608,-0.027191,-0.998215
8.934544,0.032883,-0.028000,-0.996140
8.934569,0.032867,-0.028702,-0.994019
8.934594,0.032608,-0.029236,-0.991882
8.944257,0.032135,-0.029617,-0.989746
8.944347,0.031464,-0.029785,-0.987686
8.944377,0.030609,-0.029724,-0.985703
8.944402,0.029617,-0.029434,-0.983856
8.944427,0.028503,-0.028946,-0.982162
8.944451,0.027328,-0.028290,-0.980682
8.944477,0.026169,-0.027496,-0.979416
8.944500,0.025085,-0.026642,-0.978394
8.954285,0.024124,-0.025787,-0.977631
8.954386,0.023331,-0.024994,-0.977142
8.954416,0.022705,-0.024323,-0.976929
8.954442,0.022263,-0.023804,-0.976974
8.954467,0.022003,-0.023453,-0.977264
8.954493,0.021912,-0.023300,-0.977798
8.954516,0.021988,-0.023315,-0.978577
8.954540,0.022217,-0.023483,-0.979614
8.964217,0.022552,-0.023819,-0.980896
8.964326,0.022980,-0.024307,-0.982407
8.964356,0.023422,-0.024963,-0.984116
8.964381,0.023849,-0.025772,-0.986008
8.964413,0.024216,-0.026703,-0.988007
8.964439,0.024536,-0.027725,-0.990051
8.964463,0.024750,-0.028748,-0.992096
8.964488,0.024872,-0.029678,-0.994080
8.974190,0.024872,-0.030457,-0.995972
8.974425,0.024796,-0.031021,-0.997696
8.974461,0.024658,-0.031326,-0.999252
8.974494,0.024490,-0.031372,-1.000641
8.974524,0.024323,-0.031143,-1.001846
8.974554,0.024170,-0.030640,-1.002823
8.974583,0.024063,-0.029892,-1.003571
8.974611,0.023987,-0.028961,-1.004059
8.984287,0.023956,-0.027878,-1.004257
8.984403,0.023972,-0.026703,-1.004181
8.984448,0.024033,-0.025482,-1.003876
8.984473,0.024139,-0.024292,-1.003372
8.984498,0.024292,-0.023193,-1.002731
8.984525,0.024490,-0.022247,-1.001984
8.984551,0.024704,-0.021530,-1.001129
8.984574,0.024963,-0.021057,-1.000168
8.994223,0.025223,-0.020844,-0.999115
8.994358,0.025482,-0.020889,-0.997971
8.994389,0.025726,-0.021149,-0.996765
8.994413,0.025970,-0.021576,-0.995560
8.994437,0.026184,-0.022141,-0.994415
8.994468,0.026337,-0.022781,-0.993332
8.994494,0.026413,-0.023514,-0.992340
8.994519,0.026428,-0.024292,-0.991440
9.004167,0.026367,-0.025101,-0.990631
9.004257,0.026245,-0.025925,-0.989914
9.004286,0.026093,-0.026733,-0.989319
9.004312,0.025925,-0.027527,-0.988861
9.004339,0.025742,-0.028244,-0.988556
9.004363,0.025528,-0.028854,-0.988419
9.004387,0.025299,-0.029327,-0.988480
9.004418,0.025055,-0.029602,-0.988754
9.014171,0.024811,-0.029694,-0.989227
9.014265,0.024567,-0.029572,-0.989853
9.014294,0.024323,-0.029266,-0.990570
9.014329,0.024124,-0.028778,-0.991364
9.014355,0.023972,-0.028137,-0.992172
9.014380,0.023926,-0.027390,-0.992996
9.014440,0.023987,-0.026581,-0.993790
9.014472,0.024185,-0.025726,-0.994553
9.024187,0.024536,-0.024887,-0.995270
9.024260,0.025009,-0.024094,-0.995926
9.024275,0.025543,-0.023376,-0.996506
9.024451,0.026093,-0.022781,-0.997040
9.024502,0.026581,-0.022354,-0.997513
9.024529,0.026978,-0.022079,-0.997910
9.024554,0.027252,-0.022003,-0.998230
9.024579,0.027390,-0.022110,-0.998489
9.034173,0.027390,-0.022354,-0.998657
9.034318,0.027283,-0.022705,-0.998749
9.034349,0.027069,-0.023148,-0.998764
9.034375,0.026779,-0.023666,-0.998718
9.034399,0.026413,-0.024231,-0.998611
9.034425,0.025986,-0.024811,-0.998444
9.034448,0.025482,-0.025406,-0.998245
9.034471,0.024933,-0.025986,-0.998016
9.044125,0.024323,-0.026535,-0.997772
9.044227,0.023697,-0.027054,-0.997513
9.044257,0.023102,-0.027527,-0.997223
9.044283,0.022614,-0.027924,-0.996887
9.044307,0.022263,-0.028183,-0.996506
9.044340,0.022079,-0.028290,-0.996109
9.044366,0.022079,-0.028229,-0.995697
9.044392,0.022232,-0.028000,-0.995331
9.054333,0.022537,-0.027649,-0.995010
9.054489,0.022919,-0.027176,-0.994705
9.054550,0.023361,-0.026627,-0.994370
9.054604,0.023834,-0.026062,-0.994019
9.054657,0.024338,-0.025497,-0.993622
9.054707,0.024902,-0.025009,-0.993225
9.054758,0.025482,-0.024582,-0.992844
9.054809,0.026031,-0.024277,-0.992493
9.064176,0.026489,-0.024078,-0.992203
9.067804,0.026855,-0.023972,-0.991959
9.067869,0.027100,-0.023972,-0.991760
9.067898,0.027191,-0.024048,-0.991608
9.067924,0.027161,-0.024170,-0.991486
9.067985,0.027023,-0.024323,-0.991379
9.068018,0.026825,-0.024506,-0.991333
9.068044,0.026627,-0.024719,-0.991348
9.074713,0.026428,-0.024948,-0.991425
9.074914,0.026245,-0.025162,-0.991562
9.074998,0.026047,-0.025360,-0.991730
9.075040,0.025833,-0.025543,-0.991913
9.075069,0.025574,-0.025726,-0.992081
9.075100,0.025253,-0.025894,-0.992188
9.075127,0.024918,-0.026093,-0.992249
9.075156,0.024567,-0.026321,-0.992279
9.084226,0.024246,-0.026550,-0.992325
9.084339,0.023956,-0.026794,-0.992386
9.084369,0.023697,-0.027023,-0.992508
9.084396,0.023499,-0.027206,-0.992706
9.084435,0.023376,-0.027298,-0.992935
9.084460,0.023315,-0.027267,-0.993179
9.084484,0.023315,-0.027115,-0.993408
9.084509,0.023392,-0.026840,-0.993591
9.094063,0.023529,-0.026489,-0.993713
9.094189,0.023712,-0.026108,-0.993774
9.094225,0.023941,-0.025726,-0.993790
9.094252,0.024200,-0.025391,-0.993774
9.094277,0.024506,-0.025116,-0.993759
9.094301,0.024841,-0.024887,-0.993729
9.094332,0.025177,-0.024704,-0.993713
9.094358,0.025513,-0.024567,-0.993683
9.104059,0.025833,-0.024475,-0.993637
9.104151,0.026093,-0.024414,-0.993546
9.104187,0.026291,-0.024414,-0.993423
9.104214,0.026367,-0.024460,-0.993301
9.104239,0.026352,-0.024582,-0.993179
9.104264,0.026245,-0.024765,-0.993088
9.104295,0.026062,-0.025009,-0.993027
9.104320,0.025864,-0.025284,-0.993027
9.114071,0.025665,-0.025558,-0.993057
9.114184,0.025482,-0.025818,-0.993118
9.114228,0.025375,-0.026016,-0.993179
9.114261,0.025330,-0.026184,-0.993256
9.114291,0.025360,-0.026306,-0.993317
9.114328,0.025421,-0.026367,-0.993378
9.114359,0.025497,-0.026413,-0.993454
9.114388,0.025574,-0.026459,-0.993530
9.127019,0.025574,-0.026505,-0.993607
9.127252,0.025543,-0.026535,-0.993683
9.127292,0.025436,-0.026566,-0.993759
9.127325,0.025284,-0.026581,-0.993835
9.127367,0.025131,-0.026566,-0.993912
9.127398,0.024979,-0.026505,-0.993958
9.127426,0.024826,-0.026398,-0.993973
9.127457,0.024689,-0.026276,-0.993973
9.134038,0.024567,-0.026138,-0.993973
9.134141,0.024490,-0.026016,-0.993988
9.134169,0.024429,-0.025894,-0.994049
9.134193,0.024368,-0.025757,-0.994186
9.134219,0.024307,-0.025574,-0.994370
9.134242,0.024261,-0.025360,-0.994583
9.134266,0.024246,-0.025101,-0.994827
9.134289,0.024292,-0.024796,-0.995056
9.144004,0.024399,-0.024521,-0.995255
9.144087,0.024536,-0.024277,-0.995407
9.144116,0.024719,-0.024139,-0.995529
9.144151,0.024887,-0.024109,-0.995590
9.144177,0.025024,-0.024231,-0.995636
9.144201,0.025116,-0.024490,-0.995651
9.144227,0.025177,-0.024857,-0.995667
9.144250,0.025208,-0.025269,-0.995682
9.154029,0.025208,-0.025696,-0.995728
9.154127,0.025192,-0.026108,-0.995789
9.154158,0.025162,-0.026459,-0.995850
9.154183,0.025101,-0.026764,-0.995926
9.154207,0.025009,-0.027008,-0.995972
9.154240,0.024902,-0.027145,-0.995972
9.154265,0.024765,-0.027191,-0.995911
9.154288,0.024628,-0.027100,-0.995743
9.164031,0.024490,-0.026886,-0.995514
9.164162,0.024368,-0.026520,-0.995224
9.164193,0.024277,-0.026016,-0.994904
9.164221,0.024200,-0.025436,-0.994583
9.164247,0.024139,-0.024811,-0.994293
9.164271,0.024063,-0.024216,-0.994019
9.164295,0.024017,-0.023712,-0.993759
9.164327,0.023972,-0.023376,-0.993515
9.174042,0.023941,-0.023239,-0.993271
9.174170,0.023956,-0.023315,-0.993057
9.174201,0.024017,-0.023560,-0.992905
9.174227,0.024124,-0.023956,-0.992813
9.174254,0.024292,-0.024399,-0.992798
9.174278,0.024475,-0.024872,-0.992828
9.174303,0.024689,-0.025345,-0.992889
9.174327,0.024887,-0.025787,-0.992981
9.185040,0.025055,-0.026215,-0.993088
9.185154,0.025177,-0.026581,-0.993195
9.185188,0.025238,-0.026886,-0.993301
9.185218,0.025299,-0.027130,-0.993393
9.185248,0.025345,-0.027328,-0.993500
9.185279,0.025391,-0.027435,-0.993591
9.185310,0.025452,-0.027451,-0.993683
9.185340,0.025497,-0.027359,-0.993790
9.193985,0.025513,-0.027161,-0.993896
9.194170,0.025482,-0.026871,-0.993973
9.194202,0.025391,-0.026520,-0.994034
9.194229,0.025253,-0.026154,-0.994049
9.194256,0.025101,-0.025803,-0.994019
9.194281,0.024933,-0.025497,-0.993912
9.194306,0.024780,-0.025238,-0.993774
9.194331,0.024673,-0.025009,-0.993591
9.203952,0.024612,-0.024826,-0.993408
9.204066,0.024612,-0.024628,-0.993240
9.204111,0.024673,-0.024445,-0.993103
9.204151,0.024765,-0.024277,-0.993011
9.204191,0.024857,-0.024170,-0.992935
9.204227,0.024979,-0.024139,-0.992889
9.204272,0.025085,-0.024185,-0.992844
9.204310,0.025192,-0.024292,-0.992798
9.213945,0.025314,-0.024490,-0.992783
9.214067,0.025452,-0.024734,-0.992798
9.214102,0.025604,-0.025009,-0.992859
9.214148,0.025772,-0.025299,-0.992981
9.214180,0.025955,-0.025589,-0.993195
9.214208,0.026123,-0.025833,-0.993515
9.214238,0.026276,-0.026016,-0.993912
9.214268,0.026398,-0.026138,-0.994339
9.223969,0.026474,-0.026199,-0.994766
9.224138,0.026505,-0.026230,-0.995117
9.224324,0.026489,-0.026199,-0.995392
9.224374,0.026443,-0.026138,-0.995529
9.224416,0.026382,-0.026077,-0.995575
9.224453,0.026306,-0.026016,-0.995499
9.224492,0.026199,-0.025970,-0.995361
9.224529,0.026047,-0.025925,-0.995163
9.234125,0.025864,-0.025894,-0.994919
9.234272,0.025635,-0.025879,-0.994659
9.234302,0.025391,-0.025894,-0.994354
9.234328,0.025162,-0.025925,-0.994019
9.234353,0.024979,-0.025970,-0.993652
9.234379,0.024857,-0.026001,-0.993271
9.234404,0.024796,-0.026001,-0.992889
9.234428,0.024750,-0.025879,-0.992401
9.243986,0.024673,-0.025452,-0.991348
9.244123,0.024475,-0.024689,-0.988495
9.244155,0.024063,-0.023972,-0.981903
9.244180,0.023407,-0.024261,-0.969772
9.244205,0.022461,-0.026779,-0.951401
9.244229,0.021317,-0.032349,-0.927612
9.244261,0.020248,-0.040894,-0.900757
9.244287,0.019791,-0.051346,-0.874344
9.253917,0.020660,-0.061691,-0.852188
9.254038,0.023590,-0.069489,-0.837524
9.254069,0.029007,-0.072540,-0.832428
9.254095,0.036850,-0.069519,-0.837570
9.254120,0.046341,-0.060394,-0.852264
9.254146,0.056244,-0.046402,-0.874695
9.254169,0.065033,-0.029633,-0.902359
9.254193,0.071396,-0.012405,-0.932785
9.263994,0.074524,0.003265,-0.963974
9.264207,0.074158,0.016098,-0.994629
9.264472,0.070663,0.025497,-1.024017
9.264599,0.064697,0.031555,-1.051849
9.264626,0.057037,0.034622,-1.078110
9.264641,0.048233,0.035080,-1.102768
9.264673,0.038620,0.033127,-1.125778
9.264700,0.028229,0.028763,-1.146851
9.275419,0.016983,0.021927,-1.165573
9.275561,0.004898,0.012650,-1.181351
9.275590,-0.007782,0.001266,-1.193527
9.275616,-0.020660,-0.011581,-1.201599
9.275643,-0.033066,-0.024979,-1.205231
9.275668,-0.044281,-0.037857,-1.204346
9.275692,-0.053589,-0.049255,-1.199097
9.275717,-0.060440,-0.058350,-1.189728
9.283896,-0.064407,-0.064636,-1.176559
9.283959,-0.065262,-0.067871,-1.160049
9.283974,-0.062881,-0.067993,-1.140671
9.283985,-0.057327,-0.065216,-1.119019
9.283996,-0.048737,-0.059875,-1.095703
9.284006,-0.037460,-0.052582,-1.071365
9.284016,-0.023941,-0.044067,-1.046570
9.284026,-0.008743,-0.035202,-1.021835
9.293872,0.007446,-0.026825,-0.997620
9.293986,0.023972,-0.019653,-0.974396
9.294016,0.040176,-0.014236,-0.952545
9.294042,0.055481,-0.010849,-0.932404
9.294074,0.069351,-0.009552,-0.914215
9.294101,0.081375,-0.010208,-0.898132
9.294126,0.091187,-0.012527,-0.884338
9.294150,0.098434,-0.016144,-0.873016
9.303884,0.102890,-0.020615,-0.864288
9.304028,0.104446,-0.025543,-0.858246
9.304075,0.103134,-0.030518,-0.854919
9.304239,0.099136,-0.035156,-0.854309
9.304275,0.092804,-0.039154,-0.856354
9.304307,0.084534,-0.042297,-0.860870
9.304341,0.074738,-0.044495,-0.867630
9.304372,0.063858,-0.045731,-0.876297
9.313867,0.052322,-0.046112,-0.886490
9.313985,0.040543,-0.045715,-0.897751
9.314019,0.028885,-0.044647,-0.909637
9.314046,0.017715,-0.042984,-0.921738
9.314075,0.007401,-0.040726,-0.933701
9.314103,-0.001740,-0.037949,-0.945267
9.314135,-0.009430,-0.034683,-0.956223
9.314168,-0.015427,-0.031021,-0.966400
9.324990,-0.019516,-0.027161,-0.975754
9.325125,-0.021576,-0.023300,-0.984344
9.325156,-0.021591,-0.019653,-0.992233
9.325184,-0.019623,-0.016434,-0.999512
9.325209,-0.015793,-0.013824,-1.006302
9.325233,-0.010345,-0.011932,-1.012665
9.325256,-0.003571,-0.010803,-1.018646
9.325280,0.004196,-0.010422,-1.024292
9.334114,0.012558,-0.010742,-1.029556
9.334234,0.021072,-0.011688,-1.034424
9.334271,0.029312,-0.013138,-1.038818
9.334298,0.036896,-0.014969,-1.042648
9.334322,0.043472,-0.017029,-1.045822
9.334348,0.048782,-0.019180,-1.048279
9.334372,0.052597,-0.021317,-1.049957
9.334396,0.054794,-0.023346,-1.050812
9.343879,0.055283,-0.025223,-1.050797
9.344002,0.054092,-0.026901,-1.049850
9.344032,0.051300,-0.028336,-1.047958
9.344058,0.047089,-0.029526,-1.045120
9.344083,0.041702,-0.030457,-1.041367
9.344109,0.035461,-0.031082,-1.036758
9.344134,0.028748,-0.031448,-1.031387
9.344160,0.021927,-0.031525,-1.025375
9.353823,0.015350,-0.031311,-1.018860
9.353929,0.009384,-0.030823,-1.012024
9.353959,0.004318,-0.030045,-1.005020
9.353985,0.000381,-0.028961,-0.998047
9.354018,-0.002228,-0.027618,-0.991257
9.354044,-0.003418,-0.026062,-0.984772
9.354068,-0.003174,-0.024384,-0.978714
9.354092,-0.001526,-0.022659,-0.973206
9.363790,0.001389,-0.021057,-0.968384
9.363901,0.005432,-0.019669,-0.964325
9.363930,0.010361,-0.018570,-0.961105
9.363958,0.015945,-0.017822,-0.958740
9.363982,0.021896,-0.017471,-0.957275
9.364006,0.027939,-0.017487,-0.956680
9.364030,0.033783,-0.017868,-0.956924
9.364054,0.039154,-0.018616,-0.957932
9.374045,0.043839,-0.019684,-0.959641
9.374480,0.047607,-0.021042,-0.961990
9.374556,0.050323,-0.022629,-0.964844
9.374622,0.051880,-0.024399,-0.968124
9.374676,0.052231,-0.026276,-0.971725
9.374729,0.051437,-0.028137,-0.975571
9.374792,0.049561,-0.029892,-0.979553
9.374844,0.046753,-0.031418,-0.983582
9.383780,0.043198,-0.032608,-0.987625
9.383878,0.039047,-0.033340,-0.991592
9.383910,0.034531,-0.033600,-0.995453
9.383935,0.029816,-0.033356,-0.999146
9.383959,0.025146,-0.032654,-1.002609
9.383983,0.020706,-0.031555,-1.005783
9.384025,0.016663,-0.030121,-1.008591
9.384089,0.013199,-0.028473,-1.011002
9.393787,0.010422,-0.026688,-1.012955
9.393924,0.008423,-0.024887,-1.014404
9.393963,0.007202,-0.023117,-1.015350
9.393990,0.006714,-0.021530,-1.015793
9.394014,0.006897,-0.020172,-1.015793
9.394069,0.007675,-0.019150,-1.015427
9.394116,0.008942,-0.018509,-1.014740
9.394143,0.010635,-0.018265,-1.013824
9.403749,0.012634,-0.018448,-1.012756
9.403850,0.014832,-0.019028,-1.011551
9.403881,0.017151,-0.020004,-1.010269
9.403907,0.019501,-0.021332,-1.008942
9.403933,0.021774,-0.022919,-1.007599
9.403957,0.023941,-0.024673,-1.006241
9.403980,0.025909,-0.026489,-1.004837
9.404003,0.027634,-0.028259,-1.003372
9.413797,0.029083,-0.029861,-1.001801
9.413918,0.030258,-0.031189,-1.000137
9.413948,0.031143,-0.032181,-0.998383
9.413973,0.031769,-0.032776,-0.996582
9.414005,0.032135,-0.032959,-0.994736
9.414032,0.032272,-0.032730,-0.992828
9.414056,0.032181,-0.032120,-0.990906
9.414080,0.031860,-0.031174,-0.988953
9.424125,0.031357,-0.029968,-0.986969
9.424275,0.030655,-0.028534,-0.984970
9.424304,0.029800,-0.026978,-0.982986
9.424338,0.028839,-0.025375,-0.981094
9.424366,0.027832,-0.023849,-0.979370
9.424392,0.026810,-0.022461,-0.977844
9.424418,0.025864,-0.021301,-0.976593
9.424444,0.025024,-0.020432,-0.975677
9.434046,0.024368,-0.019897,-0.975113
9.434476,0.023880,-0.019730,-0.974915
9.434524,0.023560,-0.019928,-0.975067
9.434565,0.023392,-0.020508,-0.975571
9.434667,0.023315,-0.021423,-0.976440
9.434697,0.023300,-0.022629,-0.977661
9.434843,0.023346,-0.024094,-0.979233
9.434879,0.023453,-0.025711,-0.981125
9.443730,0.023621,-0.027420,-0.983307
9.443891,0.023849,-0.029114,-0.985703
9.443922,0.024109,-0.030670,-0.988251
9.443949,0.024399,-0.031998,-0.990860
9.443973,0.024643,-0.033020,-0.993439
9.443997,0.024826,-0.033676,-0.995926
9.444029,0.024918,-0.033951,-0.998245
9.444057,0.024918,-0.033875,-1.000320
9.453733,0.024826,-0.033478,-1.002106
9.453841,0.024658,-0.032822,-1.003555
9.453869,0.024490,-0.031937,-1.004639
9.453904,0.024323,-0.030899,-1.005386
9.453929,0.024185,-0.029709,-1.005798
9.453953,0.024094,-0.028442,-1.005905
9.453976,0.024094,-0.027100,-1.005722
9.454009,0.024155,-0.025711,-1.005264
9.463717,0.024261,-0.024353,-1.004532
9.463811,0.024414,-0.023041,-1.003555
9.463839,0.024551,-0.021896,-1.002411
9.463864,0.024704,-0.020950,-1.001114
9.463898,0.024841,-0.020279,-0.999771
9.463924,0.024994,-0.019897,-0.998413
9.463947,0.025162,-0.019821,-0.997086
9.463973,0.025330,-0.020035,-0.995804
9.473774,0.025482,-0.020508,-0.994568
9.474051,0.025635,-0.021255,-0.993408
9.474081,0.025726,-0.022202,-0.992340
9.474107,0.025787,-0.023331,-0.991348
9.474134,0.025803,-0.024582,-0.990494
9.474159,0.025772,-0.025879,-0.989761
9.474183,0.025726,-0.027176,-0.989151
9.474208,0.025650,-0.028381,-0.988693
9.483700,0.025543,-0.029449,-0.988373
9.483796,0.025406,-0.030289,-0.988220
9.483926,0.025269,-0.030884,-0.988220
9.483959,0.025116,-0.031174,-0.988373
9.483986,0.024963,-0.031174,-0.988663
9.484011,0.024811,-0.030914,-0.989044
9.484036,0.024643,-0.030426,-0.989517
9.484068,0.024475,-0.029739,-0.990097
9.493660,0.024307,-0.028915,-0.990753
9.493789,0.024170,-0.027985,-0.991486
9.493827,0.024094,-0.026993,-0.992233
9.493862,0.024094,-0.025970,-0.992996
9.493888,0.024185,-0.024948,-0.993729
9.493913,0.024399,-0.023941,-0.994446
9.493963,0.024704,-0.022980,-0.995132
9.494003,0.025116,-0.022110,-0.995819
9.503665,0.025589,-0.021378,-0.996506
9.503775,0.026062,-0.020798,-0.997177
9.503810,0.026505,-0.020401,-0.997803
9.503840,0.026886,-0.020218,-0.998383
9.503869,0.027145,-0.020279,-0.998917
9.503899,0.027267,-0.020538,-0.999374
9.503938,0.027222,-0.021011,-0.999771
9.503968,0.026993,-0.021652,-1.000076
9.513667,0.026627,-0.022446,-1.000305
9.513772,0.026123,-0.023346,-1.000443
9.513816,0.025574,-0.024292,-1.000473
9.513854,0.024994,-0.025269,-1.000397
9.513893,0.024445,-0.026215,-1.000214
9.513930,0.023926,-0.027084,-0.999908
9.514014,0.023468,-0.027832,-0.999512
9.514059,0.023071,-0.028412,-0.999054
9.523634,0.022736,-0.028778,-0.998550
9.523769,0.022507,-0.028900,-0.998032
9.523796,0.022354,-0.028778,-0.997513
9.523810,0.022278,-0.028427,-0.997025
9.523822,0.022278,-0.027878,-0.996536
9.523832,0.022339,-0.027191,-0.996033
9.523843,0.022461,-0.026443,-0.995514
9.523852,0.022644,-0.025665,-0.994965
9.533666,0.022888,-0.024948,-0.994400
9.533788,0.023224,-0.024277,-0.993851
9.533817,0.023621,-0.023712,-0.993301
9.533842,0.024048,-0.023239,-0.992798
9.533868,0.024506,-0.022888,-0.992340
9.533894,0.024979,-0.022659,-0.991959
9.533918,0.025421,-0.022568,-0.991608
9.533943,0.025864,-0.022629,-0.991287
9.543631,0.026260,-0.022842,-0.990997
9.543753,0.026611,-0.023209,-0.990692
9.543782,0.026932,-0.023682,-0.990387
9.543810,0.027176,-0.024246,-0.990097
9.543836,0.027374,-0.024841,-0.989853
9.543860,0.027512,-0.025452,-0.989655
9.543886,0.027557,-0.026016,-0.989532
9.543910,0.027496,-0.026505,-0.989487
9.553608,0.027283,-0.026917,-0.989548
9.553701,0.026932,-0.027222,-0.989700
9.553730,0.026443,-0.027435,-0.989929
9.553754,0.025833,-0.027557,-0.990219
9.553779,0.025162,-0.027603,-0.990524
9.553803,0.024536,-0.027588,-0.990845
9.553829,0.023972,-0.027557,-0.991165
9.553852,0.023544,-0.027496,-0.991455
9.563608,0.023254,-0.027420,-0.991745
9.563729,0.023132,-0.027298,-0.992020
9.563757,0.023163,-0.027130,-0.992294
9.563782,0.023285,-0.026917,-0.992584
9.563815,0.023468,-0.026688,-0.992859
9.563841,0.023682,-0.026505,-0.993118
9.563865,0.023895,-0.026352,-0.993362
9.563891,0.024078,-0.026260,-0.993561
9.577373,0.024216,-0.026215,-0.993713
9.577499,0.024323,-0.026215,-0.993851
9.577528,0.024429,-0.026230,-0.993958
9.577553,0.024506,-0.026245,-0.994049
9.577579,0.024582,-0.026245,-0.994110
9.577603,0.024643,-0.026230,-0.994141
9.577627,0.024719,-0.026215,-0.994125
9.577650,0.024796,-0.026215,-0.994064
9.584969,0.024872,-0.026245,-0.993942
9.585083,0.024979,-0.026291,-0.993820
9.585112,0.025116,-0.026352,-0.993698
9.585138,0.025284,-0.026398,-0.993591
9.585164,0.025452,-0.026413,-0.993546
9.585190,0.025589,-0.026413,-0.993515
9.585213,0.025696,-0.026382,-0.993515
9.585239,0.025757,-0.026337,-0.993530
9.594663,0.025742,-0.026276,-0.993546
9.602910,0.025665,-0.026199,-0.993546
9.603097,0.025558,-0.026108,-0.993500
9.603133,0.025421,-0.026031,-0.993423
9.603216,0.025269,-0.025970,-0.993332
9.603242,0.025116,-0.025925,-0.993225
9.604049,0.024963,-0.025894,-0.993118
9.604079,0.024811,-0.025864,-0.993057
9.604111,0.024643,-0.025818,-0.993027
9.604136,0.024475,-0.025742,-0.993042
9.604175,0.024307,-0.025635,-0.993134
9.604208,0.024200,-0.025513,-0.993271
9.604233,0.024170,-0.025391,-0.993469
9.604257,0.024185,-0.025299,-0.993713
9.604283,0.024277,-0.025269,-0.993988
9.604315,0.024384,-0.025284,-0.994278
9.613522,0.024506,-0.025360,-0.994568
9.613617,0.024628,-0.025467,-0.994827
9.613646,0.024734,-0.025574,-0.995041
9.613671,0.024811,-0.025665,-0.995193
9.613698,0.024887,-0.025742,-0.995316
9.613731,0.024963,-0.025772,-0.995392
9.613757,0.025040,-0.025772,-0.995453
9.613782,0.025085,-0.025726,-0.995544
9.623564,0.025116,-0.025620,-0.995667
9.623690,0.025101,-0.025452,-0.995834
9.623719,0.025085,-0.025223,-0.996063
9.623747,0.025040,-0.024979,-0.996323
9.623781,0.024963,-0.024704,-0.996628
9.623805,0.024902,-0.024429,-0.996902
9.623829,0.024826,-0.024185,-0.997147
9.623853,0.024765,-0.023987,-0.997314
9.633523,0.024704,-0.023865,-0.997421
9.633651,0.024673,-0.023804,-0.997421
9.633682,0.024658,-0.023804,-0.997330
9.633710,0.024628,-0.023880,-0.997131
9.633735,0.024597,-0.023987,-0.996857
9.633759,0.024551,-0.024124,-0.996521
9.633782,0.024490,-0.024277,-0.996170
9.633806,0.024414,-0.024429,-0.995804
9.643547,0.024338,-0.024612,-0.995499
9.643676,0.024261,-0.024811,-0.995239
9.643711,0.024185,-0.025055,-0.995056
9.643749,0.024109,-0.025345,-0.994949
9.643782,0.024017,-0.025696,-0.994904
9.643812,0.023956,-0.026062,-0.994858
9.643843,0.023911,-0.026398,-0.994812
9.643872,0.023941,-0.026688,-0.994736
9.653506,0.024017,-0.026901,-0.994583
9.653598,0.024185,-0.027008,-0.994354
9.653633,0.024414,-0.026993,-0.994049
9.653666,0.024719,-0.026886,-0.993713
9.653695,0.025055,-0.026733,-0.993332
9.653723,0.025375,-0.026550,-0.992966
9.653752,0.025650,-0.026352,-0.992630
9.653781,0.025848,-0.026184,-0.992340
9.663528,0.025970,-0.026016,-0.992142
9.663640,0.026031,-0.025848,-0.992035
9.663676,0.026047,-0.025650,-0.992020
9.663707,0.026047,-0.025436,-0.992081
9.663748,0.026016,-0.025177,-0.992188
9.663782,0.025986,-0.024918,-0.992340
9.663810,0.025940,-0.024658,-0.992493
9.663841,0.025925,-0.024414,-0.992630
9.674125,0.025894,-0.024216,-0.992767
9.674294,0.025848,-0.024109,-0.992905
9.674339,0.025787,-0.024109,-0.993027
9.674380,0.025711,-0.024231,-0.993164
9.674418,0.025589,-0.024445,-0.993286
9.674455,0.025452,-0.024734,-0.993439
9.674493,0.025269,-0.025055,-0.993637
9.674531,0.025055,-0.025375,-0.993866
9.683654,0.024841,-0.025681,-0.994156
9.683766,0.024628,-0.025955,-0.994476
9.683803,0.024429,-0.026184,-0.994827
9.683830,0.024246,-0.026382,-0.995132
9.683857,0.024109,-0.026535,-0.995377
9.683881,0.024017,-0.026657,-0.995499
9.683907,0.023972,-0.026733,-0.995529
9.683935,0.024002,-0.026764,-0.995468
9.693566,0.024094,-0.026749,-0.995331
9.693696,0.024261,-0.026703,-0.995132
9.693734,0.024475,-0.026627,-0.994904
9.693767,0.024734,-0.026566,-0.994644
9.693798,0.025024,-0.026535,-0.994354
9.693828,0.025314,-0.026520,-0.994034
9.693857,0.025574,-0.026550,-0.993729
9.693885,0.025787,-0.026642,-0.993423
9.703464,0.025955,-0.026764,-0.993118
9.703576,0.026062,-0.026917,-0.992813
9.703613,0.026138,-0.027069,-0.992508
9.703643,0.026169,-0.027222,-0.992233
9.703684,0.026184,-0.027344,-0.991974
9.703715,0.026184,-0.027466,-0.991760
9.703744,0.026138,-0.027557,-0.991577
9.703783,0.026047,-0.027649,-0.991394
9.713447,0.025894,-0.027710,-0.991211
9.713562,0.025681,-0.027740,-0.991058
9.713593,0.025406,-0.027695,-0.990921
9.713619,0.025116,-0.027573,-0.990829
9.713652,0.024826,-0.027374,-0.990829
9.713679,0.024551,-0.027115,-0.990921
9.713711,0.024338,-0.026794,-0.991135
9.713737,0.024170,-0.026398,-0.991425
9.723447,0.024094,-0.025986,-0.991776
9.723882,0.024078,-0.025543,-0.992142
9.723913,0.024139,-0.025131,-0.992462
9.723939,0.024277,-0.024750,-0.992737
9.723964,0.024460,-0.024429,-0.992966
9.723990,0.024689,-0.024170,-0.993164
9.724013,0.024963,-0.023941,-0.993362
9.724037,0.025223,-0.023773,-0.993576
9.733442,0.025452,-0.023651,-0.993820
9.733608,0.025635,-0.023590,-0.994110
9.733649,0.025757,-0.023605,-0.994431
9.733680,0.025818,-0.023697,-0.994736
9.733710,0.025833,-0.023865,-0.995026
9.733750,0.025818,-0.024094,-0.995285
9.733780,0.025787,-0.024338,-0.995499
9.733869,0.025742,-0.024567,-0.995667
9.743461,0.025711,-0.024750,-0.995804
9.743593,0.025665,-0.024857,-0.995880
9.743628,0.025558,-0.024902,-0.995850
9.743661,0.025314,-0.024719,-0.995300
9.743826,0.024841,-0.024170,-0.992889
9.743866,0.024048,-0.023544,-0.985748
9.743899,0.022858,-0.023987,-0.970612
9.743930,0.021164,-0.027267,-0.945908
9.753477,0.018890,-0.034760,-0.912903
9.753584,0.016251,-0.046661,-0.875259
9.753613,0.013977,-0.061554,-0.838120
9.753639,0.013229,-0.076752,-0.806992
9.753672,0.015305,-0.088867,-0.786499
9.753698,0.021118,-0.094757,-0.779648
9.753722,0.030823,-0.092422,-0.787476
9.753747,0.043594,-0.081573,-0.809082
9.763417,0.057785,-0.063721,-0.841873
9.763540,0.071274,-0.041611,-0.882065
9.763575,0.082047,-0.018417,-0.925705
9.763603,0.088593,0.003082,-0.969467
9.763629,0.090210,0.021011,-1.011200
9.763653,0.087067,0.034485,-1.049759
9.763714,0.079956,0.043427,-1.084747
9.763739,0.069901,0.048340,-1.116135
9.774804,0.057861,0.049835,-1.144150
9.774890,0.044540,0.048462,-1.169128
9.774907,0.030304,0.044510,-1.191284
9.774919,0.015244,0.038040,-1.210541
9.774930,-0.000565,0.029037,-1.226379
9.774942,-0.016937,0.017685,-1.238052
9.774953,-0.033371,0.004410,-1.244766
9.774963,-0.049088,-0.009949,-1.246048
9.784230,-0.063171,-0.024384,-1.241821
9.784362,-0.074661,-0.037888,-1.232315
9.784392,-0.082764,-0.049622,-1.217987
9.784417,-0.086929,-0.058990,-1.199341
9.784442,-0.086838,-0.065643,-1.177048
9.784474,-0.082443,-0.069382,-1.151917
9.784501,-0.073868,-0.070129,-1.124893
9.784524,-0.061462,-0.067978,-1.096863
9.793406,-0.045761,-0.063309,-1.068649
9.793513,-0.027466,-0.056702,-1.040924
9.793543,-0.007477,-0.048935,-1.014130
9.793569,0.013260,-0.040878,-0.988571
9.793675,0.033813,-0.033340,-0.964462
9.793701,0.053329,-0.026978,-0.942017
9.793724,0.071060,-0.022217,-0.921432
9.793748,0.086441,-0.019257,-0.902786
9.803448,0.099060,-0.018005,-0.886139
9.803577,0.108612,-0.018265,-0.871597
9.803607,0.114914,-0.019684,-0.859406
9.803633,0.117859,-0.021912,-0.849823
9.803666,0.117477,-0.024597,-0.843109
9.803693,0.113953,-0.027435,-0.839386
9.803717,0.107574,-0.030228,-0.838760
9.803748,0.098770,-0.032791,-0.841217
9.813413,0.088058,-0.035065,-0.846588
9.813554,0.075989,-0.036987,-0.854599
9.813583,0.063126,-0.038574,-0.864807
9.813618,0.049957,-0.039825,-0.876740
9.813644,0.036942,-0.040741,-0.889801
9.813668,0.024475,-0.041321,-0.903427
9.813694,0.012924,-0.041489,-0.917099
9.813717,0.002579,-0.041153,-0.930405
9.824174,-0.006302,-0.040222,-0.943115
9.824401,-0.013535,-0.038635,-0.955002
9.824429,-0.018936,-0.036392,-0.965958
9.824456,-0.022400,-0.033569,-0.975937
9.824482,-0.023865,-0.030304,-0.985016
9.824505,-0.023376,-0.026810,-0.993301
9.824531,-0.021027,-0.023346,-1.000870
9.824555,-0.016953,-0.020126,-1.007843
9.834698,-0.011414,-0.017365,-1.014282
9.834839,-0.004669,-0.015198,-1.020264
9.834870,0.002960,-0.013702,-1.025879
9.835060,0.011139,-0.012909,-1.031128
9.835095,0.019531,-0.012817,-1.035995
9.835121,0.027756,-0.013367,-1.040421
9.835161,0.035446,-0.014496,-1.044296
9.835189,0.042267,-0.016068,-1.047531
9.843530,0.047897,-0.017975,-1.050034
9.843624,0.052124,-0.020065,-1.051743
9.843654,0.054718,-0.022186,-1.052612
9.843680,0.055588,-0.024246,-1.052597
9.843704,0.054703,-0.026138,-1.051666
9.843728,0.052170,-0.027817,-1.049759
9.843753,0.048141,-0.029221,-1.046890
9.843779,0.042877,-0.030365,-1.043076
9.853310,0.036728,-0.031189,-1.038345
9.853423,0.030060,-0.031723,-1.032791
9.853450,0.023270,-0.031921,-1.026474
9.853482,0.016739,-0.031784,-1.019531
9.853509,0.010788,-0.031281,-1.012115
9.853533,0.005707,-0.030457,-1.004395
9.853557,0.001709,-0.029343,-0.996597
9.853583,-0.001038,-0.028046,-0.988907
9.863304,-0.002487,-0.026642,-0.981537
9.863409,-0.002579,-0.025238,-0.974655
9.863438,-0.001328,-0.023941,-0.968491
9.863463,0.001144,-0.022797,-0.963165
9.863487,0.004776,-0.021866,-0.958786
9.863513,0.009338,-0.021210,-0.955444
9.863537,0.014633,-0.020844,-0.953201
9.863561,0.020416,-0.020767,-0.952042
9.873894,0.026398,-0.020996,-0.951935
9.874024,0.032318,-0.021469,-0.952820
9.874078,0.037903,-0.022186,-0.954590
9.874105,0.042892,-0.023117,-0.957138
9.874130,0.047043,-0.024200,-0.960327
9.874164,0.050186,-0.025436,-0.964005
9.874190,0.052185,-0.026779,-0.968079
9.874213,0.052948,-0.028152,-0.972412
9.883257,0.052505,-0.029480,-0.976913
9.883369,0.050903,-0.030670,-0.981506
9.883397,0.048264,-0.031647,-0.986084
9.883430,0.044739,-0.032318,-0.990570
9.883925,0.040527,-0.032623,-0.994919
9.883962,0.035828,-0.032501,-0.999084
9.883990,0.030884,-0.031967,-1.003006
9.884016,0.025940,-0.031036,-1.006592
9.893314,0.021225,-0.029770,-1.009796
9.893444,0.016922,-0.028259,-1.012543
9.893476,0.013229,-0.026611,-1.014786
9.893503,0.010239,-0.024933,-1.016525
9.893529,0.008041,-0.023315,-1.017746
9.893552,0.006653,-0.021866,-1.018433
9.893576,0.006073,-0.020676,-1.018646
9.893599,0.006241,-0.019806,-1.018387
9.903254,0.007095,-0.019272,-1.017731
9.903363,0.008560,-0.019089,-1.016754
9.903398,0.010529,-0.019257,-1.015503
9.903430,0.012894,-0.019730,-1.014053
9.903462,0.015533,-0.020493,-1.012451
9.903492,0.018326,-0.021515,-1.010727
9.903521,0.021149,-0.022736,-1.008926
9.903550,0.023880,-0.024094,-1.007080
9.913286,0.026367,-0.025558,-1.005203
9.913431,0.028549,-0.027008,-1.003265
9.913467,0.030334,-0.028366,-1.001297
9.913499,0.031708,-0.029602,-0.999298
9.913530,0.032623,-0.030609,-0.997314
9.913558,0.033142,-0.031342,-0.995316
9.913587,0.033279,-0.031769,-0.993362
9.913615,0.033096,-0.031860,-0.991455
9.923288,0.032639,-0.031601,-0.989594
9.924039,0.031982,-0.031021,-0.987793
9.924098,0.031174,-0.030151,-0.986023
9.924127,0.030258,-0.029068,-0.984283
9.924153,0.029327,-0.027832,-0.982559
9.924178,0.028397,-0.026505,-0.980896
9.924203,0.027496,-0.025192,-0.979309
9.924228,0.026672,-0.023956,-0.977844
9.933266,0.025940,-0.022888,-0.976532
9.933387,0.025299,-0.022018,-0.975449
9.933591,0.024780,-0.021393,-0.974625
9.933863,0.024384,-0.021027,-0.974091
9.933893,0.024094,-0.020935,-0.973892
9.933917,0.023941,-0.021103,-0.974045
9.933942,0.023880,-0.021515,-0.974594
9.933965,0.023911,-0.022186,-0.975540
9.943320,0.024017,-0.023102,-0.976883
9.943441,0.024185,-0.024231,-0.978622
9.943486,0.024399,-0.025497,-0.980713
9.943553,0.024658,-0.026855,-0.983139
9.943581,0.024948,-0.028229,-0.985809
9.943608,0.025223,-0.029556,-0.988632
9.943631,0.025467,-0.030746,-0.991516
9.943654,0.025635,-0.031738,-0.994308
9.953253,0.025726,-0.032455,-0.996948
9.953355,0.025726,-0.032883,-0.999329
9.953385,0.025604,-0.032959,-1.001419
9.953410,0.025406,-0.032684,-1.003174
9.953435,0.025146,-0.032059,-1.004578
9.953461,0.024841,-0.031143,-1.005646
9.953486,0.024536,-0.029968,-1.006363
9.953511,0.024216,-0.028641,-1.006775
9.963224,0.023926,-0.027206,-1.006882
9.963332,0.023682,-0.025757,-1.006683
9.963362,0.023499,-0.024353,-1.006210
9.963392,0.023438,-0.023087,-1.005447
9.963428,0.023483,-0.022018,-1.004410
9.963453,0.023636,-0.021194,-1.003159
9.963477,0.023880,-0.020660,-1.001740
9.963502,0.024200,-0.020416,-1.000244
9.973233,0.024567,-0.020432,-0.998749
9.973363,0.024948,-0.020691,-0.997314
9.973392,0.025330,-0.021179,-0.995972
9.973426,0.025711,-0.021851,-0.994720
9.973936,0.026062,-0.022675,-0.993561
9.973976,0.026352,-0.023621,-0.992477
9.974083,0.026611,-0.024673,-0.991470
9.974108,0.026810,-0.025757,-0.990509
9.983157,0.026917,-0.026840,-0.989639
9.983276,0.026947,-0.027863,-0.988861
9.983305,0.026886,-0.028778,-0.988174
9.983331,0.026718,-0.029541,-0.987595
9.983356,0.026443,-0.030121,-0.987167
9.983583,0.026077,-0.030533,-0.986877
9.983811,0.025635,-0.030746,-0.986740
9.983846,0.025146,-0.030746,-0.986740
9.993251,0.024628,-0.030548,-0.986847
9.993405,0.024109,-0.030167,-0.987061
9.993437,0.023636,-0.029602,-0.987366
9.993464,0.023239,-0.028885,-0.987732
9.993488,0.022949,-0.028061,-0.988190
9.993511,0.022797,-0.027145,-0.988739
9.993536,0.022797,-0.026184,-0.989410
9.993561,0.022980,-0.025177,-0.990219
10.003182,0.023300,-0.024216,-0.991150
10.003282,0.023743,-0.023331,-0.992188
10.003321,0.024246,-0.022568,-0.993301
10.003354,0.024780,-0.022003,-0.994446
10.003380,0.025299,-0.021637,-0.995590
10.003405,0.025787,-0.021484,-0.996689
10.003431,0.026215,-0.021561,-0.997696
10.003455,0.026566,-0.021820,-0.998627
10.013154,0.026825,-0.022232,-0.999466
10.013263,0.026978,-0.022736,-1.000214
10.013291,0.027008,-0.023331,-1.000870
10.013319,0.026917,-0.023941,-1.001465
10.013344,0.026703,-0.024551,-1.001968
10.013367,0.026367,-0.025146,-1.002380
10.013425,0.025909,-0.025757,-1.002670
10.013480,0.025345,-0.026352,-1.002838
10.023850,0.024704,-0.026917,-1.002869
10.023977,0.024017,-0.027435,-1.002792
10.024040,0.023331,-0.027863,-1.002579
10.024065,0.022690,-0.028152,-1.002258
10.024078,0.022156,-0.028275,-1.001831
10.024089,0.021759,-0.028229,-1.001297
10.024100,0.021500,-0.028046,-1.000671
10.024110,0.021393,-0.027710,-0.999954
10.034007,0.021423,-0.027298,-0.999146
10.034398,0.021606,-0.026825,-0.998245
10.034433,0.021927,-0.026337,-0.997299
10.034460,0.022415,-0.025848,-0.996323
10.034485,0.023026,-0.025391,-0.995361
10.034509,0.023727,-0.024994,-0.994431
10.034536,0.024506,-0.024658,-0.993530
10.034561,0.025299,-0.024399,-0.992722
10.043289,0.026031,-0.024216,-0.992004
10.043463,0.026703,-0.024124,-0.991394
10.043495,0.027283,-0.024155,-0.990845
10.043519,0.027725,-0.024292,-0.990356
10.043545,0.028015,-0.024521,-0.989929
10.043570,0.028152,-0.024841,-0.989532
10.043594,0.028152,-0.025238,-0.989197
10.043619,0.028000,-0.025650,-0.988892
10.053141,0.027725,-0.026077,-0.988678
10.053251,0.027344,-0.026474,-0.988571
10.053358,0.026886,-0.026855,-0.988571
10.053385,0.026367,-0.027176,-0.988678
10.053411,0.025803,-0.027481,-0.988892
10.053435,0.025223,-0.027740,-0.989212
10.053458,0.024673,-0.027969,-0.989594
10.053484,0.024170,-0.028152,-0.990036
10.063114,0.023712,-0.028275,-0.990524
10.063251,0.023346,-0.028320,-0.990997
10.063282,0.023056,-0.028259,-0.991440
10.063309,0.022812,-0.028076,-0.991867
10.063334,0.022629,-0.027802,-0.992264
10.063358,0.022522,-0.027481,-0.992645
10.063383,0.022476,-0.027130,-0.992996
10.063415,0.022507,-0.026779,-0.993332
10.073125,0.022614,-0.026474,-0.993622
10.073224,0.022797,-0.026230,-0.993881
10.073255,0.023071,-0.026047,-0.994095
10.073281,0.023453,-0.025940,-0.994263
10.073307,0.023880,-0.025909,-0.994415
10.073334,0.024338,-0.025909,-0.994553
10.073358,0.024780,-0.025940,-0.994705
10.073449,0.025162,-0.025986,-0.994858
10.084564,0.025467,-0.026047,-0.994980
10.084884,0.025696,-0.026123,-0.995056
10.084924,0.025848,-0.026184,-0.995071
10.084951,0.025970,-0.026245,-0.995041
10.084978,0.026047,-0.026306,-0.994934
10.085002,0.026108,-0.026367,-0.994812
10.085026,0.026138,-0.026428,-0.994690
10.085049,0.026154,-0.026489,-0.994583
10.093115,0.026154,-0.026520,-0.994461
10.093244,0.026123,-0.026535,-0.994324
10.093274,0.026077,-0.026474,-0.994156
10.093300,0.026031,-0.026382,-0.993942
10.093327,0.025986,-0.026260,-0.993698
10.093353,0.025940,-0.026123,-0.993439
10.093377,0.025894,-0.025986,-0.993195
10.093400,0.025848,-0.025818,-0.992966
10.103054,0.025787,-0.025650,-0.992767
10.103184,0.025711,-0.025467,-0.992584
10.103222,0.025589,-0.025253,-0.992432
10.103250,0.025452,-0.025009,-0.992279
10.103275,0.025299,-0.024734,-0.992157
10.103302,0.025177,-0.024490,-0.992065
10.103326,0.025101,-0.024292,-0.992004
10.103349,0.025085,-0.024155,-0.991989
10.113079,0.025101,-0.024109,-0.992020
10.113218,0.025162,-0.024185,-0.992142
10.113251,0.025208,-0.024338,-0.992325
10.113289,0.025253,-0.024582,-0.992584
10.113321,0.025269,-0.024857,-0.992920
10.113350,0.025223,-0.025146,-0.993317
10.113378,0.025146,-0.025391,-0.993759
10.113416,0.025040,-0.025589,-0.994202
10.123456,0.024933,-0.025742,-0.994614
10.123610,0.024872,-0.025818,-0.995010
10.123643,0.024872,-0.025833,-0.995361
10.123669,0.024918,-0.025787,-0.995682
10.123702,0.025009,-0.025681,-0.995972
10.123727,0.025131,-0.025558,-0.996262
10.123753,0.025253,-0.025406,-0.996567
10.123778,0.025375,-0.025223,-0.996841
10.133090,0.025482,-0.025040,-0.997116
10.133851,0.025558,-0.024841,-0.997360
10.133887,0.025635,-0.024673,-0.997574
10.134031,0.025696,-0.024536,-0.997742
10.134072,0.025742,-0.024414,-0.997849
10.134099,0.025742,-0.024323,-0.997879
10.134124,0.025696,-0.024292,-0.997818
10.134148,0.025604,-0.024292,-0.997696
10.143298,0.025497,-0.024292,-0.997528
10.143432,0.025360,-0.024323,-0.997314
10.143463,0.025208,-0.024338,-0.997055
10.143489,0.025040,-0.024368,-0.996780
10.143516,0.024872,-0.024414,-0.996475
10.143540,0.024704,-0.024506,-0.996124
10.143564,0.024521,-0.024628,-0.995758
10.143629,0.024368,-0.024765,-0.995346
10.153023,0.024246,-0.024918,-0.994934
10.153130,0.024170,-0.025085,-0.994522
10.153159,0.024124,-0.025269,-0.994125
10.153185,0.024124,-0.025452,-0.993790
10.153208,0.024170,-0.025635,-0.993515
10.153232,0.024216,-0.025803,-0.993317
10.153258,0.024292,-0.025970,-0.993195
10.153282,0.024384,-0.026123,-0.993134
10.163687,0.024460,-0.026291,-0.993134
10.163822,0.024536,-0.026443,-0.993164
10.164249,0.024628,-0.026611,-0.993210
10.164292,0.024704,-0.026749,-0.993225
10.164320,0.024765,-0.026886,-0.993240
10.164349,0.024826,-0.026978,-0.993271
10.164376,0.024872,-0.027054,-0.993332
10.164400,0.024918,-0.027100,-0.993423
10.173034,0.024979,-0.027115,-0.993530
10.173144,0.025024,-0.027130,-0.993637
10.173172,0.025070,-0.027145,-0.993683
10.173199,0.025070,-0.027161,-0.993652
10.173225,0.025055,-0.027191,-0.993515
10.173251,0.024979,-0.027191,-0.993271
10.173274,0.024902,-0.027191,-0.992966
10.173301,0.024811,-0.027145,-0.992630
10.185163,0.024780,-0.027084,-0.992310
10.185360,0.024796,-0.026993,-0.992035
10.185398,0.024872,-0.026901,-0.991852
10.185424,0.024979,-0.026840,-0.991730
10.185448,0.025101,-0.026840,-0.991684
10.185473,0.025223,-0.026901,-0.991699
10.185499,0.025330,-0.027008,-0.991791
10.185523,0.025436,-0.027161,-0.991913
10.193018,0.025482,-0.027298,-0.992065
10.193150,0.025513,-0.027374,-0.992249
10.193180,0.025513,-0.027390,-0.992447
10.193207,0.025482,-0.027328,-0.992630
10.193231,0.025436,-0.027206,-0.992798
10.193256,0.025375,-0.027039,-0.992920
10.193282,0.025314,-0.026840,-0.992966
10.193307,0.025253,-0.026642,-0.992966
10.203221,0.025208,-0.026459,-0.992905
10.203335,0.025208,-0.026321,-0.992813
10.203371,0.025253,-0.026199,-0.992722
10.203401,0.025360,-0.026093,-0.992630
10.203431,0.025513,-0.025940,-0.992554
10.203463,0.025696,-0.025757,-0.992477
10.203500,0.025879,-0.025528,-0.992401
10.203532,0.026062,-0.025269,-0.992279
10.212966,0.026245,-0.025024,-0.992096
10.213075,0.026382,-0.024841,-0.991852
10.213103,0.026505,-0.024780,-0.991562
10.213128,0.026596,-0.024826,-0.991226
10.213155,0.026688,-0.024994,-0.990906
10.213179,0.026764,-0.025208,-0.990585
10.213202,0.026779,-0.025391,-0.990204
10.213227,0.026703,-0.025421,-0.989197
10.222967,0.026413,-0.025253,-0.986099
10.223070,0.025787,-0.025330,-0.978683
10.223099,0.024689,-0.026566,-0.964645
10.223125,0.023102,-0.030182,-0.942810
10.223150,0.021103,-0.037064,-0.914032
10.223175,0.018997,-0.047241,-0.881226
10.223199,0.017441,-0.059647,-0.848770
10.223223,0.017319,-0.072144,-0.821350
10.232958,0.019608,-0.081924,-0.802902
10.233089,0.024994,-0.086304,-0.796066
10.233117,0.033493,-0.083466,-0.801910
10.233151,0.044418,-0.072968,-0.819855
10.233177,0.056351,-0.055939,-0.847870
10.233201,0.067581,-0.034683,-0.882996
10.233227,0.076431,-0.012085,-0.922134
10.233486,0.081757,0.009125,-0.962524
10.243102,0.083023,0.026932,-1.002121
10.243330,0.080383,0.040146,-1.039673
10.243376,0.074463,0.048447,-1.074570
10.243407,0.066086,0.052078,-1.106567
10.243444,0.055969,0.051605,-1.135635
10.243560,0.044586,0.047577,-1.161819
10.243610,0.032104,0.040451,-1.185028
10.243644,0.018539,0.030563,-1.205048
10.252956,0.003937,0.018280,-1.221344
10.253071,-0.011444,0.004089,-1.233292
10.253108,-0.027115,-0.011200,-1.240326
10.253140,-0.042282,-0.026657,-1.242081
10.253172,-0.056091,-0.041199,-1.238495
10.253201,-0.067673,-0.053864,-1.229752
10.253229,-0.076294,-0.063889,-1.216248
10.253259,-0.081390,-0.070801,-1.198486
10.262925,-0.082611,-0.074341,-1.177094
10.263063,-0.079803,-0.074509,-1.152863
10.263113,-0.072983,-0.071442,-1.126587
10.263148,-0.062347,-0.065521,-1.099106
10.263179,-0.048325,-0.057327,-1.071167
10.263217,-0.031494,-0.047684,-1.043427
10.263287,-0.012650,-0.037506,-1.016357
10.263319,0.007294,-0.027771,-0.990402
10.272939,0.027451,-0.019302,-0.965881
10.273011,0.046951,-0.012711,-0.943085
10.273026,0.065018,-0.008347,-0.922226
10.273039,0.081070,-0.006287,-0.903442
10.273049,0.094589,-0.006378,-0.886871
10.273076,0.105240,-0.008286,-0.872711
10.273106,0.112717,-0.011612,-0.861115
10.273120,0.116806,-0.015900,-0.852295
10.283421,0.117462,-0.020752,-0.846420
10.283591,0.114807,-0.025757,-0.843582
10.283638,0.109131,-0.030609,-0.843811
10.283776,0.100861,-0.035034,-0.847046
10.283819,0.090485,-0.038818,-0.853104
10.283904,0.078598,-0.041855,-0.861710
10.283938,0.065735,-0.044144,-0.872437
10.283970,0.052399,-0.045700,-0.884766
10.292970,0.039093,-0.046570,-0.898117
10.293111,0.026230,-0.046799,-0.911911
10.293169,0.014175,-0.046417,-0.925644
10.293204,0.003235,-0.045410,-0.938873
10.293237,-0.006256,-0.043793,-0.951324
10.293266,-0.014099,-0.041550,-0.962784
10.293295,-0.020035,-0.038742,-0.973190
10.293324,-0.023926,-0.035446,-0.982529
10.302886,-0.025711,-0.031815,-0.990875
10.303017,-0.025360,-0.028000,-0.998322
10.303052,-0.022980,-0.024200,-1.004990
10.303084,-0.018738,-0.020569,-1.010941
10.303113,-0.012848,-0.017319,-1.016327
10.303144,-0.005615,-0.014542,-1.021179
10.303173,0.002563,-0.012390,-1.025604
10.303202,0.011353,-0.010910,-1.029587
10.312862,0.020279,-0.010132,-1.033142
10.312970,0.028961,-0.010071,-1.036255
10.313001,0.037003,-0.010666,-1.038910
10.313027,0.044067,-0.011856,-1.041031
10.313051,0.049866,-0.013550,-1.042587
10.313077,0.054123,-0.015625,-1.043503
10.313101,0.056671,-0.017990,-1.043716
10.313125,0.057419,-0.020523,-1.043213
10.322952,0.056366,-0.023102,-1.041901
10.323096,0.053589,-0.025650,-1.039780
10.323148,0.049255,-0.028046,-1.036865
10.323182,0.043655,-0.030228,-1.033173
10.323209,0.037125,-0.032089,-1.028763
10.323233,0.030075,-0.033539,-1.023697
10.323259,0.022888,-0.034515,-1.018051
10.323282,0.015991,-0.035004,-1.011963
10.333380,0.009705,-0.034973,-1.005569
10.333510,0.004364,-0.034470,-0.999023
10.333542,0.000214,-0.033478,-0.992462
10.333567,-0.002563,-0.032104,-0.986053
10.333593,-0.003891,-0.030411,-0.979904
10.333618,-0.003769,-0.028549,-0.974167
10.333643,-0.002258,-0.026627,-0.968964
10.333668,0.000519,-0.024811,-0.964432
10.342936,0.004410,-0.023209,-0.960678
10.343066,0.009171,-0.021957,-0.957825
10.343109,0.014572,-0.021088,-0.955917
10.343136,0.020355,-0.020645,-0.955002
10.343161,0.026291,-0.020615,-0.955063
10.343185,0.032120,-0.020966,-0.956039
10.343218,0.037613,-0.021637,-0.957886
10.343244,0.042496,-0.022568,-0.960510
10.352839,0.046585,-0.023712,-0.963791
10.352953,0.049652,-0.025024,-0.967590
10.352984,0.051575,-0.026459,-0.971741
10.353010,0.052261,-0.027939,-0.976135
10.353034,0.051727,-0.029373,-0.980637
10.353058,0.050034,-0.030670,-0.985107
10.353093,0.047302,-0.031769,-0.989487
10.353119,0.043732,-0.032547,-0.993698
10.362827,0.039520,-0.032928,-0.997711
10.362926,0.034882,-0.032867,-1.001495
10.362954,0.030060,-0.032333,-1.005035
10.362988,0.025238,-0.031357,-1.008255
10.363015,0.020660,-0.030014,-1.011078
10.363039,0.016510,-0.028397,-1.013428
10.363064,0.012939,-0.026627,-1.015259
10.363088,0.010086,-0.024826,-1.016510
10.372836,0.008026,-0.023132,-1.017166
10.372911,0.006805,-0.021622,-1.017258
10.372949,0.006378,-0.020355,-1.016830
10.373010,0.006729,-0.019379,-1.015961
10.373041,0.007767,-0.018692,-1.014725
10.373066,0.009369,-0.018326,-1.013214
10.373090,0.011444,-0.018295,-1.011566
10.373114,0.013855,-0.018600,-1.009842
10.384226,0.016479,-0.019226,-1.008118
10.384367,0.019180,-0.020126,-1.006439
10.384820,0.021835,-0.021286,-1.004852
10.384849,0.024353,-0.022614,-1.003326
10.384873,0.026627,-0.024048,-1.001892
10.384906,0.028625,-0.025482,-1.000504
10.385188,0.030273,-0.026855,-0.999176
10.385234,0.031570,-0.028061,-0.997864
10.392799,0.032486,-0.029037,-0.996552
10.392872,0.033035,-0.029709,-0.995209
10.392888,0.033234,-0.030060,-0.993851
10.392901,0.033096,-0.030090,-0.992447
10.392912,0.032669,-0.029816,-0.990997
10.392922,0.032028,-0.029282,-0.989517
10.392932,0.031204,-0.028503,-0.988007
10.392942,0.030243,-0.027542,-0.986496
10.402804,0.029160,-0.026459,-0.985016
10.402948,0.028015,-0.025314,-0.983612
10.403011,0.026840,-0.024185,-0.982285
10.403028,0.025711,-0.023132,-0.981079
10.403041,0.024673,-0.022247,-0.980026
10.403052,0.023788,-0.021561,-0.979156
10.403062,0.023117,-0.021149,-0.978546
10.403073,0.022675,-0.020996,-0.978195
10.412838,0.022476,-0.021133,-0.978165
10.412901,0.022507,-0.021515,-0.978455
10.412915,0.022736,-0.022110,-0.979080
10.412940,0.023071,-0.022873,-0.980042
10.412954,0.023499,-0.023758,-0.981323
10.412966,0.023926,-0.024719,-0.982864
10.412977,0.024307,-0.025772,-0.984634
10.412989,0.024597,-0.026855,-0.986588
10.422760,0.024765,-0.027969,-0.988663
10.422823,0.024796,-0.029083,-0.990799
10.422838,0.024704,-0.030182,-0.992935
10.422850,0.024506,-0.031219,-0.995010
10.422861,0.024261,-0.032166,-0.996964
10.422870,0.024002,-0.032928,-0.998764
10.422881,0.023804,-0.033493,-1.000381
10.422891,0.023697,-0.033783,-1.001785
10.432771,0.023727,-0.033798,-1.002975
10.432893,0.023911,-0.033493,-1.003937
10.432917,0.024261,-0.032898,-1.004654
10.432930,0.024734,-0.032043,-1.005096
10.432941,0.025314,-0.030975,-1.005234
10.432951,0.025940,-0.029755,-1.005020
10.432964,0.026581,-0.028412,-1.004471
10.432975,0.027176,-0.026993,-1.003540
10.442783,0.027679,-0.025528,-1.002304
10.442866,0.028030,-0.024094,-1.000824
10.442882,0.028214,-0.022797,-0.999191
10.442894,0.028183,-0.021729,-0.997498
10.442904,0.027969,-0.020950,-0.995834
10.442915,0.027634,-0.020493,-0.994263
10.442924,0.027191,-0.020386,-0.992828
10.442934,0.026703,-0.020630,-0.991562
10.452762,0.026169,-0.021225,-0.990463
10.452877,0.025635,-0.022125,-0.989578
10.452946,0.025116,-0.023270,-0.988846
10.452962,0.024658,-0.024582,-0.988297
10.452974,0.024277,-0.025986,-0.987885
10.452984,0.024017,-0.027405,-0.987640
10.452994,0.023865,-0.028793,-0.987579
10.453004,0.023804,-0.030045,-0.987701
10.462710,0.023804,-0.031113,-0.987991
10.462818,0.023849,-0.031921,-0.988434
10.462833,0.023911,-0.032410,-0.989044
10.462845,0.023941,-0.032547,-0.989746
10.462855,0.023941,-0.032349,-0.990540
10.462865,0.023911,-0.031815,-0.991364
10.462875,0.023865,-0.030991,-0.992188
10.462886,0.023849,-0.029984,-0.992981
10.472730,0.023880,-0.028839,-0.993683
10.472789,0.023956,-0.027679,-0.994278
10.472803,0.024078,-0.026550,-0.994766
10.472814,0.024261,-0.025543,-0.995132
10.472824,0.024460,-0.024643,-0.995407
10.472835,0.024689,-0.023880,-0.995621
10.472845,0.024963,-0.023270,-0.995819
10.472855,0.025253,-0.022827,-0.996033
10.482752,0.025543,-0.022583,-0.996277
10.482831,0.025818,-0.022522,-0.996582
10.482847,0.026031,-0.022675,-0.996933
10.482859,0.026199,-0.022995,-0.997345
10.482870,0.026306,-0.023468,-0.997803
10.482881,0.026352,-0.024048,-0.998306
10.482891,0.026337,-0.024689,-0.998825
10.482901,0.026291,-0.025330,-0.999344
10.492711,0.026199,-0.025940,-0.999802
10.492774,0.026108,-0.026489,-1.000153
10.492788,0.025986,-0.026962,-1.000366
10.492800,0.025818,-0.027374,-1.000381
10.492811,0.025574,-0.027710,-1.000198
10.492820,0.025238,-0.028000,-0.999802
10.492830,0.024841,-0.028198,-0.999237
10.492839,0.024384,-0.028290,-0.998550
10.502704,0.023926,-0.028259,-0.997772
10.502797,0.023483,-0.028061,-0.996979
10.502860,0.023117,-0.027679,-0.996231
10.502873,0.022827,-0.027176,-0.995544
10.502884,0.022614,-0.026550,-0.994980
10.502894,0.022522,-0.025879,-0.994522
10.502991,0.022537,-0.025208,-0.994156
10.503020,0.022690,-0.024582,-0.993851
10.512718,0.022995,-0.024063,-0.993607
10.512779,0.023422,-0.023682,-0.993408
10.512793,0.023956,-0.023453,-0.993271
10.512803,0.024612,-0.023331,-0.993179
10.512814,0.025330,-0.023315,-0.993149
10.512824,0.026077,-0.023376,-0.993210
10.512858,0.026794,-0.023544,-0.993347
10.512871,0.027435,-0.023804,-0.993576
10.522666,0.027969,-0.024155,-0.993851
10.522743,0.028366,-0.024612,-0.994171
10.522758,0.028625,-0.025162,-0.994446
10.522770,0.028732,-0.025803,-0.994690
10.522781,0.028717,-0.026489,-0.994843
10.522791,0.028580,-0.027161,-0.994873
10.522802,0.028366,-0.027802,-0.994766
10.522812,0.028061,-0.028336,-0.994553
10.532684,0.027679,-0.028748,-0.994232
10.532752,0.027237,-0.029022,-0.993866
10.532766,0.026733,-0.029144,-0.993484
10.532778,0.026199,-0.029114,-0.993149
10.532788,0.025650,-0.028915,-0.992859
10.532798,0.025131,-0.028580,-0.992645
10.532810,0.024628,-0.028122,-0.992508
10.532821,0.024155,-0.027557,-0.992447
10.542658,0.023727,-0.026947,-0.992447
10.542733,0.023315,-0.026321,-0.992523
10.542747,0.022964,-0.025711,-0.992599
10.542759,0.022675,-0.025146,-0.992645
10.542770,0.022446,-0.024658,-0.992661
10.542780,0.022324,-0.024292,-0.992630
10.542789,0.022308,-0.024078,-0.992599
10.542799,0.022415,-0.024017,-0.992569
10.552642,0.022644,-0.024155,-0.992554
10.552736,0.023010,-0.024429,-0.992599
10.552767,0.023499,-0.024857,-0.992722
10.552780,0.024033,-0.025375,-0.992889
10.552791,0.024597,-0.025955,-0.993073
10.552801,0.025116,-0.026566,-0.993240
10.552811,0.025543,-0.027145,-0.993347
10.552820,0.025848,-0.027679,-0.993362
10.562662,0.026016,-0.028122,-0.993286
10.562746,0.026093,-0.028458,-0.993118
10.562765,0.026062,-0.028671,-0.992874
10.562776,0.026016,-0.028793,-0.992599
10.562786,0.025955,-0.028793,-0.992294
10.562796,0.025909,-0.028671,-0.991989
10.562806,0.025848,-0.028458,-0.991699
10.562815,0.025787,-0.028137,-0.991394
10.572639,0.025711,-0.027771,-0.991104
10.572733,0.025620,-0.027390,-0.990784
10.572750,0.025513,-0.027023,-0.990494
10.572764,0.025406,-0.026672,-0.990204
10.572775,0.025330,-0.026382,-0.989960
10.572787,0.025284,-0.026154,-0.989807
10.572798,0.025253,-0.025986,-0.989792
10.572810,0.025223,-0.025879,-0.989929
10.582635,0.025177,-0.025803,-0.990219
10.582722,0.025070,-0.025757,-0.990616
10.582734,0.024948,-0.025711,-0.991089
10.582745,0.024780,-0.025665,-0.991608
10.582755,0.024612,-0.025650,-0.992111
10.582765,0.024460,-0.025665,-0.992615
10.582775,0.024353,-0.025726,-0.993088
10.582784,0.024292,-0.025848,-0.993515
10.592598,0.024292,-0.026031,-0.993881
10.592664,0.024368,-0.026260,-0.994217
10.592680,0.024506,-0.026489,-0.994507
10.592692,0.024658,-0.026688,-0.994751
10.592703,0.024826,-0.026840,-0.994934
10.592713,0.024963,-0.026932,-0.995056
10.592723,0.025055,-0.026917,-0.995132
10.592733,0.025131,-0.026810,-0.995209
10.602588,0.025192,-0.026642,-0.995316
10.602714,0.025223,-0.026428,-0.995453
10.602742,0.025223,-0.026169,-0.995682
10.602756,0.025192,-0.025894,-0.996002
10.602769,0.025131,-0.025589,-0.996399
10.602780,0.025040,-0.025238,-0.996857
10.602790,0.024918,-0.024857,-0.997330
10.602800,0.024780,-0.024475,-0.997772
10.612569,0.024673,-0.024109,-0.998138
10.612639,0.024567,-0.023819,-0.998398
10.612655,0.024490,-0.023636,-0.998505
10.612667,0.024475,-0.023575,-0.998474
10.612678,0.024506,-0.023636,-0.998322
10.612687,0.024597,-0.023819,-0.998047
10.612697,0.024719,-0.024078,-0.997696
10.612706,0.024841,-0.024414,-0.997284
10.622597,0.024933,-0.024780,-0.996857
10.622675,0.025009,-0.025146,-0.996445
10.622690,0.025040,-0.025482,-0.996033
10.622702,0.025009,-0.025757,-0.995667
10.622713,0.024918,-0.026016,-0.995331
10.622723,0.024780,-0.026215,-0.995010
10.622733,0.024597,-0.026382,-0.994736
10.622742,0.024429,-0.026489,-0.994476
10.632626,0.024292,-0.026535,-0.994263
10.632980,0.024231,-0.026520,-0.994095
10.633019,0.024246,-0.026428,-0.994003
10.633054,0.024368,-0.026245,-0.993973
10.633084,0.024582,-0.026016,-0.993988
10.633113,0.024887,-0.025757,-0.994049
10.633144,0.025238,-0.025497,-0.994125
10.633174,0.025589,-0.025284,-0.994186
10.642714,0.025925,-0.025116,-0.994232
10.642835,0.026184,-0.025024,-0.994232
10.642863,0.026398,-0.024979,-0.994202
10.642897,0.026535,-0.024979,-0.994141
10.642924,0.026581,-0.024994,-0.994080
10.642948,0.026566,-0.025024,-0.994019
10.642974,0.026459,-0.025055,-0.993973
10.643108,0.026276,-0.025116,-0.993927
10.652563,0.026031,-0.025208,-0.993866
10.652695,0.025726,-0.025345,-0.993774
10.652727,0.025406,-0.025528,-0.993652
10.652752,0.025101,-0.025742,-0.993530
10.652776,0.024796,-0.026001,-0.993423
10.652800,0.024536,-0.026245,-0.993347
10.652834,0.024307,-0.026459,-0.993347
10.652859,0.024124,-0.026627,-0.993408
10.662508,0.023972,-0.026718,-0.993530
10.662626,0.023849,-0.026764,-0.993698
10.662652,0.023727,-0.026764,-0.993881
10.662683,0.023621,-0.026749,-0.994064
10.662709,0.023514,-0.026718,-0.994247
10.662733,0.023422,-0.026657,-0.994385
10.662756,0.023361,-0.026550,-0.994492
10.662782,0.023376,-0.026413,-0.994583
10.672591,0.023483,-0.026230,-0.994629
10.672686,0.023666,-0.026016,-0.994690
10.672715,0.023926,-0.025772,-0.994751
10.672739,0.024185,-0.025543,-0.994812
10.672772,0.024414,-0.025330,-0.994888
10.672798,0.024612,-0.025192,-0.994919
10.672822,0.024750,-0.025146,-0.994919
10.672847,0.024857,-0.025208,-0.994873
10.684230,0.024918,-0.025375,-0.994781
10.684355,0.024948,-0.025635,-0.994659
10.684387,0.025009,-0.025955,-0.994492
10.684412,0.025101,-0.026276,-0.994339
10.684438,0.025238,-0.026520,-0.994186
10.684566,0.025406,-0.026672,-0.994064
10.684590,0.025543,-0.026688,-0.993973
10.684621,0.025635,-0.026581,-0.993912
10.692552,0.025681,-0.026382,-0.993866
10.692662,0.025681,-0.026154,-0.993820
10.692890,0.025650,-0.025955,-0.993729
10.692923,0.025589,-0.025803,-0.993622
10.692949,0.025513,-0.025726,-0.993469
10.692974,0.025406,-0.025726,-0.993286
10.692998,0.025284,-0.025772,-0.993118
10.693022,0.025146,-0.025833,-0.992966
10.702537,0.024979,-0.025909,-0.992859
10.702663,0.024826,-0.025970,-0.992813
10.702740,0.024689,-0.026001,-0.992874
10.702828,0.024597,-0.026001,-0.992996
10.702870,0.024597,-0.025970,-0.993164
10.702900,0.024643,-0.025925,-0.993347
10.703031,0.024734,-0.025864,-0.993515
10.703060,0.024857,-0.025772,-0.993652
10.712490,0.025009,-0.025665,-0.993774
10.712610,0.025146,-0.025574,-0.993835
10.712639,0.025299,-0.025513,-0.993866
10.712664,0.025421,-0.025482,-0.993881
10.712696,0.025513,-0.025482,-0.993912
10.712722,0.025620,-0.025528,-0.993973
10.712745,0.025711,-0.025589,-0.994095
10.712768,0.025803,-0.025620,-0.994278
10.722513,0.025925,-0.025589,-0.994507
10.722633,0.026031,-0.025482,-0.994766
10.722663,0.026108,-0.025284,-0.995010
10.722688,0.026077,-0.025024,-0.995178
10.722714,0.025925,-0.024719,-0.995239
10.722739,0.025650,-0.024414,-0.995178
10.722763,0.025269,-0.024155,-0.995010
10.722797,0.024826,-0.023956,-0.994766
10.733192,0.024384,-0.023834,-0.994446
10.733335,0.023941,-0.023819,-0.994064
10.733363,0.023499,-0.023849,-0.993103
10.733389,0.022949,-0.024033,-0.989487
10.733415,0.022217,-0.025070,-0.979080
10.733440,0.021194,-0.028503,-0.957550
10.733465,0.019699,-0.036194,-0.923294
10.733489,0.017502,-0.049332,-0.878464
10.742465,0.014709,-0.067474,-0.827850
10.742696,0.012070,-0.088455,-0.778091
10.742734,0.010849,-0.108658,-0.736771
10.742762,0.012482,-0.123840,-0.710587
10.742787,0.018173,-0.129974,-0.704147
10.742825,0.028488,-0.124283,-0.719315
10.742848,0.043045,-0.106064,-0.755280
10.742873,0.060471,-0.076981,-0.808517
10.752449,0.078644,-0.040665,-0.873230
10.752581,0.095123,-0.001877,-0.942612
10.752612,0.107742,0.034576,-1.010513
10.752636,0.114914,0.064728,-1.072372
10.752662,0.115936,0.085953,-1.125305
10.752686,0.110855,0.097153,-1.167877
10.752709,0.100266,0.098648,-1.199860
10.752732,0.085144,0.091751,-1.222031
10.762447,0.066513,0.078384,-1.236023
10.762555,0.045441,0.060638,-1.243759
10.762590,0.022873,0.040344,-1.247009
10.762620,-0.000275,0.018936,-1.246933
10.762660,-0.023132,-0.002518,-1.244034
10.762690,-0.044739,-0.023239,-1.238297
10.762759,-0.064056,-0.042419,-1.229614
10.762868,-0.080154,-0.059189,-1.217896
10.773789,-0.092163,-0.072708,-1.203201
10.773891,-0.099533,-0.082245,-1.185577
10.773994,-0.102051,-0.087265,-1.165131
10.774016,-0.099808,-0.087540,-1.142151
10.774028,-0.093185,-0.083069,-1.117188
10.774040,-0.082703,-0.074112,-1.091019
10.774050,-0.069016,-0.061218,-1.064514
10.774060,-0.052750,-0.045303,-1.038620
10.784900,-0.034531,-0.027634,-1.014175
10.785232,-0.014999,-0.009750,-0.991760
10.785264,0.005127,0.006744,-0.971649
10.785290,0.025146,0.020325,-0.954010
10.785316,0.044312,0.029678,-0.938919
10.785339,0.061890,0.033936,-0.926392
10.785365,0.077255,0.032730,-0.916229
10.785389,0.089874,0.026306,-0.908142
10.792384,0.099396,0.015366,-0.902008
10.792494,0.105667,0.001068,-0.897903
10.792523,0.108627,-0.015182,-0.895996
10.792549,0.108414,-0.031921,-0.896454
10.792572,0.105209,-0.047775,-0.899338
10.792604,0.099365,-0.061630,-0.904617
10.792630,0.091324,-0.072662,-0.912170
10.792655,0.081528,-0.080399,-0.921661
10.802420,0.070465,-0.084671,-0.932571
10.802559,0.058594,-0.085617,-0.944260
10.802628,0.046310,-0.083633,-0.955994
10.802683,0.034012,-0.079285,-0.967010
10.802737,0.022003,-0.073242,-0.976562
10.802790,0.010590,-0.066147,-0.983978
10.802853,0.000076,-0.058548,-0.988937
10.802906,-0.009247,-0.050888,-0.991302
10.812362,-0.017075,-0.043472,-0.991226
10.812492,-0.023102,-0.036469,-0.988998
10.812522,-0.027084,-0.029953,-0.985077
10.812547,-0.028793,-0.023956,-0.980133
10.812571,-0.028122,-0.018494,-0.974869
10.812602,-0.025009,-0.013565,-0.969925
10.812629,-0.019592,-0.009277,-0.965775
10.812654,-0.012085,-0.005737,-0.962784
10.822610,-0.002853,-0.003052,-0.961136
10.822767,0.007629,-0.001343,-0.960953
10.822799,0.018875,-0.000626,-0.962234
10.822824,0.030334,-0.000885,-0.964859
10.822884,0.041458,-0.002060,-0.968628
10.822908,0.051712,-0.004028,-0.973282
10.822939,0.060608,-0.006714,-0.978500
10.823079,0.067673,-0.009918,-0.983917
10.833904,0.072571,-0.013535,-0.989197
10.834296,0.075089,-0.017410,-0.994019
10.834332,0.075104,-0.021423,-0.998123
10.834364,0.072632,-0.025452,-1.001328
10.834395,0.067841,-0.029404,-1.003479
10.834425,0.060989,-0.033173,-1.004547
10.834456,0.052475,-0.036621,-1.004608
10.834484,0.042740,-0.039627,-1.003799
10.842409,0.032303,-0.042084,-1.002289
10.842541,0.021729,-0.043854,-1.000244
10.842592,0.011581,-0.044861,-0.997818
10.842626,0.002350,-0.044998,-0.995209
10.842658,-0.005447,-0.044281,-0.992599
10.842687,-0.011505,-0.042679,-0.990173
10.842716,-0.015533,-0.040283,-0.988022
10.842743,-0.017395,-0.037170,-0.986298
10.852389,-0.017105,-0.033524,-0.985077
10.852496,-0.014740,-0.029495,-0.984436
10.852527,-0.010498,-0.025345,-0.984467
10.852553,-0.004654,-0.021301,-0.985123
10.852578,0.002411,-0.017563,-0.986374
10.852605,0.010345,-0.014328,-0.988174
10.852628,0.018723,-0.011780,-0.990417
10.852651,0.027115,-0.010010,-0.992950
10.862338,0.035110,-0.009094,-0.995651
10.862450,0.042343,-0.009048,-0.998352
10.862485,0.048477,-0.009857,-1.000931
10.862515,0.053238,-0.011414,-1.003204
10.862552,0.056458,-0.013626,-1.005081
10.862584,0.057983,-0.016327,-1.006454
10.862613,0.057785,-0.019302,-1.007309
10.862641,0.055939,-0.022400,-1.007660
10.872325,0.052597,-0.025467,-1.007553
10.872453,0.048004,-0.028320,-1.007050
10.872486,0.042480,-0.030853,-1.006226
10.872512,0.036392,-0.032928,-1.005188
10.872538,0.030090,-0.034454,-1.004013
10.872564,0.023911,-0.035385,-1.002777
10.872587,0.018173,-0.035721,-1.001541
10.872612,0.013123,-0.035446,-1.000351
10.882308,0.008987,-0.034637,-0.999252
10.882525,0.005905,-0.033356,-0.998230
10.882573,0.003998,-0.031693,-0.997314
10.882613,0.003250,-0.029785,-0.996490
10.882663,0.003647,-0.027740,-0.995773
10.882703,0.005081,-0.025665,-0.995163
10.882744,0.007370,-0.023666,-0.994629
10.882782,0.010300,-0.021820,-0.994156
10.892464,0.013672,-0.020172,-0.993759
10.892600,0.017227,-0.018784,-0.993469
10.892645,0.020752,-0.017670,-0.993256
10.892679,0.024063,-0.016891,-0.993118
10.892710,0.027039,-0.016479,-0.993027
10.892741,0.029541,-0.016479,-0.992950
10.892912,0.031509,-0.016876,-0.992905
10.892948,0.032928,-0.017670,-0.992889
10.902296,0.033768,-0.018829,-0.992874
10.902419,0.034058,-0.020325,-0.992874
10.902450,0.033875,-0.022079,-0.992920
10.902476,0.033279,-0.023987,-0.992996
10.902542,0.032379,-0.025970,-0.993164
10.902567,0.031250,-0.027924,-0.993393
10.902591,0.030014,-0.029739,-0.993713
10.902623,0.028748,-0.031326,-0.994125
10.912305,0.027527,-0.032639,-0.994598
10.912475,0.026428,-0.033585,-0.995117
10.912542,0.025482,-0.034119,-0.995605
10.912604,0.024673,-0.034225,-0.995987
10.912656,0.024002,-0.033920,-0.996216
10.912717,0.023453,-0.033234,-0.996201
10.912769,0.022964,-0.032211,-0.995911
10.912820,0.022552,-0.030960,-0.995361
10.922292,0.022186,-0.029572,-0.994568
10.922403,0.021866,-0.028107,-0.993607
10.922435,0.021576,-0.026657,-0.992508
10.922464,0.021378,-0.025299,-0.991333
10.922489,0.021286,-0.024094,-0.990158
10.922513,0.021317,-0.023071,-0.989029
10.922543,0.021500,-0.022263,-0.988052
10.922569,0.021835,-0.021729,-0.987244
10.932328,0.022308,-0.021439,-0.986649
10.932495,0.022888,-0.021439,-0.986267
10.932541,0.023514,-0.021729,-0.986130
10.932580,0.024155,-0.022308,-0.986191
10.932627,0.024734,-0.023178,-0.986481
10.932666,0.025253,-0.024323,-0.986954
10.932705,0.025635,-0.025681,-0.987579
10.932741,0.025925,-0.027161,-0.988358
10.942505,0.026108,-0.028656,-0.989243
10.942982,0.026184,-0.030075,-0.990204
10.943037,0.026184,-0.031311,-0.991180
10.943078,0.026123,-0.032303,-0.992157
10.943125,0.026031,-0.032990,-0.993057
10.943164,0.025894,-0.033386,-0.993835
10.943202,0.025757,-0.033463,-0.994431
10.943388,0.025604,-0.033234,-0.994827
10.952235,0.025467,-0.032745,-0.995026
10.952341,0.025360,-0.032013,-0.994995
10.952376,0.025299,-0.031067,-0.994781
10.952406,0.025299,-0.029968,-0.994415
10.952437,0.025375,-0.028793,-0.993896
10.952467,0.025497,-0.027588,-0.993286
10.952497,0.025635,-0.026398,-0.992630
10.952527,0.025772,-0.025253,-0.991928
10.962230,0.025864,-0.024216,-0.991241
10.962334,0.025879,-0.023300,-0.990601
10.962364,0.025803,-0.022552,-0.990051
10.962390,0.025604,-0.022034,-0.989670
10.962417,0.025299,-0.021744,-0.989487
10.962441,0.024902,-0.021683,-0.989548
10.962465,0.024445,-0.021866,-0.989822
10.962489,0.023956,-0.022293,-0.990295
10.972215,0.023483,-0.022919,-0.990921
10.972320,0.023071,-0.023727,-0.991653
10.972355,0.022736,-0.024689,-0.992462
10.972385,0.022507,-0.025711,-0.993301
10.972421,0.022369,-0.026718,-0.994141
10.972455,0.022339,-0.027618,-0.994949
10.972485,0.022385,-0.028366,-0.995728
10.972517,0.022507,-0.028870,-0.996475
10.982241,0.022659,-0.029114,-0.997238
10.982354,0.022842,-0.029099,-0.998001
10.982384,0.023010,-0.028854,-0.998688
10.982409,0.023193,-0.028412,-0.999268
10.982433,0.023392,-0.027863,-0.999680
10.982458,0.023636,-0.027252,-0.999924
10.982481,0.023911,-0.026642,-0.999969
10.982506,0.024261,-0.026062,-0.999832
10.992380,0.024658,-0.025528,-0.999557
10.992831,0.025101,-0.025055,-0.999176
10.992876,0.025604,-0.024658,-0.998779
10.992916,0.026093,-0.024307,-0.998398
10.992955,0.026535,-0.024033,-0.998077
10.992993,0.026871,-0.023834,-0.997803
10.993096,0.027069,-0.023712,-0.997574
10.993121,0.027100,-0.023651,-0.997391
11.002271,0.026962,-0.023666,-0.997208
11.002395,0.026703,-0.023712,-0.996979
11.002426,0.026367,-0.023804,-0.996704
11.002452,0.026016,-0.023895,-0.996384
11.002476,0.025665,-0.023987,-0.996017
11.002500,0.025375,-0.024048,-0.995682
11.002530,0.025116,-0.024109,-0.995377
11.002556,0.024918,-0.024185,-0.995117
11.012192,0.024734,-0.024292,-0.994919
11.012336,0.024567,-0.024445,-0.994751
11.012371,0.024384,-0.024643,-0.994614
11.012401,0.024200,-0.024872,-0.994492
11.012442,0.024002,-0.025131,-0.994370
11.012478,0.023834,-0.025391,-0.994278
11.012553,0.023712,-0.025620,-0.994202
11.012585,0.023636,-0.025818,-0.994125
11.022167,0.023636,-0.025955,-0.994049
11.022845,0.023682,-0.026077,-0.993942
11.022888,0.023773,-0.026169,-0.993835
11.022901,0.023849,-0.026245,-0.993683
11.022912,0.023926,-0.026291,-0.993515
11.022923,0.024048,-0.026291,-0.993347
11.022932,0.024200,-0.026245,-0.993225
11.022942,0.024445,-0.026154,-0.993179
11.034691,0.024796,-0.026031,-0.993210
11.034868,0.025223,-0.025894,-0.993301
11.034899,0.025726,-0.025742,-0.993423
11.034944,0.026215,-0.025635,-0.993546
11.034973,0.026642,-0.025574,-0.993668
11.034999,0.026947,-0.025604,-0.993759
11.035022,0.027115,-0.025742,-0.993820
11.035048,0.027130,-0.025970,-0.993866
11.042156,0.027008,-0.026276,-0.993896
11.042746,0.026794,-0.026596,-0.993912
11.042800,0.026520,-0.026932,-0.993881
11.042887,0.026230,-0.027222,-0.993805
11.042928,0.025955,-0.027420,-0.993683
11.042976,0.025696,-0.027527,-0.993484
11.043013,0.025421,-0.027557,-0.993225
11.043050,0.025116,-0.027512,-0.992920
11.052139,0.024811,-0.027435,-0.992584
11.052282,0.024521,-0.027359,-0.992249
11.052311,0.024292,-0.027313,-0.991882
11.052337,0.024109,-0.027313,-0.991516
11.052362,0.023987,-0.027374,-0.991180
11.052422,0.023895,-0.027466,-0.990906
11.052448,0.023819,-0.027557,-0.990692
11.052472,0.023773,-0.027664,-0.990555
11.062135,0.023727,-0.027771,-0.990448
11.062238,0.023697,-0.027847,-0.990402
11.062274,0.023682,-0.027893,-0.990417
11.062302,0.023697,-0.027908,-0.990448
11.062328,0.023773,-0.027893,-0.990509
11.062359,0.023880,-0.027847,-0.990601
11.062421,0.024048,-0.027771,-0.990723
11.062473,0.024231,-0.027634,-0.990875
11.072747,0.024460,-0.027466,-0.991074
11.072979,0.024689,-0.027267,-0.991272
11.073541,0.024933,-0.027054,-0.991516
11.073606,0.025146,-0.026855,-0.991745
11.073634,0.025345,-0.026703,-0.991989
11.073660,0.025482,-0.026596,-0.992218
11.073687,0.025574,-0.026535,-0.992416
11.073713,0.025604,-0.026489,-0.992615
11.082295,0.025604,-0.026443,-0.992783
11.082419,0.025574,-0.026413,-0.992950
11.082449,0.025558,-0.026382,-0.993134
11.082475,0.025558,-0.026367,-0.993286
11.082502,0.025558,-0.026352,-0.993393
11.082530,0.025543,-0.026352,-0.993454
11.082556,0.025528,-0.026352,-0.993454
11.082580,0.025482,-0.026352,-0.993408
11.092122,0.025452,-0.026352,-0.993332
11.092274,0.025391,-0.026352,-0.993240
11.092313,0.025330,-0.026352,-0.993149
11.092340,0.025238,-0.026321,-0.993088
11.092364,0.025162,-0.026245,-0.993088
11.092391,0.025070,-0.026123,-0.993179
11.092416,0.024963,-0.025970,-0.993378
11.092440,0.024872,-0.025787,-0.993668
11.102110,0.024796,-0.025604,-0.994034
11.102223,0.024719,-0.025452,-0.994415
11.102254,0.024658,-0.025360,-0.994781
11.102280,0.024582,-0.025330,-0.995087
11.102307,0.024521,-0.025375,-0.995285
11.102330,0.024429,-0.025452,-0.995377
11.102355,0.024323,-0.025513,-0.995377
11.102379,0.024155,-0.025543,-0.995285
11.112056,0.023941,-0.025497,-0.995163
11.112200,0.023712,-0.025421,-0.995026
11.112250,0.023483,-0.025299,-0.994888
11.112275,0.023285,-0.025192,-0.994797
11.112299,0.023148,-0.025101,-0.994736
11.112331,0.023102,-0.025055,-0.994736
11.112356,0.023148,-0.025055,-0.994766
11.112385,0.023331,-0.025101,-0.994873
11.122089,0.023605,-0.025192,-0.995041
11.122229,0.023987,-0.025284,-0.995300
11.122260,0.024399,-0.025391,-0.995651
11.122287,0.024811,-0.025467,-0.996094
11.122314,0.025192,-0.025513,-0.996567
11.122341,0.025528,-0.025513,-0.997040
11.122364,0.025772,-0.025513,-0.997513
11.122388,0.025940,-0.025482,-0.997940
11.132790,0.026016,-0.025452,-0.998276
11.132923,0.026016,-0.025406,-0.998520
11.132957,0.025940,-0.025345,-0.998672
11.132997,0.025803,-0.025284,-0.998703
11.133028,0.025604,-0.025238,-0.998611
11.133056,0.025360,-0.025192,-0.998398
11.133087,0.025070,-0.025162,-0.998077
11.133115,0.024765,-0.025146,-0.997665
11.142257,0.024475,-0.025162,-0.997177
11.142390,0.024200,-0.025192,-0.996658
11.142426,0.023987,-0.025238,-0.996109
11.142457,0.023819,-0.025284,-0.995605
11.142486,0.023682,-0.025314,-0.995132
11.142516,0.023575,-0.025345,-0.994751
11.142546,0.023499,-0.025360,-0.994476
11.142576,0.023438,-0.025391,-0.994308
11.152061,0.023407,-0.025467,-0.994217
11.152173,0.023361,-0.025589,-0.994156
11.152205,0.023315,-0.025772,-0.994110
11.152230,0.023270,-0.026047,-0.994034
11.152254,0.023254,-0.026382,-0.993942
11.152278,0.023285,-0.026733,-0.993835
11.152312,0.023376,-0.027115,-0.993759
11.152339,0.023529,-0.027451,-0.993729
11.162050,0.023712,-0.027756,-0.993759
11.162181,0.023895,-0.027954,-0.993835
11.162210,0.024063,-0.028061,-0.993958
11.162235,0.024200,-0.028076,-0.994064
11.162276,0.024261,-0.028015,-0.994125
11.162306,0.024231,-0.027908,-0.994141
11.162329,0.024139,-0.027771,-0.994095
11.162360,0.024033,-0.027618,-0.993988
11.172010,0.023956,-0.027466,-0.993851
11.172141,0.023941,-0.027328,-0.993729
11.172171,0.024002,-0.027222,-0.993607
11.172196,0.024155,-0.027145,-0.993515
11.172221,0.024353,-0.027069,-0.993469
11.172264,0.024597,-0.026962,-0.993439
11.172293,0.024811,-0.026840,-0.993469
11.172317,0.025024,-0.026703,-0.993515
11.182226,0.025208,-0.026566,-0.993591
11.182365,0.025360,-0.026428,-0.993637
11.182400,0.025452,-0.026306,-0.993652
11.182432,0.025497,-0.026230,-0.993607
11.182463,0.025467,-0.026154,-0.993500
11.182493,0.025360,-0.026108,-0.993347
11.182521,0.025177,-0.026047,-0.993164
11.182550,0.024918,-0.025970,-0.992966
11.192019,0.024597,-0.025848,-0.992737
11.192170,0.024246,-0.025711,-0.992447
11.192224,0.023865,-0.025558,-0.992096
11.192266,0.023514,-0.025452,-0.991699
11.192929,0.023254,-0.025421,-0.991287
11.192972,0.023087,-0.025482,-0.990891
11.193002,0.023041,-0.025620,-0.990570
11.193031,0.023117,-0.025864,-0.990372
11.201953,0.023315,-0.026169,-0.990311
11.202054,0.023621,-0.026535,-0.990402
11.202083,0.024002,-0.026978,-0.990631
11.202135,0.024445,-0.027435,-0.990982
11.202159,0.024902,-0.027924,-0.991409
11.202183,0.025330,-0.028381,-0.991867
11.202214,0.025726,-0.028809,-0.992310
11.202240,0.026062,-0.029144,-0.992691
11.211939,0.026352,-0.029343,-0.992996
11.212050,0.026566,-0.029388,-0.993210
11.212086,0.026688,-0.029236,-0.993256
11.212114,0.026657,-0.028839,-0.992355
11.212141,0.026367,-0.028244,-0.987579
11.212196,0.025681,-0.028168,-0.973557
11.212223,0.024399,-0.030243,-0.945404
11.212248,0.022293,-0.036652,-0.901505
11.221973,0.019165,-0.049149,-0.843567
11.222080,0.015182,-0.068039,-0.776123
11.222114,0.011032,-0.091675,-0.707306
11.222144,0.007996,-0.116486,-0.647797
11.222175,0.007660,-0.137573,-0.607773
11.222205,0.011597,-0.149612,-0.594833
11.222235,0.020920,-0.148163,-0.613297
11.222273,0.035934,-0.130920,-0.663742
11.232375,0.055847,-0.098526,-0.742218
11.232546,0.078812,-0.054550,-0.840652
11.232592,0.102203,-0.004822,-0.948547
11.232633,0.123032,0.043869,-1.055161
11.232672,0.138535,0.084991,-1.151199
11.232717,0.146500,0.113480,-1.229843
11.232756,0.145599,0.126434,-1.287292
11.232800,0.135498,0.123505,-1.322662
11.242111,0.116943,0.106796,-1.337738
11.242510,0.091507,0.080215,-1.336563
11.242548,0.061356,0.048630,-1.324387
11.242577,0.028839,0.016769,-1.306580
11.242601,-0.003769,-0.011612,-1.287552
11.242625,-0.034561,-0.034180,-1.270279
11.242649,-0.062042,-0.050110,-1.255951
11.242672,-0.085114,-0.059677,-1.244232
11.252110,-0.103088,-0.063873,-1.233841
11.252346,-0.115646,-0.063980,-1.222961
11.252389,-0.122726,-0.061172,-1.209702
11.252427,-0.124542,-0.056366,-1.192368
11.252466,-0.121506,-0.050140,-1.170059
11.252502,-0.114090,-0.042679,-1.142838
11.252538,-0.102890,-0.033905,-1.111618
11.252587,-0.088440,-0.023636,-1.077988
11.261900,-0.071259,-0.011856,-1.043915
11.262024,-0.051834,0.001083,-1.011459
11.262054,-0.030655,0.014374,-0.982193
11.262087,-0.008347,0.026764,-0.956955
11.262113,0.014328,0.036697,-0.936020
11.262138,0.036514,0.042633,-0.919189
11.262214,0.057281,0.043259,-0.905975
11.262252,0.075760,0.037827,-0.895569
11.271935,0.091232,0.026367,-0.887146
11.272048,0.103226,0.009659,-0.880096
11.272116,0.111526,-0.010757,-0.874313
11.272132,0.116180,-0.032913,-0.870056
11.272145,0.117401,-0.054611,-0.867767
11.272155,0.115479,-0.073837,-0.867935
11.272166,0.110794,-0.089066,-0.870987
11.272176,0.103714,-0.099396,-0.877167
11.283784,0.094589,-0.104538,-0.886414
11.283941,0.083771,-0.104752,-0.898239
11.283958,0.071609,-0.100754,-0.911972
11.283971,0.058472,-0.093582,-0.926743
11.283982,0.044708,-0.084381,-0.941589
11.283992,0.030762,-0.074280,-0.955551
11.284035,0.017090,-0.064194,-0.967743
11.284092,0.004181,-0.054764,-0.977615
11.291943,-0.007477,-0.046326,-0.985001
11.292311,-0.017426,-0.038971,-0.989990
11.292343,-0.025223,-0.032578,-0.992844
11.292372,-0.030518,-0.026962,-0.994019
11.292396,-0.033081,-0.021881,-0.994049
11.292420,-0.032837,-0.017136,-0.993607
11.292443,-0.029831,-0.012634,-0.993286
11.292475,-0.024307,-0.008392,-0.993500
11.301870,-0.016617,-0.004608,-0.994553
11.301982,-0.007217,-0.001480,-0.996582
11.302012,0.003326,0.000687,-0.999588
11.302038,0.014465,0.001740,-1.003448
11.302064,0.025558,0.001572,-1.007950
11.302088,0.036057,0.000198,-1.012802
11.302112,0.045441,-0.002243,-1.017700
11.302136,0.053268,-0.005569,-1.022293
11.311866,0.059204,-0.009491,-1.026230
11.311993,0.063004,-0.013748,-1.029205
11.312038,0.064514,-0.018097,-1.030930
11.312070,0.063690,-0.022385,-1.031281
11.312100,0.060638,-0.026474,-1.030151
11.312139,0.055618,-0.030334,-1.027527
11.312170,0.048950,-0.033951,-1.023438
11.312201,0.041122,-0.037308,-1.018097
11.321915,0.032700,-0.040359,-1.011765
11.322065,0.024216,-0.043030,-1.004761
11.322094,0.016251,-0.045166,-0.997406
11.322121,0.009247,-0.046616,-0.989990
11.322146,0.003586,-0.047195,-0.982773
11.322170,-0.000473,-0.046799,-0.976028
11.322201,-0.002884,-0.045319,-0.969910
11.322227,-0.003632,-0.042786,-0.964508
11.331874,-0.002853,-0.039276,-0.959900
11.332037,-0.000717,-0.035004,-0.956131
11.332076,0.002548,-0.030212,-0.953232
11.332109,0.006744,-0.025223,-0.951233
11.332140,0.011673,-0.020340,-0.950119
11.332170,0.017090,-0.015854,-0.949875
11.332198,0.022781,-0.012024,-0.950531
11.332236,0.028534,-0.009064,-0.952011
11.341828,0.034073,-0.007095,-0.954224
11.341952,0.039169,-0.006149,-0.957031
11.341983,0.043564,-0.006287,-0.960312
11.342291,0.047058,-0.007462,-0.963928
11.342317,0.049500,-0.009598,-0.967743
11.342688,0.050751,-0.012558,-0.971634
11.342712,0.050781,-0.016159,-0.975510
11.342736,0.049606,-0.020203,-0.979340
11.351847,0.047318,-0.024429,-0.983124
11.351953,0.044067,-0.028595,-0.986877
11.351985,0.040054,-0.032425,-0.990616
11.352009,0.035507,-0.035721,-0.994339
11.352034,0.030655,-0.038315,-0.998047
11.352058,0.025742,-0.040070,-1.001694
11.352084,0.020996,-0.040939,-1.005173
11.352109,0.016663,-0.040939,-1.008438
11.361831,0.012924,-0.040115,-1.011429
11.361930,0.009918,-0.038574,-1.014099
11.361960,0.007706,-0.036469,-1.016373
11.361986,0.006332,-0.033905,-1.018219
11.362013,0.005783,-0.031036,-1.019608
11.362038,0.005981,-0.028061,-1.020523
11.362064,0.006882,-0.025101,-1.020935
11.362088,0.008362,-0.022324,-1.020844
11.371832,0.010315,-0.019836,-1.020248
11.371953,0.012665,-0.017761,-1.019211
11.371988,0.015259,-0.016144,-1.017761
11.372020,0.017975,-0.015045,-1.015961
11.372049,0.020676,-0.014465,-1.013901
11.372299,0.023254,-0.014404,-1.011642
11.372333,0.025589,-0.014816,-1.009262
11.372362,0.027618,-0.015671,-1.006821
11.381832,0.029297,-0.016922,-1.004364
11.382500,0.030563,-0.018509,-1.001953
11.382554,0.031433,-0.020325,-0.999603
11.382594,0.031906,-0.022263,-0.997375
11.382634,0.031998,-0.024246,-0.995331
11.382672,0.031799,-0.026215,-0.993500
11.382711,0.031342,-0.028107,-0.991913
11.382747,0.030685,-0.029846,-0.990601
11.391789,0.029877,-0.031357,-0.989548
11.391962,0.028961,-0.032532,-0.988693
11.391993,0.027985,-0.033356,-0.988007
11.392019,0.027008,-0.033752,-0.987427
11.392043,0.026108,-0.033768,-0.986908
11.392288,0.025330,-0.033417,-0.986389
11.392554,0.024689,-0.032715,-0.985855
11.392586,0.024170,-0.031723,-0.985275
11.401768,0.023743,-0.030518,-0.984634
11.401898,0.023407,-0.029190,-0.983948
11.401944,0.023132,-0.027786,-0.983231
11.401991,0.022903,-0.026398,-0.982544
11.402031,0.022705,-0.025055,-0.981949
11.402067,0.022583,-0.023849,-0.981506
11.402103,0.022522,-0.022827,-0.981277
11.402152,0.022537,-0.022018,-0.981369
11.411747,0.022614,-0.021469,-0.981796
11.411885,0.022781,-0.021225,-0.982605
11.411913,0.022995,-0.021301,-0.983780
11.411941,0.023300,-0.021683,-0.985321
11.411967,0.023651,-0.022354,-0.987167
11.411991,0.024033,-0.023254,-0.989227
11.412014,0.024414,-0.024338,-0.991440
11.412037,0.024765,-0.025543,-0.993729
11.421773,0.025040,-0.026810,-0.995972
11.421893,0.025238,-0.028046,-0.998047
11.421949,0.025330,-0.029236,-0.999878
11.421990,0.025314,-0.030289,-1.001373
11.422029,0.025192,-0.031174,-1.002533
11.422066,0.024994,-0.031830,-1.003342
11.422102,0.024765,-0.032211,-1.003815
11.422149,0.024490,-0.032303,-1.003922
11.431774,0.024216,-0.032120,-1.003693
11.432401,0.023972,-0.031631,-1.003143
11.432453,0.023758,-0.030869,-1.002304
11.432494,0.023636,-0.029907,-1.001175
11.432531,0.023590,-0.028809,-0.999847
11.432568,0.023605,-0.027664,-0.998337
11.432614,0.023682,-0.026566,-0.996735
11.432651,0.023819,-0.025558,-0.995102
11.441997,0.023987,-0.024704,-0.993500
11.442133,0.024200,-0.024048,-0.991959
11.442165,0.024445,-0.023590,-0.990524
11.442191,0.024719,-0.023346,-0.989258
11.442215,0.025009,-0.023315,-0.988220
11.442248,0.025299,-0.023483,-0.987442
11.442275,0.025574,-0.023849,-0.986908
11.442300,0.025787,-0.024414,-0.986633
11.451736,0.025986,-0.025146,-0.986572
11.451868,0.026138,-0.026031,-0.986694
11.451898,0.026260,-0.027023,-0.986984
11.451923,0.026321,-0.028046,-0.987381
11.451955,0.026337,-0.029053,-0.987869
11.452109,0.026291,-0.029953,-0.988403
11.452154,0.026184,-0.030685,-0.988953
11.452184,0.026001,-0.031189,-0.989471
11.461693,0.025757,-0.031448,-0.989960
11.461831,0.025452,-0.031464,-0.990387
11.461866,0.025146,-0.031235,-0.990784
11.461897,0.024841,-0.030777,-0.991180
11.461938,0.024597,-0.030136,-0.991608
11.461970,0.024429,-0.029327,-0.992050
11.461999,0.024368,-0.028412,-0.992569
11.462035,0.024429,-0.027390,-0.993134
11.471753,0.024597,-0.026352,-0.993774
11.471898,0.024841,-0.025314,-0.994461
11.471931,0.025101,-0.024368,-0.995148
11.471956,0.025345,-0.023560,-0.995834
11.471983,0.025513,-0.022934,-0.996490
11.472008,0.025635,-0.022507,-0.997070
11.472032,0.025696,-0.022278,-0.997543
11.472055,0.025726,-0.022263,-0.997910
11.481762,0.025726,-0.022415,-0.998169
11.482240,0.025696,-0.022690,-0.998322
11.482286,0.025635,-0.023041,-0.998413
11.482315,0.025558,-0.023453,-0.998489
11.482374,0.025467,-0.023880,-0.998550
11.482401,0.025314,-0.024338,-0.998611
11.482425,0.025070,-0.024811,-0.998672
11.482451,0.024750,-0.025299,-0.998703
11.491730,0.024353,-0.025757,-0.998703
11.491888,0.023895,-0.026184,-0.998657
11.491934,0.023407,-0.026550,-0.998581
11.491973,0.022934,-0.026825,-0.998489
11.492010,0.022522,-0.026993,-0.998367
11.492058,0.022217,-0.027039,-0.998230
11.492095,0.022049,-0.026978,-0.998062
11.492133,0.022034,-0.026810,-0.997879
11.501716,0.022171,-0.026581,-0.997681
11.501836,0.022461,-0.026306,-0.997421
11.501866,0.022888,-0.026031,-0.997147
11.501892,0.023422,-0.025772,-0.996826
11.501918,0.024048,-0.025558,-0.996460
11.501942,0.024689,-0.025375,-0.996048
11.501967,0.025269,-0.025208,-0.995575
11.501990,0.025772,-0.025055,-0.995071
11.511658,0.026138,-0.024918,-0.994553
11.511787,0.026382,-0.024811,-0.994064
11.511817,0.026489,-0.024734,-0.993591
11.511844,0.026474,-0.024704,-0.993134
11.511868,0.026382,-0.024750,-0.992722
11.511892,0.026215,-0.024887,-0.992325
11.511957,0.026031,-0.025101,-0.992004
11.511996,0.025818,-0.025406,-0.991791
11.521724,0.025589,-0.025742,-0.991684
11.521863,0.025375,-0.026077,-0.991714
11.521899,0.025162,-0.026352,-0.991867
11.521932,0.024948,-0.026566,-0.992111
11.521963,0.024765,-0.026733,-0.992432
11.521992,0.024582,-0.026840,-0.992798
11.522029,0.024399,-0.026901,-0.993195
11.522125,0.024216,-0.026932,-0.993591
11.533403,0.024033,-0.026962,-0.993973
11.533557,0.023865,-0.027008,-0.994308
11.533601,0.023712,-0.027069,-0.994614
11.533641,0.023605,-0.027115,-0.994873
11.533679,0.023514,-0.027161,-0.995071
11.533717,0.023453,-0.027161,-0.995224
11.533756,0.023422,-0.027130,-0.995285
11.533792,0.023422,-0.027084,-0.995239
11.541654,0.023453,-0.026993,-0.995071
11.541964,0.023499,-0.026901,-0.994812
11.542007,0.023560,-0.026810,-0.994461
11.542044,0.023621,-0.026703,-0.994064
11.542071,0.023712,-0.026596,-0.993622
11.542096,0.023804,-0.026520,-0.993195
11.542120,0.023941,-0.026443,-0.992783
11.542145,0.024124,-0.026398,-0.992416
11.551640,0.024353,-0.026367,-0.992126
11.551749,0.024612,-0.026382,-0.991913
11.551778,0.024872,-0.026443,-0.991776
11.551805,0.025116,-0.026566,-0.991730
11.551831,0.025314,-0.026718,-0.991714
11.551856,0.025467,-0.026917,-0.991745
11.551887,0.025604,-0.027130,-0.991776
11.551916,0.025757,-0.027328,-0.991806
11.561648,0.025894,-0.027481,-0.991821
11.561755,0.026031,-0.027573,-0.991806
11.561785,0.026123,-0.027634,-0.991791
11.561811,0.026123,-0.027664,-0.991745
11.561838,0.026047,-0.027664,-0.991714
11.561863,0.025864,-0.027664,-0.991684
11.561888,0.025620,-0.027679,-0.991669
11.561913,0.025299,-0.027740,-0.991669
11.571619,0.024963,-0.027802,-0.991669
11.571733,0.024643,-0.027863,-0.991684
11.571768,0.024368,-0.027893,-0.991699
11.571800,0.024170,-0.027878,-0.991760
11.571829,0.024048,-0.027802,-0.991837
11.571858,0.024033,-0.027679,-0.991943
11.571949,0.024094,-0.027512,-0.992081
11.571988,0.024216,-0.027328,-0.992218
11.581756,0.024368,-0.027161,-0.992355
11.581914,0.024551,-0.027008,-0.992493
11.581957,0.024719,-0.026871,-0.992630
11.581991,0.024841,-0.026733,-0.992767
11.582020,0.024902,-0.026596,-0.992935
11.582050,0.024918,-0.026474,-0.993134
11.582079,0.024902,-0.026321,-0.993378
11.582107,0.024857,-0.026184,-0.993637
11.591583,0.024811,-0.026047,-0.993927
11.591738,0.024750,-0.025909,-0.994263
11.591783,0.024673,-0.025803,-0.994614
11.591821,0.024582,-0.025711,-0.994919
11.591857,0.024445,-0.025620,-0.995193
11.592219,0.024307,-0.025513,-0.995377
11.592281,0.024185,-0.025375,-0.995499
11.592322,0.024078,-0.025238,-0.995544
11.601602,0.024033,-0.025101,-0.995560
11.601728,0.024017,-0.024948,-0.995560
11.601756,0.024048,-0.024811,-0.995575
11.601789,0.024078,-0.024689,-0.995575
11.601816,0.024078,-0.024582,-0.995575
11.601841,0.024033,-0.024506,-0.995560
11.601866,0.023972,-0.024475,-0.995529
11.601950,0.023895,-0.024475,-0.995514
11.611548,0.023834,-0.024490,-0.995514
11.611645,0.023804,-0.024521,-0.995560
11.611674,0.023788,-0.024567,-0.995651
11.611699,0.023804,-0.024597,-0.995758
11.611732,0.023834,-0.024658,-0.995880
11.611759,0.023865,-0.024765,-0.996002
11.611783,0.023911,-0.024918,-0.996109
11.611808,0.023956,-0.025070,-0.996201
11.621560,0.024033,-0.025223,-0.996262
11.621659,0.024109,-0.025345,-0.996277
11.621690,0.024216,-0.025406,-0.996262
11.621717,0.024353,-0.025452,-0.996201
11.621742,0.024506,-0.025497,-0.996094
11.621768,0.024628,-0.025528,-0.995941
11.621791,0.024734,-0.025558,-0.995758
11.621814,0.024811,-0.025604,-0.995590
11.631564,0.024872,-0.025650,-0.995422
11.631798,0.024902,-0.025742,-0.995285
11.632401,0.024933,-0.025848,-0.995193
11.632453,0.024963,-0.025986,-0.995102
11.632486,0.025009,-0.026123,-0.995026
11.632518,0.025070,-0.026230,-0.994980
11.632547,0.025146,-0.026291,-0.994980
11.632576,0.025192,-0.026291,-0.994995
11.641523,0.025192,-0.026245,-0.995010
11.641616,0.025177,-0.026184,-0.995026
11.641645,0.025085,-0.026108,-0.995026
11.641670,0.024979,-0.026031,-0.995010
11.641697,0.024826,-0.025970,-0.994980
11.641721,0.024673,-0.025925,-0.994934
11.641744,0.024521,-0.025879,-0.994888
11.641767,0.024353,-0.025833,-0.994812
11.651592,0.024216,-0.025787,-0.994690
11.651763,0.024109,-0.025742,-0.994522
11.651790,0.024002,-0.025696,-0.994324
11.651817,0.023911,-0.025696,-0.994095
11.651843,0.023834,-0.025726,-0.993866
11.651940,0.023773,-0.025787,-0.993652
11.651968,0.023727,-0.025879,-0.993454
11.651993,0.023743,-0.026031,-0.993317
11.661509,0.023819,-0.026215,-0.993225
11.661619,0.023972,-0.026413,-0.993195
11.661649,0.024185,-0.026627,-0.993225
11.661674,0.024445,-0.026810,-0.993286
11.661700,0.024704,-0.026993,-0.993408
11.661723,0.024933,-0.027130,-0.993546
11.661747,0.025101,-0.027237,-0.993698
11.661770,0.025192,-0.027313,-0.993805
11.671523,0.025238,-0.027359,-0.993835
11.671659,0.025223,-0.027374,-0.993774
11.671690,0.025177,-0.027390,-0.993607
11.671714,0.025131,-0.027390,-0.993347
11.671744,0.025085,-0.027374,-0.993027
11.671776,0.025070,-0.027374,-0.992661
11.671802,0.025040,-0.027374,-0.992294
11.671826,0.024979,-0.027390,-0.991974
11.681511,0.024902,-0.027466,-0.991730
11.681619,0.024811,-0.027588,-0.991577
11.681649,0.024734,-0.027756,-0.991547
11.681678,0.024689,-0.027939,-0.991623
11.681819,0.024673,-0.028122,-0.991791
11.685416,0.024689,-0.028275,-0.992020
11.685687,0.024734,-0.028397,-0.992294
11.685716,0.024765,-0.028458,-0.992584
11.691767,0.024796,-0.028473,-0.992859
11.691898,0.024811,-0.028442,-0.993134
11.691928,0.024780,-0.028366,-0.993378
11.691955,0.024734,-0.028305,-0.993591
11.691980,0.024673,-0.028229,-0.993790
11.692004,0.024628,-0.028137,-0.993942
11.692035,0.024612,-0.028030,-0.994080
11.692061,0.024597,-0.027908,-0.994202
11.701496,0.024628,-0.027725,-0.994293
11.701610,0.024673,-0.027496,-0.994370
11.701640,0.024734,-0.027222,-0.994461
11.701665,0.024780,-0.026901,-0.994553
11.701690,0.024780,-0.026550,-0.994659
11.701721,0.024750,-0.026093,-0.994476
11.701747,0.024673,-0.025162,-0.992477
11.701772,0.024658,-0.023392,-0.984726
11.711450,0.024765,-0.020874,-0.965881
11.711570,0.024948,-0.018753,-0.932297
11.711600,0.024750,-0.019135,-0.884018
11.711627,0.023529,-0.024307,-0.824219
11.711651,0.021011,-0.035812,-0.758484
11.711677,0.017639,-0.053513,-0.695328
11.711702,0.014572,-0.075150,-0.645325
11.711726,0.013596,-0.096329,-0.617996
11.721472,0.016678,-0.111481,-0.619629
11.721602,0.025421,-0.115631,-0.652725
11.721647,0.040436,-0.106079,-0.715622
11.721686,0.060928,-0.083420,-0.802002
11.721733,0.084671,-0.051300,-0.901566
11.721773,0.108414,-0.015427,-1.002457
11.721810,0.128403,0.017807,-1.094147
11.721858,0.141190,0.042908,-1.168930
11.731472,0.144241,0.056366,-1.222549
11.731628,0.136459,0.057404,-1.254288
11.731734,0.118210,0.047897,-1.266693
11.731777,0.091339,0.031799,-1.264832
11.735543,0.058655,0.013977,-1.255157
11.735782,0.023392,-0.001144,-1.244110
11.735843,-0.011383,-0.010620,-1.236679
11.735878,-0.043259,-0.013596,-1.235443
11.741429,-0.070572,-0.011200,-1.240326
11.741530,-0.092514,-0.005859,-1.249115
11.741561,-0.108963,-0.000504,-1.258301
11.741587,-0.120193,0.002335,-1.264114
11.741611,-0.126633,0.001175,-1.263290
11.741637,-0.128677,-0.004196,-1.253693
11.741661,-0.126556,-0.012863,-1.234573
11.741684,-0.120316,-0.023010,-1.206741
11.751392,-0.109909,-0.032425,-1.172241
11.751468,-0.095337,-0.039047,-1.133896
11.751496,-0.076767,-0.041504,-1.094681
11.751520,-0.054657,-0.039383,-1.057327
11.751544,-0.029785,-0.033401,-1.023804
11.751575,-0.003235,-0.025131,-0.994949
11.751601,0.023712,-0.016663,-0.970627
11.751626,0.049713,-0.010056,-0.950226
11.761418,0.073547,-0.007004,-0.932968
11.761539,0.094177,-0.008423,-0.918030
11.761567,0.110916,-0.014328,-0.904617
11.761601,0.123413,-0.023880,-0.892288
11.761627,0.131592,-0.035645,-0.881088
11.761651,0.135605,-0.047791,-0.871567
11.761712,0.135666,-0.058594,-0.864334
11.761738,0.132111,-0.066666,-0.860001
11.772366,0.125259,-0.071198,-0.858963
11.772849,0.115509,-0.072052,-0.861450
11.772885,0.103287,-0.069580,-0.867340
11.772970,0.089111,-0.064514,-0.876205
11.773034,0.073532,-0.057785,-0.887360
11.773055,0.057129,-0.050323,-0.900070
11.773068,0.040436,-0.043076,-0.913559
11.773133,0.024017,-0.036789,-0.927017
11.781412,0.008362,-0.031998,-0.939651
11.781527,-0.006073,-0.028961,-0.950851
11.781557,-0.018875,-0.027695,-0.960342
11.781582,-0.029633,-0.027939,-0.968124
11.781606,-0.037964,-0.029251,-0.974365
11.781637,-0.043594,-0.031113,-0.979324
11.781663,-0.046280,-0.032944,-0.983475
11.781688,-0.045914,-0.034286,-0.987320
11.792691,-0.042526,-0.034821,-0.991348
11.792842,-0.036316,-0.034409,-0.995865
11.792872,-0.027618,-0.033081,-1.001022
11.792897,-0.016907,-0.030991,-1.006821
11.792924,-0.004761,-0.028412,-1.013092
11.792947,0.008194,-0.025558,-1.019577
11.792972,0.021362,-0.022675,-1.025940
11.792995,0.034103,-0.019958,-1.031830
11.801352,0.045837,-0.017548,-1.036896
11.801427,0.056046,-0.015533,-1.040802
11.801460,0.064255,-0.014023,-1.043228
11.801486,0.070068,-0.013092,-1.043915
11.801510,0.073257,-0.012802,-1.042694
11.801534,0.073715,-0.013229,-1.039597
11.801559,0.071518,-0.014450,-1.034714
11.801582,0.066925,-0.016464,-1.028244
11.811357,0.060303,-0.019211,-1.020447
11.811480,0.052185,-0.022537,-1.011703
11.811508,0.043106,-0.026215,-1.002441
11.811542,0.033691,-0.029938,-0.993073
11.811569,0.024475,-0.033356,-0.983994
11.811594,0.015976,-0.036102,-0.975525
11.811619,0.008636,-0.037903,-0.967896
11.811644,0.002747,-0.038589,-0.961319
11.821408,-0.001495,-0.038101,-0.955902
11.821576,-0.004044,-0.036469,-0.951630
11.821628,-0.004898,-0.033890,-0.948486
11.821657,-0.004211,-0.030670,-0.946411
11.821682,-0.002121,-0.027130,-0.945374
11.821705,0.001099,-0.023605,-0.945267
11.821729,0.005249,-0.020401,-0.945984
11.821762,0.010040,-0.017792,-0.947418
11.831388,0.015228,-0.015930,-0.949463
11.831562,0.020599,-0.014908,-0.952042
11.831610,0.025909,-0.014740,-0.955078
11.831645,0.030991,-0.015366,-0.958466
11.831678,0.035660,-0.016693,-0.962082
11.831732,0.039780,-0.018616,-0.965866
11.831764,0.043182,-0.020966,-0.969742
11.832200,0.045761,-0.023590,-0.973618
11.841376,0.047424,-0.026321,-0.977432
11.841528,0.048126,-0.028992,-0.981171
11.841583,0.047867,-0.031433,-0.984848
11.841624,0.046707,-0.033493,-0.988495
11.841663,0.044739,-0.035004,-0.992188
11.841703,0.042099,-0.035858,-0.995941
11.841739,0.038940,-0.036011,-0.999786
11.841786,0.035431,-0.035431,-1.003723
11.852256,0.031754,-0.034149,-1.007706
11.852432,0.028061,-0.032257,-1.011597
11.852473,0.024506,-0.029861,-1.015305
11.852506,0.021164,-0.027145,-1.018661
11.852530,0.018173,-0.024338,-1.021576
11.852557,0.015564,-0.021652,-1.023911
11.852581,0.013382,-0.019257,-1.025528
11.852604,0.011642,-0.017365,-1.026352
11.861315,0.010361,-0.016068,-1.026337
11.861412,0.009491,-0.015442,-1.025543
11.861442,0.009033,-0.015488,-1.024002
11.861468,0.008987,-0.016129,-1.021835
11.861493,0.009338,-0.017288,-1.019196
11.861518,0.010056,-0.018799,-1.016281
11.861541,0.011169,-0.020538,-1.013229
11.861565,0.012619,-0.022369,-1.010178
11.871309,0.014359,-0.024155,-1.007202
11.871411,0.016327,-0.025833,-1.004395
11.871439,0.018448,-0.027344,-1.001801
11.871464,0.020645,-0.028687,-0.999435
11.871488,0.022827,-0.029831,-0.997299
11.871514,0.024948,-0.030777,-0.995392
11.871540,0.026947,-0.031494,-0.993729
11.871563,0.028778,-0.031967,-0.992264
11.881277,0.030411,-0.032135,-0.990967
11.881982,0.031815,-0.031998,-0.989853
11.882062,0.032990,-0.031586,-0.988876
11.882095,0.033890,-0.030914,-0.988007
11.882119,0.034500,-0.030045,-0.987213
11.882144,0.034775,-0.029053,-0.986435
11.882168,0.034698,-0.028000,-0.985626
11.882194,0.034271,-0.026962,-0.984741
11.891253,0.033508,-0.026001,-0.983780
11.891395,0.032486,-0.025192,-0.982758
11.891426,0.031204,-0.024536,-0.981689
11.891451,0.029755,-0.024063,-0.980652
11.891479,0.028198,-0.023743,-0.979691
11.891591,0.026596,-0.023560,-0.978897
11.891618,0.025009,-0.023499,-0.978317
11.891809,0.023499,-0.023544,-0.978012
11.901328,0.022141,-0.023682,-0.978027
11.901535,0.020981,-0.023895,-0.978439
11.901591,0.020050,-0.024200,-0.979233
11.901634,0.019409,-0.024582,-0.980438
11.901673,0.019043,-0.025040,-0.982010
11.901712,0.018967,-0.025558,-0.983902
11.901749,0.019119,-0.026123,-0.986053
11.901788,0.019470,-0.026718,-0.988419
11.911279,0.019974,-0.027359,-0.990875
11.911469,0.020554,-0.028046,-0.993378
11.911507,0.021164,-0.028763,-0.995789
11.911539,0.021790,-0.029465,-0.998047
11.911570,0.022400,-0.030136,-1.000031
11.911599,0.022964,-0.030701,-1.001678
11.911627,0.023483,-0.031113,-1.002914
11.911665,0.023926,-0.031326,-1.003723
11.921250,0.024277,-0.031342,-1.004120
11.921357,0.024536,-0.031143,-1.004105
11.921385,0.024689,-0.030701,-1.003769
11.921410,0.024734,-0.030090,-1.003143
11.921434,0.024719,-0.029312,-1.002304
11.921457,0.024658,-0.028427,-1.001312
11.921484,0.024612,-0.027481,-1.000168
11.921508,0.024612,-0.026505,-0.998917
11.931639,0.024673,-0.025558,-0.997559
11.931894,0.024796,-0.024673,-0.996140
11.931943,0.024963,-0.023895,-0.994705
11.931981,0.025162,-0.023270,-0.993301
11.932029,0.025360,-0.022827,-0.991959
11.932068,0.025543,-0.022614,-0.990723
11.932107,0.025681,-0.022659,-0.989624
11.932144,0.025787,-0.022980,-0.988693
11.941233,0.025848,-0.023575,-0.987900
11.941362,0.025894,-0.024368,-0.987228
11.941394,0.025909,-0.025314,-0.986679
11.941421,0.025909,-0.026398,-0.986206
11.941445,0.025894,-0.027542,-0.985809
11.941469,0.025833,-0.028687,-0.985489
11.941501,0.025711,-0.029755,-0.985291
11.941527,0.025513,-0.030731,-0.985199
11.951262,0.025208,-0.031570,-0.985260
11.951382,0.024796,-0.032242,-0.985458
11.951411,0.024307,-0.032730,-0.985779
11.951436,0.023788,-0.032990,-0.986252
11.951470,0.023270,-0.032990,-0.986862
11.951496,0.022827,-0.032715,-0.987610
11.951534,0.022507,-0.032135,-0.988510
11.951625,0.022308,-0.031265,-0.989563
11.961209,0.022278,-0.030136,-0.990768
11.961324,0.022415,-0.028809,-0.992126
11.961353,0.022690,-0.027344,-0.993622
11.961381,0.023132,-0.025818,-0.995193
11.961405,0.023697,-0.024307,-0.996826
11.961429,0.024368,-0.022919,-0.998413
11.961453,0.025101,-0.021713,-0.999878
11.961476,0.025803,-0.020782,-1.001175
11.971222,0.026413,-0.020157,-1.002197
11.971329,0.026886,-0.019882,-1.002930
11.971359,0.027176,-0.019943,-1.003326
11.971386,0.027298,-0.020309,-1.003433
11.971411,0.027283,-0.020920,-1.003265
11.971436,0.027130,-0.021713,-1.002884
11.971460,0.026871,-0.022598,-1.002350
11.971491,0.026505,-0.023499,-1.001740
11.981206,0.026031,-0.024323,-1.001099
11.981342,0.025482,-0.025024,-1.000473
11.981372,0.024872,-0.025574,-0.999924
11.981399,0.024200,-0.025940,-0.999420
11.981424,0.023483,-0.026169,-0.998978
11.981448,0.022781,-0.026276,-0.998550
11.981472,0.022110,-0.026291,-0.998123
11.981497,0.021515,-0.026245,-0.997696
11.991173,0.021057,-0.026169,-0.997253
11.991327,0.020767,-0.026093,-0.996811
11.991372,0.020660,-0.026016,-0.996353
11.991411,0.020752,-0.025925,-0.995911
11.991459,0.021072,-0.025803,-0.995514
11.991497,0.021576,-0.025665,-0.995163
11.991544,0.022217,-0.025482,-0.994888
11.991582,0.022964,-0.025284,-0.994659
12.001293,0.023773,-0.025101,-0.994461
12.001451,0.024597,-0.024933,-0.994278
12.001484,0.025391,-0.024826,-0.994095
12.001509,0.026093,-0.024765,-0.993881
12.001536,0.026657,-0.024765,-0.993637
12.001561,0.027023,-0.024857,-0.993393
12.001586,0.027206,-0.025024,-0.993134
12.001612,0.027206,-0.025253,-0.992905
12.011147,0.027054,-0.025543,-0.992722
12.011262,0.026764,-0.025894,-0.992584
12.011298,0.026398,-0.026230,-0.992508
12.011329,0.026001,-0.026566,-0.992523
12.011360,0.025604,-0.026840,-0.992599
12.011389,0.025238,-0.027084,-0.992737
12.011460,0.024918,-0.027283,-0.992889
12.011492,0.024643,-0.027435,-0.993057
12.022083,0.024399,-0.027542,-0.993210
12.022249,0.024170,-0.027603,-0.993347
12.022312,0.023956,-0.027634,-0.993469
12.022327,0.023743,-0.027649,-0.993591
12.022339,0.023514,-0.027649,-0.993729
12.022352,0.023300,-0.027634,-0.993881
12.022362,0.023117,-0.027634,-0.994095
12.022373,0.022980,-0.027618,-0.994324
12.031239,0.022934,-0.027649,-0.994583
12.031352,0.022964,-0.027695,-0.994843
12.031404,0.023102,-0.027771,-0.995056
12.031433,0.023331,-0.027847,-0.995209
12.031459,0.023621,-0.027878,-0.995255
12.031483,0.023941,-0.027878,-0.995193
12.031509,0.024261,-0.027802,-0.995041
12.031532,0.024551,-0.027710,-0.994766
12.041119,0.024811,-0.027588,-0.994400
12.041252,0.025040,-0.027466,-0.993958
12.041283,0.025208,-0.027359,-0.993469
12.041309,0.025330,-0.027313,-0.992966
12.041334,0.025436,-0.027283,-0.992508
12.041358,0.025574,-0.027298,-0.992081
12.041383,0.025757,-0.027344,-0.991714
12.041407,0.025955,-0.027390,-0.991394
12.051136,0.026169,-0.027451,-0.991150
12.051271,0.026382,-0.027496,-0.990936
12.051299,0.026581,-0.027527,-0.990768
12.051324,0.026749,-0.027557,-0.990570
12.051347,0.026855,-0.027573,-0.990356
12.051421,0.026886,-0.027542,-0.990143
12.051448,0.026840,-0.027481,-0.989914
12.051474,0.026733,-0.027405,-0.989700
12.061113,0.026566,-0.027283,-0.989532
12.061255,0.026382,-0.027176,-0.989426
12.061287,0.026184,-0.027069,-0.989380
12.061341,0.025986,-0.026993,-0.989395
12.061367,0.025757,-0.026962,-0.989471
12.061394,0.025528,-0.026978,-0.989609
12.061561,0.025299,-0.027039,-0.989761
12.061610,0.025055,-0.027130,-0.989960
12.071372,0.024811,-0.027237,-0.990204
12.071504,0.024551,-0.027298,-0.990509
12.071535,0.024307,-0.027313,-0.990875
12.071562,0.024063,-0.027267,-0.991333
12.071587,0.023849,-0.027161,-0.991867
12.071611,0.023682,-0.027008,-0.992447
12.071643,0.023544,-0.026840,-0.993057
12.071669,0.023468,-0.026657,-0.993668
12.081111,0.023407,-0.026489,-0.994232
12.081342,0.023422,-0.026352,-0.994751
12.081381,0.023483,-0.026245,-0.995209
12.081751,0.023636,-0.026169,-0.995605
12.081778,0.023834,-0.026108,-0.995956
12.081805,0.024109,-0.026047,-0.996246
12.081853,0.024414,-0.025955,-0.996521
12.081881,0.024704,-0.025848,-0.996765
12.091092,0.024979,-0.025696,-0.996979
12.091275,0.025208,-0.025543,-0.997162
12.091307,0.025360,-0.025406,-0.997314
12.091332,0.025421,-0.025299,-0.997421
12.091357,0.025391,-0.025223,-0.997513
12.091389,0.025314,-0.025162,-0.997559
12.091415,0.025208,-0.025162,-0.997589
12.091440,0.025070,-0.025208,-0.997604
12.101271,0.024979,-0.025284,-0.997589
12.101395,0.024902,-0.025360,-0.997559
12.101426,0.024857,-0.025421,-0.997513
12.101451,0.024811,-0.025436,-0.997421
12.101476,0.024734,-0.025421,-0.997299
12.101501,0.024612,-0.025375,-0.997147
12.101527,0.024475,-0.025330,-0.996964
12.101551,0.024292,-0.025269,-0.996780
12.111077,0.024094,-0.025223,-0.996628
12.111197,0.023895,-0.025192,-0.996506
12.111228,0.023727,-0.025162,-0.996414
12.111254,0.023605,-0.025146,-0.996384
12.111279,0.023529,-0.025146,-0.996368
12.111302,0.023514,-0.025162,-0.996368
12.111326,0.023529,-0.025208,-0.996353
12.111350,0.023575,-0.025284,-0.996323
12.121052,0.023651,-0.025391,-0.996246
12.121192,0.023758,-0.025543,-0.996155
12.121224,0.023895,-0.025696,-0.996063
12.121250,0.024063,-0.025848,-0.995987
12.121287,0.024261,-0.025986,-0.995911
12.121313,0.024475,-0.026062,-0.995834
12.121338,0.024673,-0.026093,-0.995743
12.121364,0.024841,-0.026093,-0.995605
12.131037,0.024933,-0.026093,-0.995438
12.131146,0.024948,-0.026093,-0.995255
12.131176,0.024872,-0.026123,-0.995102
12.131202,0.024689,-0.026169,-0.994995
12.131226,0.024460,-0.026215,-0.994949
12.131257,0.024246,-0.026260,-0.994995
12.131286,0.024078,-0.026306,-0.995117
12.131311,0.023972,-0.026367,-0.995300
12.141051,0.023926,-0.026428,-0.995499
12.141194,0.023911,-0.026474,-0.995682
12.141241,0.023926,-0.026489,-0.995804
12.141288,0.023926,-0.026489,-0.995850
12.141329,0.023926,-0.026474,-0.995804
12.141366,0.023926,-0.026443,-0.995682
12.141412,0.023956,-0.026398,-0.995468
12.141451,0.024033,-0.026337,-0.995224
12.151310,0.024109,-0.026276,-0.994949
12.151435,0.024231,-0.026215,-0.994629
12.151466,0.024338,-0.026169,-0.994278
12.151492,0.024429,-0.026138,-0.993881
12.151518,0.024490,-0.026138,-0.993469
12.151542,0.024521,-0.026184,-0.993073
12.151565,0.024521,-0.026291,-0.992691
12.151750,0.024506,-0.026489,-0.992371
12.161679,0.024490,-0.026749,-0.992096
12.161795,0.024460,-0.027054,-0.991852
12.161825,0.024460,-0.027374,-0.991653
12.161969,0.024475,-0.027664,-0.991470
12.162009,0.024536,-0.027893,-0.991348
12.162036,0.024643,-0.028030,-0.991257
12.162071,0.024796,-0.028091,-0.991180
12.162097,0.025009,-0.028091,-0.991135
12.171006,0.025269,-0.028061,-0.991074
12.171148,0.025528,-0.028015,-0.991028
12.171180,0.025803,-0.027969,-0.990997
12.171206,0.026047,-0.027924,-0.990997
12.171231,0.026276,-0.027847,-0.991043
12.171254,0.026520,-0.027740,-0.991089
12.171286,0.026733,-0.027573,-0.991165
12.171313,0.026947,-0.027359,-0.991257
12.180996,0.027100,-0.027100,-0.991364
12.181883,0.027191,-0.026840,-0.991470
12.181948,0.027222,-0.026596,-0.991608
12.182016,0.027191,-0.026413,-0.991699
12.182049,0.027084,-0.026306,-0.991760
12.182086,0.026871,-0.026306,-0.991760
12.182176,0.026550,-0.026398,-0.991714
12.182201,0.026154,-0.026566,-0.991638
12.191076,0.025696,-0.026764,-0.991547
12.191194,0.025223,-0.026993,-0.991440
12.191232,0.024765,-0.027222,-0.991379
12.191258,0.024384,-0.027420,-0.991364
12.191284,0.024063,-0.027588,-0.991440
12.191309,0.023849,-0.027695,-0.991577
12.191333,0.023743,-0.027664,-0.991409
12.191357,0.023788,-0.027206,-0.988571
12.200957,0.024170,-0.025955,-0.977432
12.201056,0.025162,-0.024033,-0.950699
12.201087,0.026855,-0.022537,-0.903091
12.201114,0.028839,-0.023758,-0.834061
12.201138,0.030182,-0.030579,-0.747849
12.201163,0.029968,-0.045273,-0.652771
12.201188,0.027679,-0.068314,-0.561401
12.201212,0.023453,-0.097488,-0.489075
12.210922,0.018478,-0.127579,-0.450211
12.211049,0.015076,-0.151138,-0.454788
12.211086,0.016174,-0.160599,-0.506897
12.211113,0.024384,-0.150864,-0.603836
12.211138,0.041107,-0.121033,-0.735825
12.211162,0.065933,-0.074783,-0.887100
12.211188,0.096558,-0.019394,-1.039246
12.211212,0.128967,0.035706,-1.175171
12.220939,0.158051,0.081131,-1.282013
12.221042,0.178680,0.109299,-1.352692
12.221073,0.186707,0.116180,-1.386383
12.221100,0.179749,0.102127,-1.388016
12.221124,0.157776,0.071884,-1.366989
12.221150,0.123001,0.033356,-1.335403
12.221174,0.079468,-0.004272,-1.305511
12.221197,0.032120,-0.032791,-1.287277
12.230942,-0.014084,-0.046722,-1.286285
12.231057,-0.055176,-0.044479,-1.302963
12.231086,-0.088730,-0.028290,-1.333099
12.231112,-0.114044,-0.003464,-1.369080
12.231146,-0.131943,0.023193,-1.401703
12.231172,-0.144104,0.045044,-1.421936
12.231195,-0.152466,0.057022,-1.422745
12.231226,-0.158417,0.056641,-1.400330
12.240927,-0.162476,0.044312,-1.354614
12.241058,-0.164200,0.022964,-1.289124
12.241095,-0.162430,-0.002808,-1.210190
12.241126,-0.155762,-0.028000,-1.125824
12.241166,-0.142929,-0.048325,-1.044144
12.241197,-0.123337,-0.061157,-0.972031
12.241227,-0.097214,-0.065857,-0.913956
12.241258,-0.065674,-0.063690,-0.871735
12.251162,-0.030502,-0.057205,-0.844894
12.251524,0.006149,-0.049408,-0.831314
12.251567,0.042191,-0.043015,-0.827759
12.251616,0.075745,-0.039856,-0.830627
12.251643,0.105347,-0.040649,-0.836639
12.251691,0.130066,-0.045059,-0.843445
12.251723,0.149399,-0.051865,-0.849808
12.251749,0.163254,-0.059357,-0.855347
12.260895,0.171722,-0.065735,-0.860382
12.260998,0.175095,-0.069580,-0.865646
12.261025,0.173691,-0.070099,-0.871994
12.261050,0.167862,-0.067276,-0.880005
12.261083,0.157944,-0.061768,-0.889771
12.261109,0.144302,-0.054718,-0.900940
12.261172,0.127365,-0.047562,-0.912903
12.261256,0.107635,-0.041550,-0.924881
12.271316,0.085724,-0.037643,-0.935944
12.271424,0.062347,-0.036346,-0.945190
12.271572,0.038284,-0.037643,-0.951965
12.271606,0.014404,-0.041122,-0.956024
12.271620,-0.008392,-0.045990,-0.957474
12.271633,-0.029297,-0.051224,-0.956726
12.271645,-0.047501,-0.055801,-0.954391
12.271656,-0.062271,-0.058746,-0.951294
12.280923,-0.073044,-0.059372,-0.948380
12.280992,-0.079346,-0.057266,-0.946533
12.281007,-0.080902,-0.052460,-0.946472
12.281019,-0.077698,-0.045319,-0.948685
12.281029,-0.069916,-0.036545,-0.953476
12.281039,-0.058014,-0.026932,-0.960861
12.281049,-0.042664,-0.017349,-0.970627
12.281058,-0.024719,-0.008575,-0.982269
12.290988,-0.005112,-0.001236,-0.995132
12.291121,0.015060,0.004242,-1.008408
12.291157,0.034821,0.007614,-1.021255
12.291190,0.053131,0.008820,-1.032761
12.291221,0.069122,0.007919,-1.042068
12.291252,0.082016,0.005112,-1.048492
12.291282,0.091324,0.000641,-1.051590
12.291312,0.096710,-0.005188,-1.051208
12.300894,0.098160,-0.012054,-1.047409
12.301036,0.095886,-0.019547,-1.040527
12.301067,0.090256,-0.027252,-1.031067
12.301096,0.081879,-0.034698,-1.019760
12.301121,0.071396,-0.041397,-1.007385
12.301145,0.059586,-0.046890,-0.994720
12.301169,0.047180,-0.050720,-0.982483
12.301201,0.034866,-0.052628,-0.971313
12.310838,0.023285,-0.052429,-0.961624
12.310972,0.012909,-0.050186,-0.953690
12.311002,0.004135,-0.046097,-0.947617
12.311029,-0.002762,-0.040573,-0.943359
12.311054,-0.007721,-0.034103,-0.940826
12.311080,-0.010742,-0.027267,-0.939835
12.311106,-0.011948,-0.020645,-0.940170
12.311129,-0.011505,-0.014740,-0.941650
12.320841,-0.009628,-0.009949,-0.944107
12.320968,-0.006516,-0.006546,-0.947433
12.320997,-0.002396,-0.004639,-0.951569
12.321021,0.002518,-0.004242,-0.956406
12.321269,0.008057,-0.005203,-0.961823
12.321302,0.013977,-0.007355,-0.967697
12.321473,0.020065,-0.010391,-0.973831
12.321502,0.026093,-0.014038,-0.980042
12.330840,0.031845,-0.018021,-0.986099
12.330953,0.037079,-0.022095,-0.991730
12.330984,0.041611,-0.026031,-0.996750
12.331010,0.045227,-0.029663,-1.001068
12.331036,0.047791,-0.032806,-1.004669
12.331062,0.049225,-0.035370,-1.007568
12.331086,0.049454,-0.037216,-1.009888
12.331109,0.048553,-0.038269,-1.011734
12.340805,0.046631,-0.038437,-1.013260
12.340975,0.043854,-0.037704,-1.014618
12.341006,0.040436,-0.036072,-1.015854
12.341033,0.036560,-0.033676,-1.017044
12.341059,0.032455,-0.030670,-1.018143
12.341083,0.028351,-0.027313,-1.019073
12.341116,0.024414,-0.023880,-1.019745
12.341140,0.020737,-0.020676,-1.020035
12.351071,0.017456,-0.017975,-1.019897
12.351200,0.014603,-0.015991,-1.019287
12.351229,0.012222,-0.014801,-1.018234
12.351255,0.010345,-0.014435,-1.016769
12.351289,0.009018,-0.014771,-1.014969
12.351317,0.008270,-0.015671,-1.012970
12.351341,0.008087,-0.016968,-1.010895
12.351367,0.008484,-0.018478,-1.008835
12.360787,0.009399,-0.020081,-1.006897
12.360904,0.010788,-0.021637,-1.005081
12.360936,0.012573,-0.023102,-1.003418
12.360962,0.014664,-0.024445,-1.001862
12.360995,0.016937,-0.025681,-1.000397
12.361021,0.019302,-0.026825,-0.998947
12.361044,0.021683,-0.027893,-0.997513
12.361068,0.024002,-0.028900,-0.996048
12.370783,0.026169,-0.029877,-0.994568
12.370892,0.028122,-0.030762,-0.993088
12.370921,0.029770,-0.031555,-0.991653
12.370954,0.031067,-0.032196,-0.990265
12.370982,0.031998,-0.032654,-0.988983
12.371008,0.032562,-0.032883,-0.987839
12.371033,0.032776,-0.032867,-0.986832
12.371057,0.032730,-0.032593,-0.985962
12.380806,0.032455,-0.032074,-0.985245
12.380939,0.032043,-0.031326,-0.984695
12.380975,0.031525,-0.030396,-0.984299
12.381003,0.030930,-0.029343,-0.984009
12.381028,0.030304,-0.028214,-0.983826
12.381053,0.029648,-0.027054,-0.983749
12.381077,0.028931,-0.025925,-0.983749
12.381102,0.028183,-0.024872,-0.983841
12.390772,0.027420,-0.023926,-0.984039
12.390897,0.026657,-0.023117,-0.984329
12.390928,0.025925,-0.022491,-0.984711
12.390953,0.025223,-0.022049,-0.985214
12.390977,0.024597,-0.021805,-0.985809
12.391000,0.024033,-0.021774,-0.986496
12.391024,0.023544,-0.021988,-0.987259
12.391050,0.023102,-0.022507,-0.988083
12.400768,0.022675,-0.023346,-0.988922
12.401021,0.022263,-0.024490,-0.989761
12.401092,0.021851,-0.025925,-0.990555
12.401135,0.021454,-0.027588,-0.991287
12.401169,0.021088,-0.029373,-0.991928
12.401199,0.020782,-0.031174,-0.992447
12.401229,0.020538,-0.032867,-0.992859
12.401266,0.020370,-0.034332,-0.993164
12.410792,0.020294,-0.035492,-0.993393
12.410958,0.020279,-0.036285,-0.993591
12.411162,0.020370,-0.036652,-0.993759
12.411207,0.020584,-0.036591,-0.993896
12.411242,0.020966,-0.036148,-0.994019
12.411276,0.021545,-0.035355,-0.994110
12.411305,0.022293,-0.034271,-0.994171
12.411343,0.023193,-0.032944,-0.994171
12.420740,0.024185,-0.031479,-0.994110
12.420838,0.025223,-0.029892,-0.993973
12.420868,0.026230,-0.028290,-0.993744
12.420894,0.027145,-0.026733,-0.993423
12.420918,0.027924,-0.025299,-0.993042
12.420941,0.028534,-0.024063,-0.992599
12.420973,0.028931,-0.023087,-0.992111
12.420999,0.029144,-0.022400,-0.991608
12.430747,0.029190,-0.022049,-0.991058
12.430869,0.029083,-0.022018,-0.990433
12.430901,0.028809,-0.022293,-0.989731
12.430927,0.028381,-0.022858,-0.988983
12.430952,0.027802,-0.023682,-0.988205
12.430989,0.027100,-0.024719,-0.987427
12.431032,0.026291,-0.025909,-0.986710
12.431074,0.025421,-0.027176,-0.986115
12.440710,0.024551,-0.028458,-0.985687
12.440841,0.023712,-0.029709,-0.985458
12.440869,0.022980,-0.030853,-0.985443
12.440894,0.022369,-0.031815,-0.985672
12.440929,0.021927,-0.032516,-0.986145
12.440955,0.021652,-0.032898,-0.986877
12.440978,0.021561,-0.032913,-0.987885
12.441005,0.021652,-0.032547,-0.989120
12.450850,0.021881,-0.031830,-0.990585
12.451335,0.022263,-0.030823,-0.992188
12.451368,0.022720,-0.029633,-0.993896
12.451395,0.023224,-0.028336,-0.995636
12.451526,0.023712,-0.027023,-0.997345
12.451569,0.024185,-0.025803,-0.998993
12.451618,0.024628,-0.024689,-1.000534
12.451646,0.025009,-0.023727,-1.001923
12.460677,0.025314,-0.022919,-1.003113
12.460808,0.025558,-0.022247,-1.004059
12.460843,0.025711,-0.021759,-1.004761
12.460880,0.025742,-0.021454,-1.005203
12.460914,0.025696,-0.021317,-1.005386
12.460944,0.025574,-0.021362,-1.005325
12.460975,0.025391,-0.021545,-1.005066
12.461003,0.025177,-0.021820,-1.004639
12.470677,0.024963,-0.022171,-1.004059
12.470773,0.024734,-0.022552,-1.003387
12.470801,0.024506,-0.022964,-1.002670
12.470826,0.024231,-0.023361,-1.001923
12.470849,0.023941,-0.023727,-1.001175
12.470881,0.023621,-0.024033,-1.000443
12.470907,0.023300,-0.024292,-0.999725
12.470931,0.023026,-0.024475,-0.999100
12.480753,0.022827,-0.024643,-0.998550
12.480881,0.022736,-0.024750,-0.998077
12.480912,0.022720,-0.024841,-0.997696
12.480937,0.022812,-0.024857,-0.997375
12.480962,0.022964,-0.024811,-0.997116
12.480996,0.023163,-0.024719,-0.996887
12.481022,0.023392,-0.024567,-0.996674
12.481046,0.023621,-0.024399,-0.996460
12.490672,0.023834,-0.024261,-0.996216
12.490801,0.024033,-0.024124,-0.995941
12.490832,0.024155,-0.024033,-0.995636
12.490858,0.024200,-0.023956,-0.995285
12.490882,0.024155,-0.023926,-0.994904
12.490907,0.024048,-0.023926,-0.994553
12.490939,0.023895,-0.023956,-0.994202
12.490966,0.023712,-0.024033,-0.993912
12.500718,0.023560,-0.024155,-0.993698
12.501075,0.023453,-0.024307,-0.993561
12.501110,0.023422,-0.024490,-0.993530
12.501146,0.023468,-0.024719,-0.993607
12.501173,0.023605,-0.024979,-0.993774
12.501197,0.023834,-0.025269,-0.994003
12.501223,0.024124,-0.025589,-0.994263
12.501355,0.024429,-0.025909,-0.994522
12.510614,0.024765,-0.026215,-0.994751
12.510751,0.025070,-0.026459,-0.994934
12.510780,0.025345,-0.026657,-0.995041
12.510808,0.025574,-0.026779,-0.995087
12.510832,0.025726,-0.026871,-0.995056
12.510856,0.025803,-0.026962,-0.994965
12.510924,0.025787,-0.027069,-0.994843
12.510964,0.025681,-0.027237,-0.994675
12.521456,0.025467,-0.027451,-0.994492
12.521787,0.025177,-0.027710,-0.994308
12.521820,0.024826,-0.027985,-0.994141
12.521846,0.024414,-0.028259,-0.993973
12.521871,0.023926,-0.028534,-0.993851
12.521902,0.023438,-0.028763,-0.993729
12.521936,0.022934,-0.028946,-0.993622
12.521962,0.022491,-0.029083,-0.993484
12.530639,0.022110,-0.029144,-0.993301
12.530786,0.021820,-0.029129,-0.993057
12.530835,0.021652,-0.029068,-0.992752
12.530877,0.021622,-0.028946,-0.992401
12.530914,0.021729,-0.028778,-0.991989
12.530961,0.021973,-0.028610,-0.991577
12.531000,0.022308,-0.028427,-0.991180
12.531046,0.022736,-0.028244,-0.990784
12.540633,0.023193,-0.028091,-0.990402
12.540753,0.023697,-0.027969,-0.990036
12.540790,0.024216,-0.027893,-0.989716
12.540818,0.024704,-0.027863,-0.989410
12.540844,0.025162,-0.027908,-0.989166
12.540869,0.025558,-0.028000,-0.988937
12.540895,0.025909,-0.028122,-0.988739
12.540919,0.026199,-0.028229,-0.988571
12.550965,0.026413,-0.028320,-0.988480
12.551103,0.026581,-0.028351,-0.988449
12.551140,0.026718,-0.028351,-0.988510
12.551171,0.026794,-0.028305,-0.988617
12.551200,0.026810,-0.028229,-0.988785
12.551231,0.026733,-0.028107,-0.988983
12.551261,0.026550,-0.027969,-0.989166
12.551290,0.026260,-0.027847,-0.989349
12.560576,0.025864,-0.027756,-0.989532
12.560698,0.025421,-0.027664,-0.989716
12.560729,0.024948,-0.027618,-0.989883
12.560754,0.024490,-0.027573,-0.990051
12.560778,0.024078,-0.027557,-0.990234
12.560803,0.023712,-0.027542,-0.990433
12.560829,0.023407,-0.027557,-0.990662
12.560854,0.023193,-0.027573,-0.990982
12.570583,0.023056,-0.027588,-0.991409
12.570713,0.023026,-0.027603,-0.991913
12.570742,0.023102,-0.027557,-0.992493
12.570767,0.023270,-0.027466,-0.993149
12.570791,0.023514,-0.027298,-0.993881
12.570823,0.023834,-0.027069,-0.994644
12.570848,0.024170,-0.026794,-0.995468
12.570871,0.024490,-0.026535,-0.996292
12.580610,0.024796,-0.026306,-0.997116
12.580726,0.025040,-0.026123,-0.997910
12.580762,0.025208,-0.025986,-0.998642
12.580790,0.025345,-0.025879,-0.999268
12.580814,0.025421,-0.025803,-0.999771
12.580845,0.025452,-0.025696,-1.000122
12.580871,0.025467,-0.025574,-1.000320
12.580896,0.025421,-0.025421,-1.000397
12.590571,0.025345,-0.025238,-1.000336
12.590704,0.025208,-0.025040,-1.000183
12.590735,0.025040,-0.024857,-0.999939
12.590761,0.024811,-0.024689,-0.999664
12.590785,0.024551,-0.024567,-0.999374
12.590809,0.024277,-0.024475,-0.999069
12.590842,0.024033,-0.024460,-0.998779
12.590867,0.023819,-0.024490,-0.998459
12.600589,0.023651,-0.024597,-0.998154
12.601243,0.023499,-0.024765,-0.997864
12.601296,0.023361,-0.024994,-0.997635
12.601330,0.023254,-0.025238,-0.997467
12.601362,0.023148,-0.025482,-0.997360
12.601391,0.023071,-0.025696,-0.997284
12.601420,0.023026,-0.025848,-0.997284
12.601448,0.023041,-0.025955,-0.997330
12.610496,0.023087,-0.026001,-0.997421
12.610616,0.023209,-0.025955,-0.997513
12.610646,0.023407,-0.025818,-0.997635
12.610673,0.023621,-0.025635,-0.997757
12.610698,0.023880,-0.025391,-0.997879
12.610722,0.024139,-0.025101,-0.998001
12.610746,0.024414,-0.024796,-0.998093
12.610770,0.024658,-0.024521,-0.998138
12.620509,0.024872,-0.024323,-0.998123
12.620610,0.025070,-0.024216,-0.998047
12.620640,0.025253,-0.024216,-0.997925
12.620667,0.025421,-0.024292,-0.997726
12.620692,0.025574,-0.024475,-0.997498
12.620718,0.025696,-0.024704,-0.997253
12.620741,0.025818,-0.024948,-0.996994
12.620765,0.025894,-0.025177,-0.996735
12.630520,0.025909,-0.025375,-0.996460
12.630641,0.025879,-0.025558,-0.996155
12.630675,0.025772,-0.025726,-0.995865
12.630707,0.025635,-0.025879,-0.995544
12.630739,0.025497,-0.026016,-0.995224
12.630770,0.025375,-0.026169,-0.994873
12.631143,0.025284,-0.026306,-0.994492
12.631210,0.025208,-0.026413,-0.994095
12.640659,0.025162,-0.026459,-0.993652
12.640838,0.025131,-0.026459,-0.993210
12.640873,0.025101,-0.026382,-0.992737
12.640904,0.025070,-0.026215,-0.992279
12.640935,0.025040,-0.025787,-0.991608
12.640966,0.025085,-0.024582,-0.989151
12.640995,0.025513,-0.022049,-0.980179
12.641025,0.026733,-0.018234,-0.957764
12.650530,0.028900,-0.014511,-0.917419
12.650641,0.030975,-0.013718,-0.860703
12.650679,0.030975,-0.019211,-0.793793
12.650707,0.027130,-0.033249,-0.724258
12.650732,0.019043,-0.055557,-0.659775
12.650933,0.008087,-0.082932,-0.608963
12.651006,-0.002960,-0.109833,-0.580414
12.651234,-0.010590,-0.129684,-0.579880
12.660492,-0.011276,-0.136993,-0.609268
12.660621,-0.002579,-0.129181,-0.667191
12.660659,0.016083,-0.107483,-0.748764
12.660686,0.043320,-0.076080,-0.845184
12.660711,0.075943,-0.040634,-0.945282
12.660738,0.109756,-0.006805,-1.039139
12.660762,0.140411,0.020721,-1.120270
12.660786,0.164062,0.038910,-1.185181
12.670516,0.177872,0.046555,-1.232361
12.670621,0.180206,0.044434,-1.262070
12.670655,0.170715,0.035156,-1.277023
12.670685,0.150360,0.022537,-1.282425
12.670714,0.121048,0.010696,-1.284485
12.670745,0.085342,0.002823,-1.288498
12.670774,0.045959,0.000488,-1.297348
12.670802,0.005478,0.003479,-1.311188
12.680483,-0.033737,0.010178,-1.327988
12.680597,-0.069977,0.018250,-1.344147
12.680634,-0.102020,0.025253,-1.355270
12.680665,-0.129272,0.029114,-1.357193
12.680697,-0.151535,0.028397,-1.346771
12.680727,-0.168732,0.022400,-1.322189
12.680755,-0.180771,0.011459,-1.283173
12.680784,-0.187363,-0.003128,-1.231323
12.690825,-0.188080,-0.019302,-1.170212
12.691011,-0.182358,-0.034576,-1.104752
12.691058,-0.169769,-0.046814,-1.040268
12.691100,-0.150162,-0.054611,-0.981461
12.691137,-0.123886,-0.057648,-0.931717
12.691174,-0.091888,-0.056549,-0.892868
12.691220,-0.055603,-0.052750,-0.865494
12.691260,-0.016846,-0.047913,-0.849091
12.700474,0.022476,-0.043594,-0.842285
12.700857,0.060562,-0.040955,-0.843048
12.700892,0.095795,-0.040558,-0.849152
12.700920,0.126907,-0.042389,-0.858643
12.700946,0.152969,-0.045837,-0.870087
12.700972,0.173325,-0.049927,-0.882553
12.700997,0.187637,-0.053589,-0.895523
12.701021,0.195724,-0.055939,-0.908813
12.710421,0.197632,-0.056549,-0.922394
12.710544,0.193604,-0.055450,-0.936020
12.710574,0.184006,-0.053070,-0.949249
12.710610,0.169403,-0.050110,-0.961502
12.710636,0.150452,-0.047363,-0.972275
12.710660,0.127914,-0.045517,-0.981110
12.710684,0.102631,-0.045074,-0.987579
12.710710,0.075500,-0.046265,-0.991257
12.720409,0.047470,-0.048965,-0.991913
12.720550,0.019577,-0.052795,-0.989639
12.720581,-0.007217,-0.057114,-0.984863
12.720606,-0.031967,-0.061096,-0.978134
12.720631,-0.053772,-0.063919,-0.970108
12.720655,-0.071808,-0.064865,-0.961594
12.720679,-0.085373,-0.063461,-0.953552
12.720703,-0.093918,-0.059586,-0.946854
12.730453,-0.097122,-0.053391,-0.942184
12.730550,-0.094910,-0.045334,-0.940033
12.730580,-0.087418,-0.036041,-0.940674
12.730606,-0.075058,-0.026260,-0.944199
12.730632,-0.058502,-0.016708,-0.950485
12.730658,-0.038589,-0.007996,-0.959137
12.730681,-0.016327,-0.000626,-0.969620
12.730705,0.007156,0.005005,-0.981308
12.740675,0.030716,0.008713,-0.993454
12.740820,0.053192,0.010406,-1.005188
12.740853,0.073471,0.010132,-1.015594
12.740880,0.090546,0.008011,-1.023926
12.740906,0.103622,0.004257,-1.029587
12.740933,0.112213,-0.000900,-1.032242
12.740958,0.116058,-0.007202,-1.031708
12.740984,0.115234,-0.014297,-1.028015
12.750577,0.110077,-0.021805,-1.021515
12.751017,0.101166,-0.029297,-1.012741
12.751065,0.089249,-0.036270,-1.002411
12.751106,0.075165,-0.042252,-0.991318
12.751144,0.059814,-0.046783,-0.980194
12.751243,0.044052,-0.049576,-0.969727
12.751383,0.028610,-0.050476,-0.960480
12.751413,0.014206,-0.049454,-0.952820
12.760378,0.001373,-0.046677,-0.946945
12.760491,-0.009460,-0.042435,-0.942932
12.760519,-0.018066,-0.037064,-0.940781
12.760554,-0.024246,-0.031021,-0.940414
12.760609,-0.027969,-0.024780,-0.941696
12.760653,-0.029236,-0.018829,-0.944412
12.760738,-0.028198,-0.013580,-0.948380
12.760764,-0.025040,-0.009399,-0.953445
12.770656,-0.020035,-0.006485,-0.959412
12.770927,-0.013504,-0.004959,-0.966080
12.771015,-0.005783,-0.004837,-0.973267
12.771052,0.002716,-0.005997,-0.980728
12.771085,0.011673,-0.008286,-0.988251
12.771114,0.020706,-0.011459,-0.995575
12.771126,0.029404,-0.015244,-1.002441
12.771137,0.037445,-0.019333,-1.008652
12.780399,0.044479,-0.023468,-1.014038
12.780516,0.050247,-0.027390,-1.018509
12.780544,0.054535,-0.030853,-1.022003
12.780578,0.057205,-0.033676,-1.024475
12.780602,0.058243,-0.035690,-1.026016
12.780626,0.057678,-0.036774,-1.026718
12.780657,0.055679,-0.036896,-1.026718
12.780684,0.052429,-0.036072,-1.026169
12.790764,0.048172,-0.034378,-1.025177
12.790916,0.043167,-0.031982,-1.023804
12.790947,0.037659,-0.029083,-1.022141
12.790974,0.031952,-0.025940,-1.020218
12.790999,0.026260,-0.022812,-1.018051
12.791025,0.020844,-0.019943,-1.015640
12.791048,0.015884,-0.017578,-1.013031
12.791075,0.011566,-0.015884,-1.010239
12.800834,0.008011,-0.014984,-1.007309
12.800956,0.005356,-0.014877,-1.004333
12.800994,0.003632,-0.015518,-1.001358
12.801022,0.002869,-0.016800,-0.998505
12.801047,0.003006,-0.018585,-0.995895
12.801071,0.003998,-0.020676,-0.993607
12.801104,0.005737,-0.022903,-0.991699
12.801130,0.008072,-0.025116,-0.990204
12.810391,0.010880,-0.027191,-0.989120
12.810541,0.013992,-0.029037,-0.988419
12.810572,0.017242,-0.030594,-0.988007
12.810600,0.020493,-0.031845,-0.987793
12.810624,0.023590,-0.032822,-0.987671
12.810649,0.026459,-0.033539,-0.987610
12.810728,0.029007,-0.034012,-0.987564
12.810756,0.031174,-0.034271,-0.987518
12.820329,0.032944,-0.034302,-0.987457
12.820417,0.034271,-0.034149,-0.987411
12.820432,0.035187,-0.033813,-0.987366
12.820444,0.035690,-0.033340,-0.987366
12.820455,0.035828,-0.032730,-0.987381
12.820465,0.035614,-0.032028,-0.987411
12.820475,0.035126,-0.031235,-0.987442
12.820484,0.034393,-0.030396,-0.987427
12.830350,0.033478,-0.029510,-0.987381
12.830480,0.032410,-0.028580,-0.987289
12.830525,0.031235,-0.027603,-0.987122
12.830565,0.029968,-0.026627,-0.986938
12.830604,0.028671,-0.025665,-0.986755
12.830643,0.027344,-0.024765,-0.986649
12.830681,0.026047,-0.023956,-0.986633
12.830717,0.024811,-0.023270,-0.986771
12.840545,0.023682,-0.022781,-0.987091
12.841187,0.022690,-0.022476,-0.987595
12.841237,0.021896,-0.022415,-0.988281
12.841277,0.021271,-0.022583,-0.989120
12.841315,0.020813,-0.023026,-0.990036
12.841351,0.020477,-0.023743,-0.990982
12.841391,0.020248,-0.024750,-0.991867
12.841429,0.020065,-0.026001,-0.992615
12.850492,0.019943,-0.027466,-0.993164
12.850898,0.019852,-0.029037,-0.993515
12.850941,0.019791,-0.030670,-0.993652
12.850973,0.019760,-0.032288,-0.993622
12.851011,0.019760,-0.033768,-0.993439
12.851043,0.019836,-0.035034,-0.993164
12.851189,0.020004,-0.035995,-0.992859
12.851236,0.020264,-0.036560,-0.992569
12.860314,0.020660,-0.036697,-0.992325
12.860461,0.021194,-0.036346,-0.992142
12.860497,0.021851,-0.035553,-0.992020
12.860528,0.022629,-0.034378,-0.991974
12.860707,0.023529,-0.032898,-0.991989
12.860750,0.024521,-0.031174,-0.992081
12.860779,0.025574,-0.029312,-0.992249
12.860807,0.026642,-0.027405,-0.992447
12.870309,0.027695,-0.025528,-0.992691
12.870431,0.028671,-0.023743,-0.992935
12.870467,0.029541,-0.022171,-0.993134
12.870493,0.030228,-0.020905,-0.993240
12.870518,0.030716,-0.020004,-0.993240
12.870542,0.030930,-0.019516,-0.993103
12.870575,0.030884,-0.019440,-0.992828
12.870601,0.030609,-0.019775,-0.992447
12.880330,0.030106,-0.020432,-0.991974
12.880459,0.029434,-0.021362,-0.991455
12.880494,0.028625,-0.022507,-0.990967
12.880524,0.027695,-0.023788,-0.990509
12.880562,0.026703,-0.025162,-0.990128
12.880593,0.025635,-0.026550,-0.989838
12.880623,0.024582,-0.027908,-0.989655
12.880653,0.023575,-0.029190,-0.989609
12.890253,0.022659,-0.030334,-0.989685
12.890383,0.021881,-0.031265,-0.989914
12.890414,0.021255,-0.031891,-0.990341
12.890441,0.020798,-0.032166,-0.990982
12.890467,0.020508,-0.032043,-0.991852
12.890492,0.020401,-0.031540,-0.992935
12.890516,0.020477,-0.030731,-0.994202
12.890539,0.020691,-0.029663,-0.995590
12.900290,0.021057,-0.028442,-0.997055
12.900449,0.021530,-0.027191,-0.998535
12.900505,0.022079,-0.025955,-0.999969
12.900559,0.022705,-0.024841,-1.001312
12.900612,0.023346,-0.023895,-1.002533
12.901299,0.024002,-0.023117,-1.003601
12.901352,0.024612,-0.022507,-1.004471
12.901386,0.025162,-0.022064,-1.005127
12.910262,0.025635,-0.021774,-1.005569
12.910422,0.025986,-0.021637,-1.005783
12.910463,0.026230,-0.021622,-1.005798
12.910490,0.026352,-0.021759,-1.005600
12.910525,0.026367,-0.022003,-1.005219
12.910554,0.026276,-0.022339,-1.004623
12.910578,0.026138,-0.022751,-1.003860
12.910604,0.025955,-0.023209,-1.002914
12.920236,0.025787,-0.023682,-1.001862
12.920344,0.025650,-0.024124,-1.000748
12.920375,0.025528,-0.024521,-0.999634
12.920402,0.025406,-0.024841,-0.998566
12.920427,0.025238,-0.025101,-0.997589
12.920451,0.024979,-0.025284,-0.996689
12.920483,0.024658,-0.025391,-0.995895
12.920509,0.024277,-0.025467,-0.995209
12.930282,0.023865,-0.025528,-0.994583
12.930390,0.023499,-0.025604,-0.994034
12.930419,0.023193,-0.025665,-0.993530
12.930453,0.022949,-0.025742,-0.993088
12.930480,0.022781,-0.025787,-0.992691
12.930505,0.022675,-0.025818,-0.992386
12.930529,0.022629,-0.025833,-0.992188
12.930556,0.022629,-0.025803,-0.992096
12.940896,0.022675,-0.025742,-0.992081
12.941082,0.022766,-0.025665,-0.992111
12.941128,0.022888,-0.025589,-0.992172
12.941166,0.023056,-0.025528,-0.992233
12.941216,0.023254,-0.025497,-0.992279
12.941254,0.023483,-0.025528,-0.992294
12.941293,0.023758,-0.025620,-0.992264
12.941328,0.024048,-0.025803,-0.992142
12.950292,0.024338,-0.026047,-0.991928
12.950408,0.024597,-0.026382,-0.991669
12.950437,0.024811,-0.026779,-0.991379
12.950463,0.024979,-0.027206,-0.991074
12.950491,0.025085,-0.027649,-0.990784
12.950616,0.025162,-0.028091,-0.990540
12.950735,0.025208,-0.028534,-0.990372
12.950762,0.025253,-0.028946,-0.990326
12.960233,0.025314,-0.029358,-0.990402
12.960352,0.025406,-0.029709,-0.990601
12.960383,0.025497,-0.030014,-0.990906
12.960409,0.025589,-0.030243,-0.991272
12.960433,0.025681,-0.030380,-0.991699
12.960457,0.025757,-0.030411,-0.992111
12.960481,0.025818,-0.030350,-0.992493
12.960506,0.025894,-0.030182,-0.992844
12.970205,0.025955,-0.029953,-0.993118
12.970342,0.026031,-0.029617,-0.993301
12.970373,0.026077,-0.029190,-0.993347
12.970399,0.026047,-0.028687,-0.993256
12.970426,0.025925,-0.028168,-0.992981
12.970531,0.025696,-0.027649,-0.992538
12.970575,0.025391,-0.027176,-0.991943
12.970606,0.025040,-0.026779,-0.991257
12.980194,0.024643,-0.026550,-0.990509
12.980316,0.024246,-0.026474,-0.989761
12.980345,0.023865,-0.026566,-0.989075
12.980370,0.023499,-0.026825,-0.988495
12.980394,0.023178,-0.027222,-0.988052
12.980417,0.022934,-0.027710,-0.987762
12.980441,0.022797,-0.028275,-0.987640
12.980465,0.022781,-0.028839,-0.987640
12.990180,0.022873,-0.029373,-0.987747
12.990422,0.023071,-0.029861,-0.987976
12.990466,0.023392,-0.030258,-0.988312
12.990505,0.023773,-0.030579,-0.988770
12.990543,0.024216,-0.030762,-0.989319
12.990580,0.024704,-0.030777,-0.989960
12.990617,0.025208,-0.030609,-0.990662
12.990720,0.025711,-0.030228,-0.991425
13.000227,0.026199,-0.029678,-0.992188
13.000357,0.026596,-0.028992,-0.992920
13.000809,0.026886,-0.028229,-0.993591
13.000878,0.027008,-0.027466,-0.994186
13.000905,0.026993,-0.026733,-0.994705
13.000931,0.026825,-0.026077,-0.995132
13.000955,0.026566,-0.025528,-0.995483
13.000978,0.026215,-0.025085,-0.995773
13.010192,0.025757,-0.024780,-0.995987
13.010354,0.025223,-0.024597,-0.996155
13.010390,0.024612,-0.024521,-0.996246
13.010416,0.023956,-0.024551,-0.996277
13.010440,0.023270,-0.024673,-0.996246
13.010464,0.022629,-0.024857,-0.996170
13.010524,0.022064,-0.025085,-0.996109
13.010549,0.021606,-0.025330,-0.996109
13.020254,0.021317,-0.025558,-0.996216
13.020371,0.021210,-0.025772,-0.996445
13.020401,0.021286,-0.025909,-0.996796
13.020427,0.021530,-0.026001,-0.997253
13.020451,0.021927,-0.026031,-0.997757
13.020474,0.022415,-0.026001,-0.998276
13.020524,0.022964,-0.025909,-0.998779
13.020550,0.023544,-0.025772,-0.999252
13.030210,0.024094,-0.025620,-0.999649
13.030366,0.024582,-0.025467,-0.999985
13.030409,0.025024,-0.025345,-1.000229
13.030458,0.025360,-0.025253,-1.000336
13.030497,0.025589,-0.025177,-1.000290
13.030533,0.025696,-0.025131,-1.000122
13.030571,0.025650,-0.025085,-0.999832
13.030608,0.025482,-0.025024,-0.999481
13.040150,0.025238,-0.024994,-0.999084
13.040290,0.024933,-0.024979,-0.998672
13.040322,0.024612,-0.024994,-0.998260
13.040350,0.024323,-0.025055,-0.997849
13.040375,0.024078,-0.025131,-0.997437
13.040400,0.023880,-0.025223,-0.997009
13.040427,0.023758,-0.025360,-0.996613
13.040453,0.023697,-0.025497,-0.996262
13.050116,0.023682,-0.025620,-0.995972
13.050223,0.023666,-0.025711,-0.995773
13.050345,0.023636,-0.025803,-0.995667
13.050382,0.023560,-0.025879,-0.995667
13.050408,0.023453,-0.025955,-0.995758
13.050433,0.023300,-0.026047,-0.995956
13.050457,0.023178,-0.026138,-0.996216
13.050489,0.023102,-0.026215,-0.996536
13.060107,0.023102,-0.026276,-0.996857
13.060231,0.023178,-0.026306,-0.997177
13.060263,0.023300,-0.026306,-0.997467
13.060290,0.023514,-0.026260,-0.997711
13.060315,0.023758,-0.026154,-0.997879
13.060339,0.024048,-0.026047,-0.997955
13.060363,0.024338,-0.025955,-0.997955
13.060389,0.024628,-0.025925,-0.997879
13.070114,0.024872,-0.025955,-0.997711
13.070214,0.025085,-0.026031,-0.997482
13.070243,0.025269,-0.026123,-0.997238
13.070271,0.025421,-0.026245,-0.996994
13.070298,0.025528,-0.026321,-0.996735
13.070322,0.025589,-0.026337,-0.996490
13.070345,0.025620,-0.026337,-0.996231
13.070369,0.025589,-0.026291,-0.995972
13.080125,0.025528,-0.026230,-0.995697
13.080226,0.025452,-0.026184,-0.995377
13.080256,0.025360,-0.026184,-0.994980
13.080281,0.025253,-0.026230,-0.994553
13.080306,0.025162,-0.026367,-0.994110
13.080329,0.025070,-0.026550,-0.993668
13.080353,0.024994,-0.026810,-0.993256
13.080377,0.024948,-0.027115,-0.992844
13.091336,0.024902,-0.027466,-0.992477
13.091476,0.024887,-0.027817,-0.992142
13.091511,0.024872,-0.028183,-0.991791
13.091542,0.024811,-0.028458,-0.991150
13.091580,0.024582,-0.028503,-0.988235
13.091612,0.023972,-0.028519,-0.977859
13.091641,0.022629,-0.029510,-0.953644
13.091670,0.020111,-0.033508,-0.912155
13.100740,0.016235,-0.042831,-0.853470
13.100947,0.011276,-0.058945,-0.780930
13.100980,0.006042,-0.081421,-0.702805
13.101007,0.001831,-0.107437,-0.630890
13.101168,0.000320,-0.132080,-0.577194
13.101204,0.003113,-0.149368,-0.551926
13.101231,0.011551,-0.153656,-0.562042
13.101255,0.026169,-0.141296,-0.609619
13.110070,0.046524,-0.111755,-0.690948
13.110220,0.071045,-0.068039,-0.797287
13.110257,0.097107,-0.016190,-0.916763
13.110284,0.121536,0.036102,-1.036270
13.110311,0.141052,0.081039,-1.143677
13.110353,0.152740,0.112183,-1.230011
13.110376,0.154541,0.125809,-1.290649
13.110403,0.145660,0.121399,-1.325241
13.120062,0.126709,0.101654,-1.337234
13.120196,0.099548,0.071655,-1.332901
13.120234,0.066910,0.037643,-1.319809
13.120266,0.031876,0.005661,-1.304993
13.120298,-0.002655,-0.019714,-1.293610
13.120327,-0.034485,-0.036072,-1.288284
13.120359,-0.062241,-0.043167,-1.288971
13.120387,-0.085403,-0.042679,-1.293289
13.130052,-0.104065,-0.037354,-1.297501
13.130166,-0.118637,-0.030121,-1.297592
13.130196,-0.129410,-0.023346,-1.290176
13.130223,-0.136459,-0.018402,-1.273117
13.130249,-0.139496,-0.015564,-1.245880
13.130274,-0.138016,-0.014175,-1.209702
13.130298,-0.131454,-0.013138,-1.166992
13.130324,-0.119461,-0.011307,-1.120941
13.140121,-0.102005,-0.007996,-1.074799
13.140224,-0.079590,-0.003159,-1.031448
13.140252,-0.053146,0.002457,-0.992874
13.140278,-0.024002,0.007584,-0.960037
13.140302,0.006241,0.010651,-0.932953
13.140326,0.035980,0.010178,-0.911011
13.140350,0.063721,0.005188,-0.893173
13.140378,0.088303,-0.004639,-0.878342
13.150244,0.108887,-0.018906,-0.865585
13.150397,0.125046,-0.036423,-0.854355
13.150561,0.136642,-0.055481,-0.844528
13.150604,0.143799,-0.074127,-0.836502
13.150636,0.146729,-0.090469,-0.830841
13.150666,0.145798,-0.102966,-0.828140
13.150724,0.141418,-0.110580,-0.828842
13.150756,0.133972,-0.112991,-0.833130
13.160372,0.123917,-0.110474,-0.840866
13.160497,0.111633,-0.103836,-0.851547
13.160535,0.097549,-0.094223,-0.864380
13.160569,0.082077,-0.082916,-0.878448
13.160595,0.065659,-0.071091,-0.892792
13.160622,0.048721,-0.059647,-0.906540
13.160654,0.031738,-0.049194,-0.918976
13.160687,0.015167,-0.039948,-0.929703
13.170016,-0.000397,-0.031845,-0.938629
13.170165,-0.014465,-0.024643,-0.945923
13.170196,-0.026489,-0.018066,-0.951904
13.170221,-0.035995,-0.011841,-0.957031
13.170245,-0.042603,-0.005859,-0.961838
13.170269,-0.046021,-0.000214,-0.966827
13.170303,-0.046143,0.004822,-0.972427
13.170327,-0.043045,0.008926,-0.978989
13.180012,-0.036957,0.011658,-0.986694
13.180149,-0.028259,0.012711,-0.995621
13.180182,-0.017471,0.011917,-1.005722
13.180221,-0.005173,0.009262,-1.016800
13.180252,0.007965,0.004974,-1.028580
13.180281,0.021255,-0.000595,-1.040665
13.180311,0.033981,-0.007034,-1.052567
13.180340,0.045425,-0.013901,-1.063751
13.190433,0.054916,-0.020737,-1.073608
13.190580,0.061966,-0.027176,-1.081604
13.190612,0.066193,-0.032990,-1.087296
13.190638,0.067459,-0.038025,-1.090347
13.190662,0.065796,-0.042191,-1.090637
13.190686,0.061478,-0.045456,-1.088181
13.190717,0.054932,-0.047836,-1.083130
13.190745,0.046692,-0.049271,-1.075790
13.200008,0.037399,-0.049744,-1.066559
13.200126,0.027740,-0.049194,-1.055893
13.200162,0.018326,-0.047546,-1.044220
13.200593,0.009735,-0.044800,-1.031967
13.200636,0.002365,-0.040970,-1.019485
13.200664,-0.003433,-0.036194,-1.007050
13.200690,-0.007507,-0.030685,-0.994888
13.200716,-0.009750,-0.024796,-0.983154
13.209976,-0.010193,-0.018890,-0.971985
13.210086,-0.008942,-0.013367,-0.961533
13.210114,-0.006165,-0.008591,-0.951965
13.210241,-0.002060,-0.004852,-0.943466
13.210281,0.003128,-0.002335,-0.936188
13.210309,0.009155,-0.001114,-0.930313
13.210342,0.015717,-0.001205,-0.926010
13.210367,0.022552,-0.002472,-0.923355
13.219940,0.029358,-0.004776,-0.922348
13.220051,0.035889,-0.007950,-0.922943
13.220080,0.041870,-0.011826,-0.924973
13.220106,0.047058,-0.016266,-0.928253
13.220137,0.051224,-0.021088,-0.932541
13.220163,0.054214,-0.026108,-0.937576
13.220188,0.055908,-0.031143,-0.943130
13.220212,0.056305,-0.035965,-0.949036
13.229990,0.055420,-0.040344,-0.955139
13.230106,0.053345,-0.044083,-0.961365
13.230137,0.050247,-0.046921,-0.967651
13.230163,0.046326,-0.048691,-0.973984
13.230187,0.041748,-0.049316,-0.980301
13.230212,0.036758,-0.048782,-0.986572
13.230236,0.031570,-0.047119,-0.992737
13.230261,0.026413,-0.044464,-0.998672
13.239926,0.021500,-0.040985,-1.004288
13.240521,0.016983,-0.036880,-1.009491
13.240585,0.013016,-0.032425,-1.014145
13.240611,0.009705,-0.027847,-1.018173
13.240635,0.007111,-0.023422,-1.021484
13.240666,0.005264,-0.019379,-1.024033
13.240693,0.004181,-0.015915,-1.025848
13.240716,0.003799,-0.013184,-1.026978
13.250123,0.004074,-0.011292,-1.027496
13.250428,0.004944,-0.010300,-1.027496
13.250460,0.006363,-0.010208,-1.027069
13.250485,0.008255,-0.010956,-1.026321
13.250509,0.010513,-0.012482,-1.025345
13.250535,0.013031,-0.014648,-1.024155
13.250560,0.015717,-0.017319,-1.022797
13.250585,0.018433,-0.020370,-1.021255
13.259920,0.021072,-0.023651,-1.019516
13.260060,0.023529,-0.027008,-1.017548
13.260097,0.025711,-0.030304,-1.015335
13.260127,0.027557,-0.033371,-1.012894
13.260179,0.029053,-0.036087,-1.010223
13.260225,0.030212,-0.038284,-1.007355
13.260295,0.031036,-0.039856,-1.004303
13.260357,0.031555,-0.040741,-1.001099
13.271287,0.031784,-0.040878,-0.997818
13.271399,0.031723,-0.040283,-0.994492
13.271427,0.031433,-0.039032,-0.991165
13.271504,0.030960,-0.037216,-0.987854
13.271653,0.030334,-0.034927,-0.984589
13.271717,0.029617,-0.032364,-0.981369
13.271732,0.028839,-0.029663,-0.978256
13.271745,0.028046,-0.026993,-0.975266
13.279974,0.027283,-0.024460,-0.972473
13.280051,0.026550,-0.022202,-0.969940
13.280066,0.025879,-0.020309,-0.967758
13.280078,0.025299,-0.018845,-0.966003
13.280089,0.024826,-0.017868,-0.964783
13.280099,0.024490,-0.017410,-0.964218
13.280109,0.024292,-0.017471,-0.964355
13.280118,0.024246,-0.018036,-0.965271
13.289869,0.024353,-0.019073,-0.966934
13.289963,0.024597,-0.020508,-0.969315
13.289980,0.024948,-0.022247,-0.972336
13.289992,0.025375,-0.024155,-0.975891
13.290003,0.025803,-0.026154,-0.979889
13.290013,0.026184,-0.028107,-0.984161
13.290023,0.026428,-0.029953,-0.988556
13.290144,0.026505,-0.031586,-0.992889
13.299880,0.026382,-0.032928,-0.997009
13.299976,0.026047,-0.033936,-1.000778
13.300061,0.025513,-0.034515,-1.004074
13.300089,0.024841,-0.034698,-1.006882
13.300102,0.024124,-0.034470,-1.009171
13.300114,0.023392,-0.033844,-1.010956
13.300124,0.022690,-0.032883,-1.012283
13.300135,0.022049,-0.031601,-1.013153
13.309893,0.021515,-0.030090,-1.013611
13.309958,0.021088,-0.028412,-1.013672
13.309972,0.020798,-0.026688,-1.013351
13.309983,0.020691,-0.024994,-1.012711
13.309993,0.020767,-0.023438,-1.011780
13.310020,0.021011,-0.022095,-1.010651
13.310031,0.021408,-0.021011,-1.009369
13.310041,0.021973,-0.020264,-1.007980
13.319878,0.022675,-0.019821,-1.006516
13.319941,0.023483,-0.019714,-1.005005
13.319953,0.024323,-0.019913,-1.003448
13.319964,0.025146,-0.020386,-1.001846
13.319974,0.025909,-0.021118,-1.000214
13.319984,0.026535,-0.022049,-0.998535
13.319995,0.026993,-0.023163,-0.996857
13.320004,0.027267,-0.024414,-0.995148
13.329895,0.027344,-0.025757,-0.993469
13.330031,0.027237,-0.027130,-0.991821
13.330063,0.026978,-0.028473,-0.990219
13.330088,0.026627,-0.029709,-0.988693
13.330113,0.026215,-0.030792,-0.987259
13.330136,0.025787,-0.031708,-0.985931
13.330160,0.025375,-0.032379,-0.984772
13.330186,0.024994,-0.032806,-0.983795
13.339821,0.024643,-0.032944,-0.983063
13.339953,0.024338,-0.032745,-0.982590
13.339984,0.024048,-0.032257,-0.982391
13.340010,0.023788,-0.031464,-0.982498
13.340035,0.023560,-0.030426,-0.982864
13.340059,0.023392,-0.029205,-0.983505
13.340186,0.023300,-0.027847,-0.984344
13.340213,0.023300,-0.026459,-0.985367
13.349831,0.023407,-0.025101,-0.986496
13.349949,0.023621,-0.023880,-0.987747
13.349977,0.023941,-0.022858,-0.989090
13.350002,0.024338,-0.022095,-0.990524
13.350028,0.024765,-0.021652,-0.992004
13.350052,0.025208,-0.021515,-0.993515
13.350075,0.025620,-0.021713,-0.995010
13.350098,0.026001,-0.022156,-0.996460
13.359868,0.026321,-0.022812,-0.997787
13.360043,0.026535,-0.023605,-0.998947
13.360073,0.026627,-0.024475,-0.999908
13.360100,0.026581,-0.025375,-1.000656
13.360124,0.026382,-0.026245,-1.001175
13.360160,0.026031,-0.027039,-1.001495
13.360201,0.025513,-0.027725,-1.001648
13.360229,0.024887,-0.028275,-1.001663
13.369853,0.024200,-0.028671,-1.001541
13.369962,0.023499,-0.028885,-1.001343
13.369991,0.022781,-0.028915,-1.001068
13.370053,0.022110,-0.028763,-1.000732
13.370106,0.021515,-0.028442,-1.000320
13.370159,0.021027,-0.028015,-0.999832
13.370209,0.020691,-0.027527,-0.999283
13.370271,0.020569,-0.027008,-0.998672
13.379879,0.020660,-0.026535,-0.998016
13.379990,0.020966,-0.026123,-0.997314
13.380026,0.021423,-0.025787,-0.996597
13.380057,0.021988,-0.025543,-0.995865
13.380087,0.022629,-0.025360,-0.995132
13.380117,0.023300,-0.025238,-0.994431
13.380149,0.023987,-0.025146,-0.993759
13.380178,0.024658,-0.025101,-0.993088
13.389925,0.025284,-0.025085,-0.992416
13.390570,0.025818,-0.025146,-0.991745
13.390617,0.026276,-0.025330,-0.991104
13.390657,0.026642,-0.025620,-0.990479
13.390694,0.026901,-0.026016,-0.989899
13.390740,0.027069,-0.026489,-0.989395
13.390777,0.027161,-0.026993,-0.989044
13.390813,0.027191,-0.027496,-0.988831
13.399812,0.027161,-0.027939,-0.988724
13.399934,0.027100,-0.028275,-0.988724
13.399961,0.026993,-0.028488,-0.988800
13.399986,0.026840,-0.028595,-0.988922
13.400019,0.026642,-0.028595,-0.989105
13.400044,0.026382,-0.028488,-0.989334
13.400068,0.026108,-0.028320,-0.989639
13.400094,0.025803,-0.028076,-0.989990
13.409807,0.025482,-0.027725,-0.990417
13.409940,0.025177,-0.027298,-0.990891
13.409968,0.024872,-0.026810,-0.991455
13.410002,0.024582,-0.026260,-0.992081
13.410030,0.024323,-0.025711,-0.992813
13.410055,0.024078,-0.025208,-0.993591
13.410080,0.023880,-0.024796,-0.994385
13.410106,0.023697,-0.024490,-0.995163
13.419768,0.023560,-0.024292,-0.995850
13.419889,0.023453,-0.024216,-0.996414
13.419920,0.023346,-0.024216,-0.996811
13.419946,0.023285,-0.024292,-0.997040
13.419973,0.023254,-0.024429,-0.997131
13.419996,0.023300,-0.024612,-0.997101
13.420019,0.023376,-0.024811,-0.996994
13.420043,0.023514,-0.025040,-0.996826
13.429790,0.023651,-0.025314,-0.996643
13.429906,0.023819,-0.025620,-0.996475
13.429937,0.024002,-0.025970,-0.996338
13.429963,0.024170,-0.026352,-0.996231
13.429988,0.024338,-0.026718,-0.996155
13.430013,0.024490,-0.027023,-0.996109
13.430037,0.024628,-0.027237,-0.996048
13.430060,0.024734,-0.027344,-0.995926
13.439726,0.024811,-0.027359,-0.995728
13.439848,0.024872,-0.027298,-0.995422
13.439875,0.024902,-0.027206,-0.995041
13.439934,0.024902,-0.027115,-0.994598
13.439968,0.024857,-0.027039,-0.994110
13.440340,0.024811,-0.026993,-0.993637
13.440370,0.024780,-0.026978,-0.993179
13.440396,0.024765,-0.026978,-0.992783
13.449714,0.024811,-0.026962,-0.992416
13.449969,0.024887,-0.026901,-0.992096
13.450004,0.024994,-0.026810,-0.991837
13.450036,0.025101,-0.026688,-0.991608
13.450065,0.025177,-0.026535,-0.991440
13.450535,0.025192,-0.026413,-0.991348
13.450574,0.025177,-0.026337,-0.991333
13.450604,0.025101,-0.026321,-0.991409
13.459857,0.024979,-0.026367,-0.991562
13.460003,0.024811,-0.026459,-0.991776
13.460038,0.024643,-0.026581,-0.992035
13.460068,0.024490,-0.026703,-0.992294
13.460106,0.024353,-0.026794,-0.992554
13.460137,0.024261,-0.026855,-0.992783
13.460185,0.024200,-0.026901,-0.992996
13.460231,0.024155,-0.026901,-0.993179
13.469699,0.024170,-0.026917,-0.993332
13.469832,0.024231,-0.026932,-0.993454
13.469863,0.024307,-0.026962,-0.993561
13.469890,0.024429,-0.026993,-0.993683
13.469914,0.024551,-0.026993,-0.993881
13.469940,0.024658,-0.026978,-0.994125
13.469963,0.024750,-0.026917,-0.994461
13.469987,0.024826,-0.026810,-0.994827
13.479722,0.024857,-0.026688,-0.995224
13.479853,0.024872,-0.026535,-0.995605
13.479882,0.024841,-0.026382,-0.995926
13.479908,0.024780,-0.026260,-0.996170
13.479940,0.024689,-0.026169,-0.996323
13.479967,0.024582,-0.026108,-0.996384
13.479992,0.024445,-0.026077,-0.996353
13.480018,0.024292,-0.026062,-0.996231
13.489670,0.024139,-0.026062,-0.996033
13.489811,0.024002,-0.026077,-0.995743
13.489847,0.023880,-0.026108,-0.995392
13.489875,0.023788,-0.026169,-0.994980
13.489901,0.023743,-0.026245,-0.994522
13.489925,0.023758,-0.026367,-0.994034
13.489950,0.023804,-0.026489,-0.993546
13.489976,0.023911,-0.026627,-0.993103
13.499697,0.024048,-0.026764,-0.992737
13.499795,0.024231,-0.026855,-0.992462
13.499825,0.024414,-0.026901,-0.992264
13.499850,0.024582,-0.026901,-0.992142
13.499874,0.024704,-0.026871,-0.992096
13.499898,0.024796,-0.026840,-0.992096
13.499925,0.024841,-0.026871,-0.992126
13.499950,0.024841,-0.026932,-0.992188
13.509687,0.024857,-0.027039,-0.992279
13.509804,0.024887,-0.027176,-0.992386
13.509834,0.024948,-0.027283,-0.992508
13.509861,0.025024,-0.027359,-0.992661
13.509885,0.025116,-0.027359,-0.992828
13.509909,0.025192,-0.027313,-0.992981
13.510019,0.025223,-0.027206,-0.993134
13.510230,0.025208,-0.027069,-0.993240
13.520496,0.025162,-0.026947,-0.993332
13.520628,0.025085,-0.026855,-0.993393
13.520678,0.024979,-0.026810,-0.993423
13.520694,0.024857,-0.026810,-0.993439
13.520706,0.024734,-0.026871,-0.993439
13.520718,0.024612,-0.026962,-0.993454
13.520728,0.024521,-0.027054,-0.993469
13.520738,0.024429,-0.027145,-0.993500
13.529685,0.024323,-0.027191,-0.993546
13.529811,0.024200,-0.027206,-0.993607
13.529847,0.024078,-0.027206,-0.993683
13.529878,0.024002,-0.027191,-0.993774
13.529907,0.023972,-0.027191,-0.993866
13.529947,0.024002,-0.027222,-0.993958
13.529977,0.024094,-0.027283,-0.994019
13.530007,0.024246,-0.027344,-0.994080
13.539665,0.024399,-0.027405,-0.994110
13.539798,0.024521,-0.027466,-0.994110
13.539829,0.024567,-0.027512,-0.994080
13.539855,0.024551,-0.027542,-0.994034
13.539881,0.024460,-0.027573,-0.994003
13.539906,0.024323,-0.027588,-0.993973
13.539930,0.024139,-0.027634,-0.993973
13.539954,0.023956,-0.027710,-0.993988
13.549892,0.023773,-0.027817,-0.994003
13.550316,0.023636,-0.027939,-0.994003
13.550346,0.023529,-0.028015,-0.993958
13.550371,0.023453,-0.028030,-0.993912
13.550405,0.023422,-0.028000,-0.993851
13.550431,0.023438,-0.027893,-0.993820
13.550457,0.023499,-0.027740,-0.993835
13.550607,0.023605,-0.027557,-0.993927
13.559624,0.023773,-0.027344,-0.994064
13.559728,0.023972,-0.027161,-0.994263
13.559757,0.024185,-0.026962,-0.994461
13.559784,0.024399,-0.026794,-0.994644
13.559809,0.024582,-0.026611,-0.994781
13.559833,0.024765,-0.026443,-0.994843
13.559857,0.024933,-0.026276,-0.994843
13.559880,0.025116,-0.026108,-0.994797
13.569700,0.025269,-0.025955,-0.994720
13.569837,0.025406,-0.025833,-0.994598
13.569868,0.025467,-0.025742,-0.994476
13.569895,0.025467,-0.025711,-0.994370
13.569921,0.025375,-0.025726,-0.994247
13.569945,0.025208,-0.025833,-0.994141
13.569970,0.025009,-0.026001,-0.994049
13.569994,0.024811,-0.026230,-0.993973
13.579616,0.024612,-0.026443,-0.993927
13.579738,0.024445,-0.026627,-0.993881
13.579768,0.024307,-0.026764,-0.993866
13.579797,0.024216,-0.026840,-0.993851
13.579835,0.024170,-0.026871,-0.993820
13.579866,0.024155,-0.026855,-0.993790
13.579895,0.024185,-0.026840,-0.993790
13.579925,0.024231,-0.026840,-0.993790
13.589553,0.024307,-0.026825,-0.993805
13.589749,0.024384,-0.026825,-0.993866
13.589779,0.024460,-0.026840,-0.993958
13.589804,0.024536,-0.026825,-0.994110
13.589829,0.024582,-0.026794,-0.994293
13.589855,0.024582,-0.026718,-0.994446
13.589879,0.024475,-0.026489,-0.994324
13.589903,0.024185,-0.025986,-0.992142
13.599586,0.023544,-0.025345,-0.982635
13.599759,0.022293,-0.025681,-0.958847
13.599822,0.020004,-0.029388,-0.916626
13.599877,0.016495,-0.039200,-0.855682
13.599932,0.012054,-0.056793,-0.779556
13.599983,0.007416,-0.081528,-0.697586
13.600033,0.003769,-0.109985,-0.623047
13.600086,0.002731,-0.136353,-0.569138
13.609614,0.005890,-0.153915,-0.546753
13.609778,0.014572,-0.156647,-0.562836
13.609818,0.029343,-0.140945,-0.618439
13.609850,0.049728,-0.106857,-0.708191
13.609879,0.073975,-0.058228,-0.821594
13.609908,0.099289,-0.002151,-0.945480
13.609959,0.122269,0.052750,-1.065948
13.610043,0.139435,0.098053,-1.170731
13.619548,0.147919,0.127350,-1.251587
13.619658,0.145920,0.137512,-1.305328
13.619688,0.133209,0.129166,-1.333405
13.619715,0.111084,0.106216,-1.340836
13.619739,0.082047,0.074677,-1.334900
13.619763,0.049301,0.041168,-1.323334
13.619794,0.015991,0.011383,-1.312485
13.619819,-0.015228,-0.010925,-1.306259
13.629574,-0.042709,-0.024475,-1.305923
13.629702,-0.065765,-0.030136,-1.310120
13.629731,-0.084442,-0.030334,-1.315552
13.629765,-0.099274,-0.028107,-1.317947
13.629791,-0.110764,-0.026138,-1.313339
13.629817,-0.119171,-0.026123,-1.298859
13.629843,-0.124344,-0.028503,-1.273254
13.629866,-0.125824,-0.032593,-1.237076
13.639568,-0.122986,-0.037018,-1.192429
13.639684,-0.115250,-0.040222,-1.142441
13.639715,-0.102325,-0.040985,-1.090622
13.639741,-0.084305,-0.038696,-1.040283
13.639768,-0.061768,-0.033661,-0.994110
13.639794,-0.035736,-0.026871,-0.953812
13.639818,-0.007568,-0.019958,-0.920090
13.639841,0.021164,-0.014664,-0.892746
13.649527,0.048965,-0.012573,-0.871002
13.649648,0.074539,-0.014664,-0.853760
13.649678,0.096848,-0.021149,-0.840042
13.651598,0.115234,-0.031387,-0.829163
13.651738,0.129303,-0.044067,-0.820816
13.651778,0.138901,-0.057449,-0.815079
13.651805,0.144089,-0.069717,-0.812317
13.651832,0.145081,-0.079269,-0.813049
13.659526,0.142212,-0.084961,-0.817642
13.659644,0.135880,-0.086273,-0.826218
13.659696,0.126511,-0.083267,-0.838562
13.659724,0.114594,-0.076584,-0.854172
13.659749,0.100571,-0.067215,-0.872177
13.659775,0.084961,-0.056412,-0.891525
13.659798,0.068192,-0.045456,-0.911041
13.659824,0.050705,-0.035583,-0.929611
13.669522,0.032928,-0.027695,-0.946213
13.669615,0.015320,-0.022324,-0.960129
13.669643,-0.001633,-0.019562,-0.970963
13.669667,-0.017380,-0.019058,-0.978714
13.669700,-0.031357,-0.020172,-0.983749
13.669726,-0.042984,-0.022110,-0.986649
13.669751,-0.051712,-0.024139,-0.988159
13.669781,-0.057068,-0.025650,-0.989105
13.679538,-0.058762,-0.026291,-0.990219
13.679666,-0.056702,-0.025909,-0.992096
13.679711,-0.050995,-0.024643,-0.995163
13.679743,-0.041992,-0.022705,-0.999619
13.679772,-0.030197,-0.020462,-1.005432
13.679804,-0.016266,-0.018250,-1.012405
13.679833,-0.000961,-0.016357,-1.020203
13.679861,0.014877,-0.014938,-1.028412
13.689479,0.030472,-0.014053,-1.036499
13.689589,0.045029,-0.013748,-1.043945
13.689627,0.057831,-0.013977,-1.050262
13.689654,0.068268,-0.014709,-1.054977
13.689679,0.075836,-0.015930,-1.057709
13.689704,0.080231,-0.017624,-1.058228
13.689728,0.081329,-0.019806,-1.056412
13.689751,0.079224,-0.022461,-1.052307
13.700031,0.074219,-0.025528,-1.046143
13.700204,0.066757,-0.028885,-1.038239
13.700242,0.057419,-0.032349,-1.029022
13.700272,0.046906,-0.035660,-1.018967
13.700548,0.035873,-0.038559,-1.008545
13.700589,0.025024,-0.040771,-0.998169
13.700771,0.014938,-0.041992,-0.988190
13.700799,0.006149,-0.042038,-0.978836
13.709565,-0.000946,-0.040817,-0.970306
13.709677,-0.006119,-0.038361,-0.962692
13.709706,-0.009262,-0.034821,-0.956070
13.709739,-0.010406,-0.030487,-0.950455
13.709774,-0.009705,-0.025726,-0.945892
13.709804,-0.007339,-0.020966,-0.942413
13.709828,-0.003525,-0.016586,-0.940079
13.709868,0.001434,-0.012985,-0.938934
13.719454,0.007309,-0.010376,-0.939011
13.719578,0.013794,-0.008911,-0.940292
13.719607,0.020615,-0.008636,-0.942688
13.719633,0.027466,-0.009506,-0.946091
13.719666,0.034073,-0.011383,-0.950302
13.719692,0.040146,-0.014145,-0.955139
13.719717,0.045425,-0.017609,-0.960388
13.719743,0.049683,-0.021561,-0.965851
13.729463,0.052750,-0.025787,-0.971375
13.729597,0.054504,-0.030075,-0.976837
13.729629,0.054886,-0.034164,-0.982162
13.729655,0.053955,-0.037781,-0.987289
13.729680,0.051758,-0.040710,-0.992249
13.729705,0.048492,-0.042709,-0.997040
13.729737,0.044327,-0.043671,-1.001663
13.729767,0.039505,-0.043518,-1.006134
13.739467,0.034271,-0.042297,-1.010391
13.739572,0.028839,-0.040115,-1.014374
13.739599,0.023468,-0.037125,-1.018021
13.739624,0.018387,-0.033539,-1.021225
13.739648,0.013824,-0.029617,-1.023865
13.739720,0.009918,-0.025635,-1.025818
13.739745,0.006805,-0.021820,-1.027023
13.739768,0.004547,-0.018417,-1.027435
13.749465,0.003159,-0.015640,-1.027069
13.749898,0.002609,-0.013611,-1.025940
13.749933,0.002869,-0.012451,-1.024170
13.749961,0.003860,-0.012177,-1.021835
13.750378,0.005493,-0.012741,-1.019089
13.750415,0.007675,-0.014038,-1.016083
13.750441,0.010284,-0.015976,-1.012955
13.750467,0.013229,-0.018341,-1.009857
13.759423,0.016373,-0.020981,-1.006866
13.759692,0.019638,-0.023712,-1.004044
13.759728,0.022888,-0.026413,-1.001434
13.759770,0.026001,-0.028931,-0.999069
13.759796,0.028870,-0.031204,-0.996918
13.759828,0.031403,-0.033142,-0.994949
13.759891,0.033478,-0.034668,-0.993134
13.759927,0.035080,-0.035736,-0.991486
13.769709,0.036179,-0.036301,-0.989990
13.769812,0.036774,-0.036362,-0.988617
13.769964,0.036926,-0.035919,-0.987350
13.770016,0.036636,-0.035004,-0.986160
13.770043,0.035965,-0.033691,-0.984985
13.770069,0.034958,-0.032059,-0.983795
13.770093,0.033661,-0.030243,-0.982605
13.770138,0.032135,-0.028366,-0.981369
13.779418,0.030457,-0.026535,-0.980118
13.779496,0.028687,-0.024826,-0.978851
13.779511,0.026901,-0.023346,-0.977631
13.779523,0.025177,-0.022156,-0.976486
13.779534,0.023621,-0.021286,-0.975479
13.779544,0.022308,-0.020752,-0.974701
13.779553,0.021317,-0.020569,-0.974258
13.779562,0.020676,-0.020691,-0.974243
13.789425,0.020386,-0.021057,-0.974731
13.789515,0.020416,-0.021652,-0.975754
13.789531,0.020721,-0.022415,-0.977325
13.789576,0.021255,-0.023361,-0.979401
13.789590,0.021942,-0.024429,-0.981918
13.789601,0.022705,-0.025635,-0.984756
13.789611,0.023499,-0.026932,-0.987808
13.789621,0.024246,-0.028275,-0.990952
13.799374,0.024902,-0.029633,-0.994080
13.799472,0.025421,-0.030945,-0.997101
13.799490,0.025726,-0.032135,-0.999893
13.799503,0.025833,-0.033127,-1.002350
13.799514,0.025711,-0.033875,-1.004395
13.799524,0.025375,-0.034332,-1.005951
13.799534,0.024872,-0.034485,-1.007004
13.799544,0.024277,-0.034317,-1.007553
13.809515,0.023651,-0.033813,-1.007645
13.809652,0.023071,-0.033020,-1.007309
13.809690,0.022598,-0.031921,-1.006668
13.809835,0.022263,-0.030609,-1.005753
13.809872,0.022064,-0.029114,-1.004654
13.809900,0.022003,-0.027496,-1.003403
13.809924,0.022049,-0.025864,-1.002045
13.809950,0.022217,-0.024323,-1.000641
13.819560,0.022491,-0.022949,-0.999207
13.819697,0.022873,-0.021820,-0.997772
13.819729,0.023376,-0.020966,-0.996399
13.819755,0.023956,-0.020370,-0.995087
13.819782,0.024582,-0.020035,-0.993820
13.819806,0.025223,-0.019974,-0.992615
13.819830,0.025833,-0.020157,-0.991455
13.819853,0.026367,-0.020569,-0.990341
13.829421,0.026794,-0.021210,-0.989258
13.829555,0.027100,-0.022095,-0.988251
13.829584,0.027252,-0.023239,-0.987320
13.829609,0.027267,-0.024612,-0.986496
13.829644,0.027100,-0.026154,-0.985809
13.829670,0.026779,-0.027786,-0.985275
13.829693,0.026306,-0.029404,-0.984894
13.829719,0.025711,-0.030899,-0.984711
13.839539,0.025055,-0.032135,-0.984711
13.839649,0.024338,-0.033005,-0.984940
13.839680,0.023605,-0.033463,-0.985397
13.839706,0.022919,-0.033493,-0.986084
13.839730,0.022324,-0.033081,-0.986984
13.839754,0.021851,-0.032272,-0.988052
13.839778,0.021515,-0.031143,-0.989258
13.839811,0.021347,-0.029770,-0.990524
13.849345,0.021332,-0.028259,-0.991837
13.849473,0.021500,-0.026733,-0.993149
13.849503,0.021820,-0.025238,-0.994461
13.849528,0.022278,-0.023834,-0.995728
13.849554,0.022858,-0.022629,-0.996933
13.849579,0.023514,-0.021652,-0.998077
13.849603,0.024200,-0.020981,-0.999130
13.849627,0.024887,-0.020615,-1.000107
13.859299,0.025497,-0.020569,-1.000992
13.859434,0.026016,-0.020844,-1.001755
13.859463,0.026428,-0.021362,-1.002350
13.859499,0.026733,-0.022064,-1.002747
13.859524,0.026901,-0.022903,-1.002945
13.859548,0.026932,-0.023788,-1.002930
13.859573,0.026825,-0.024673,-1.002716
13.859597,0.026581,-0.025528,-1.002319
13.869286,0.026215,-0.026321,-1.001785
13.869379,0.025726,-0.027039,-1.001160
13.869407,0.025146,-0.027679,-1.000427
13.869432,0.024475,-0.028214,-0.999649
13.869457,0.023788,-0.028595,-0.998840
13.869483,0.023117,-0.028824,-0.998047
13.869507,0.022507,-0.028854,-0.997314
13.869530,0.021988,-0.028687,-0.996643
13.879304,0.021606,-0.028336,-0.996048
13.879439,0.021393,-0.027847,-0.995544
13.879468,0.021378,-0.027283,-0.995102
13.879502,0.021530,-0.026672,-0.994736
13.879528,0.021851,-0.026108,-0.994400
13.879554,0.022308,-0.025620,-0.994080
13.879578,0.022873,-0.025223,-0.993759
13.879604,0.023499,-0.024948,-0.993423
13.889275,0.024109,-0.024796,-0.993088
13.889422,0.024658,-0.024719,-0.992767
13.889451,0.025162,-0.024719,-0.992508
13.889485,0.025589,-0.024811,-0.992279
13.889511,0.025955,-0.025009,-0.992096
13.889536,0.026276,-0.025299,-0.991913
13.889559,0.026520,-0.025681,-0.991699
13.889584,0.026733,-0.026154,-0.991425
13.899310,0.026886,-0.026642,-0.991135
13.899461,0.026962,-0.027130,-0.990845
13.899517,0.026962,-0.027573,-0.990601
13.899558,0.026871,-0.027939,-0.990479
13.899597,0.026688,-0.028229,-0.990494
13.899635,0.026428,-0.028427,-0.990646
13.899673,0.026123,-0.028534,-0.990921
13.899711,0.025787,-0.028564,-0.991257
13.909435,0.025406,-0.028549,-0.991638
13.909615,0.025040,-0.028488,-0.992050
13.909677,0.024673,-0.028366,-0.992432
13.909894,0.024353,-0.028198,-0.992813
13.909933,0.024063,-0.028000,-0.993149
13.909966,0.023819,-0.027786,-0.993469
13.909998,0.023605,-0.027557,-0.993790
13.910028,0.023438,-0.027328,-0.994095
13.919191,0.023300,-0.027161,-0.994354
13.919294,0.023178,-0.027054,-0.994568
13.919325,0.023087,-0.027054,-0.994720
13.919351,0.022980,-0.027176,-0.994781
13.919376,0.022888,-0.027374,-0.994751
13.919402,0.022812,-0.027603,-0.994598
13.919425,0.022736,-0.027817,-0.994370
13.919451,0.022644,-0.027985,-0.994064
13.929241,0.022583,-0.028107,-0.993729
13.929354,0.022537,-0.028168,-0.993378
13.929383,0.022522,-0.028198,-0.993027
13.929417,0.022583,-0.028229,-0.992706
13.929442,0.022705,-0.028290,-0.992432
13.929466,0.022903,-0.028381,-0.992218
13.929498,0.023163,-0.028503,-0.992081
13.929523,0.023499,-0.028641,-0.992035
13.939244,0.023926,-0.028763,-0.992035
13.939590,0.024429,-0.028824,-0.992081
13.940109,0.024994,-0.028809,-0.992142
13.940166,0.025558,-0.028671,-0.992188
13.940209,0.026108,-0.028442,-0.992172
13.940247,0.026550,-0.028122,-0.992111
13.940285,0.026871,-0.027756,-0.992004
13.940322,0.027054,-0.027390,-0.991837
13.950207,0.027069,-0.027054,-0.991638
13.951760,0.026932,-0.026779,-0.991425
13.951880,0.026672,-0.026566,-0.991241
13.951911,0.026337,-0.026428,-0.991119
13.951939,0.025940,-0.026321,-0.991089
13.951963,0.025497,-0.026245,-0.991165
13.951987,0.025040,-0.026169,-0.991333
13.952011,0.024582,-0.026108,-0.991592
13.959511,0.024155,-0.026093,-0.991882
13.959666,0.023758,-0.026138,-0.992218
13.959720,0.023438,-0.026245,-0.992584
13.959764,0.023209,-0.026413,-0.992981
13.959804,0.023056,-0.026611,-0.993393
13.959842,0.022995,-0.026810,-0.993851
13.959879,0.023026,-0.026993,-0.994308
13.959922,0.023132,-0.027161,-0.994751
13.969189,0.023331,-0.027313,-0.995163
13.969312,0.023590,-0.027435,-0.995544
13.969342,0.023895,-0.027512,-0.995895
13.969368,0.024231,-0.027557,-0.996231
13.969394,0.024551,-0.027573,-0.996582
13.969418,0.024872,-0.027542,-0.996964
13.969442,0.025162,-0.027481,-0.997360
13.969465,0.025421,-0.027374,-0.997757
13.979204,0.025620,-0.027237,-0.998154
13.979315,0.025757,-0.027008,-0.998520
13.979346,0.025818,-0.026718,-0.998810
13.979371,0.025803,-0.026367,-0.999023
13.979396,0.025711,-0.025986,-0.999115
13.979421,0.025558,-0.025620,-0.999069
13.979449,0.025345,-0.025299,-0.998871
13.979473,0.025116,-0.025055,-0.998550
13.989228,0.024887,-0.024902,-0.998062
13.989353,0.024704,-0.024841,-0.997467
13.989402,0.024567,-0.024841,-0.996826
13.989441,0.024460,-0.024872,-0.996155
13.989480,0.024399,-0.024933,-0.995544
13.989519,0.024323,-0.024994,-0.995026
13.989556,0.024231,-0.025085,-0.994629
13.989604,0.024124,-0.025223,-0.994354
13.999195,0.023972,-0.025406,-0.994202
13.999336,0.023834,-0.025665,-0.994156
13.999380,0.023697,-0.025940,-0.994171
13.999423,0.023621,-0.026245,-0.994232
13.999462,0.023621,-0.026535,-0.994339
13.999502,0.023682,-0.026810,-0.994476
13.999539,0.023804,-0.027023,-0.994583
13.999575,0.023972,-0.027176,-0.994690
14.009152,0.024139,-0.027298,-0.994797
14.009393,0.024307,-0.027390,-0.994888
14.009432,0.024445,-0.027466,-0.994934
14.009467,0.024536,-0.027527,-0.994934
14.009510,0.024582,-0.027573,-0.994904
14.009534,0.024582,-0.027588,-0.994843
14.009603,0.024536,-0.027573,-0.994781
14.009915,0.024429,-0.027542,-0.994736
14.020540,0.024307,-0.027481,-0.994720
14.020704,0.024170,-0.027420,-0.994751
14.020806,0.024017,-0.027344,-0.994827
14.020839,0.023880,-0.027298,-0.994919
14.020852,0.023743,-0.027283,-0.995041
14.020863,0.023621,-0.027313,-0.995163
14.020873,0.023544,-0.027390,-0.995285
14.020883,0.023514,-0.027496,-0.995392
14.029130,0.023529,-0.027634,-0.995483
14.029242,0.023605,-0.027725,-0.995544
14.029278,0.023712,-0.027740,-0.995590
14.029307,0.023849,-0.027664,-0.995621
14.029333,0.024002,-0.027496,-0.995651
14.029357,0.024155,-0.027267,-0.995697
14.029383,0.024307,-0.026993,-0.995743
14.029408,0.024429,-0.026718,-0.995773
14.039108,0.024490,-0.026443,-0.995804
14.039267,0.024506,-0.026230,-0.995773
14.039298,0.024460,-0.026062,-0.995697
14.039325,0.024399,-0.025940,-0.995544
14.039367,0.024353,-0.025833,-0.995316
14.039406,0.024323,-0.025757,-0.995010
14.039435,0.024338,-0.025711,-0.994644
14.039461,0.024399,-0.025726,-0.994217
14.049125,0.024475,-0.025818,-0.993744
14.049483,0.024567,-0.025970,-0.993210
14.049513,0.024628,-0.026215,-0.992645
14.049540,0.024643,-0.026505,-0.992065
14.049565,0.024597,-0.026825,-0.991486
14.049589,0.024521,-0.027130,-0.990936
14.049818,0.024445,-0.027374,-0.990463
14.050235,0.024399,-0.027542,-0.990082
14.059634,0.024429,-0.027573,-0.989868
14.059760,0.024521,-0.027481,-0.989792
14.059795,0.024689,-0.027267,-0.989883
14.059958,0.024918,-0.026993,-0.990082
14.059998,0.025192,-0.026688,-0.990387
14.060025,0.025497,-0.026428,-0.990738
14.060049,0.025803,-0.026260,-0.991119
14.060082,0.026093,-0.026184,-0.991486
14.069110,0.026352,-0.026230,-0.991806
14.069406,0.026566,-0.026337,-0.992065
14.070121,0.026718,-0.026505,-0.992264
14.070173,0.026810,-0.026642,-0.992340
14.070226,0.026810,-0.026581,-0.991776
14.070255,0.026810,-0.025894,-0.988007
14.070280,0.026932,-0.024048,-0.975586
14.070305,0.027328,-0.021042,-0.948685
14.079076,0.027893,-0.018036,-0.904755
14.079225,0.028107,-0.017410,-0.845398
14.079252,0.027451,-0.021896,-0.775085
14.079285,0.025787,-0.033264,-0.701523
14.079313,0.023636,-0.051239,-0.635803
14.079338,0.022049,-0.072906,-0.590073
14.079364,0.022644,-0.093094,-0.574127
14.079387,0.027161,-0.105789,-0.593597
14.089102,0.036957,-0.106155,-0.649399
14.089298,0.052353,-0.092316,-0.737076
14.089358,0.072342,-0.066025,-0.846786
14.089416,0.094650,-0.032028,-0.965225
14.089456,0.116043,0.003098,-1.078659
14.089487,0.132919,0.032669,-1.175827
14.089510,0.141998,0.051300,-1.249237
14.089542,0.140915,0.056091,-1.295868
14.099064,0.128693,0.047150,-1.316956
14.099203,0.106003,0.027527,-1.317337
14.099234,0.075012,0.002426,-1.304428
14.099261,0.038895,-0.022171,-1.286636
14.099288,0.001282,-0.041016,-1.271561
14.099313,-0.034515,-0.050705,-1.264282
14.099338,-0.065964,-0.050415,-1.266556
14.099361,-0.091553,-0.041840,-1.276871
14.109147,-0.110916,-0.028442,-1.291260
14.109295,-0.124496,-0.014328,-1.304428
14.109334,-0.133163,-0.003265,-1.311096
14.109366,-0.137772,0.002304,-1.307022
14.109394,-0.138855,0.001663,-1.289764
14.109418,-0.136520,-0.004272,-1.259064
14.109446,-0.130432,-0.013321,-1.216736
14.109486,-0.120148,-0.022659,-1.166229
14.119022,-0.105240,-0.029587,-1.111832
14.119152,-0.085587,-0.032242,-1.058029
14.119182,-0.061493,-0.029999,-1.008667
14.119208,-0.033813,-0.023590,-0.966339
14.119234,-0.003830,-0.014832,-0.932022
14.119266,0.026871,-0.006058,-0.905457
14.119292,0.056732,0.000305,-0.885666
14.119324,0.084229,0.002457,-0.871277
14.129032,0.108246,-0.000565,-0.860748
14.129108,0.128006,-0.008698,-0.852661
14.129124,0.143082,-0.020905,-0.846161
14.129137,0.153427,-0.035461,-0.841064
14.129149,0.159134,-0.050369,-0.837738
14.129160,0.160416,-0.063644,-0.836731
14.129169,0.157547,-0.073700,-0.838638
14.129179,0.150894,-0.079559,-0.843918
14.138992,0.140778,-0.080948,-0.852737
14.139147,0.127625,-0.078171,-0.864868
14.139304,0.111908,-0.072052,-0.879654
14.139349,0.094131,-0.063705,-0.896118
14.139389,0.074814,-0.054352,-0.913239
14.139429,0.054520,-0.045151,-0.929962
14.139465,0.033798,-0.037048,-0.945206
14.139526,0.013260,-0.030640,-0.958084
14.149165,-0.006470,-0.026199,-0.968002
14.149325,-0.024750,-0.023605,-0.974808
14.149373,-0.040863,-0.022491,-0.978653
14.149414,-0.054169,-0.022293,-0.979935
14.149451,-0.064087,-0.022400,-0.979248
14.149488,-0.070175,-0.022263,-0.977371
14.149536,-0.072174,-0.021530,-0.975220
14.149573,-0.069992,-0.020096,-0.973557
14.159541,-0.063797,-0.018021,-0.972946
14.159664,-0.053894,-0.015594,-0.973770
14.159694,-0.040817,-0.013123,-0.976181
14.159722,-0.025192,-0.010986,-0.980179
14.159747,-0.007812,-0.009460,-0.985565
14.159773,0.010483,-0.008759,-0.992004
14.159817,0.028870,-0.008972,-0.999100
14.159900,0.046509,-0.010132,-1.006439
14.168963,0.062622,-0.012192,-1.013565
14.169077,0.076477,-0.015045,-1.019989
14.169109,0.087509,-0.018539,-1.025269
14.169135,0.095261,-0.022491,-1.029053
14.169167,0.099457,-0.026794,-1.031128
14.169193,0.099976,-0.031265,-1.031372
14.169217,0.096863,-0.035767,-1.029816
14.169241,0.090363,-0.040115,-1.026566
14.178998,0.080933,-0.044083,-1.021927
14.179127,0.069183,-0.047394,-1.016281
14.179165,0.055786,-0.049805,-1.010040
14.179192,0.041534,-0.051041,-1.003571
14.179218,0.027176,-0.050873,-0.997192
14.179242,0.013443,-0.049210,-0.991119
14.179267,0.000961,-0.046036,-0.985519
14.179290,-0.009720,-0.041534,-0.980499
14.188945,-0.018250,-0.035995,-0.976120
14.189063,-0.024368,-0.029800,-0.972366
14.189102,-0.027985,-0.023468,-0.969315
14.189136,-0.029114,-0.017471,-0.967010
14.189194,-0.027863,-0.012283,-0.965530
14.189221,-0.024429,-0.008240,-0.964890
14.189247,-0.019073,-0.005585,-0.965164
14.189271,-0.012085,-0.004379,-0.966370
14.199026,-0.003830,-0.004562,-0.968506
14.201388,0.005310,-0.005997,-0.971451
14.201601,0.014954,-0.008453,-0.975067
14.201658,0.024643,-0.011673,-0.979187
14.201710,0.033966,-0.015427,-0.983582
14.201748,0.042465,-0.019516,-0.988022
14.201773,0.049774,-0.023743,-0.992264
14.201797,0.055618,-0.027954,-0.996109
14.208980,0.059769,-0.031967,-0.999451
14.209094,0.062119,-0.035629,-1.002213
14.209123,0.062668,-0.038742,-1.004440
14.209148,0.061508,-0.041138,-1.006134
14.209181,0.058762,-0.042679,-1.007416
14.209207,0.054688,-0.043259,-1.008362
14.209232,0.049515,-0.042831,-1.009094
14.209258,0.043533,-0.041412,-1.009628
14.218916,0.037079,-0.039124,-1.009979
14.219036,0.030441,-0.036118,-1.010117
14.219072,0.023926,-0.032593,-1.010025
14.219100,0.017776,-0.028778,-1.009689
14.219125,0.012268,-0.024918,-1.009064
14.219149,0.007584,-0.021225,-1.008133
14.219181,0.003830,-0.017914,-1.006927
14.219207,0.001099,-0.015137,-1.005463
14.228941,-0.000565,-0.013046,-1.003815
14.229060,-0.001190,-0.011703,-1.002075
14.229087,-0.000809,-0.011154,-1.000305
14.229120,0.000534,-0.011353,-0.998627
14.229147,0.002777,-0.012253,-0.997147
14.229171,0.005783,-0.013748,-0.995941
14.229203,0.009415,-0.015747,-0.995056
14.229228,0.013489,-0.018097,-0.994507
14.238867,0.017792,-0.020706,-0.994263
14.239022,0.022125,-0.023422,-0.994263
14.239084,0.026291,-0.026184,-0.994431
14.239155,0.030121,-0.028885,-0.994659
14.239201,0.033478,-0.031479,-0.994873
14.239227,0.036255,-0.033829,-0.995056
14.239252,0.038361,-0.035858,-0.995193
14.239288,0.039749,-0.037445,-0.995300
14.249511,0.040421,-0.038498,-0.995361
14.249620,0.040375,-0.038940,-0.995392
14.249651,0.039658,-0.038757,-0.995361
14.249677,0.038376,-0.037949,-0.995255
14.249700,0.036682,-0.036575,-0.994980
14.249724,0.034683,-0.034698,-0.994522
14.249748,0.032501,-0.032501,-0.993851
14.249772,0.030258,-0.030090,-0.992935
14.261531,0.028046,-0.027664,-0.991791
14.261670,0.025925,-0.025345,-0.990463
14.261708,0.023956,-0.023239,-0.989014
14.261739,0.022202,-0.021439,-0.987549
14.261771,0.020691,-0.019989,-0.986160
14.261799,0.019501,-0.018936,-0.984985
14.261875,0.018646,-0.018295,-0.984070
14.261906,0.018127,-0.018066,-0.983505
14.269537,0.017944,-0.018265,-0.983292
14.269674,0.018051,-0.018890,-0.983414
14.269702,0.018448,-0.019943,-0.983871
14.269728,0.019058,-0.021423,-0.984604
14.269761,0.019852,-0.023254,-0.985626
14.269788,0.020752,-0.025375,-0.986877
14.269812,0.021698,-0.027664,-0.988312
14.269837,0.022629,-0.029984,-0.989838
14.279015,0.023453,-0.032211,-0.991394
14.279104,0.024109,-0.034210,-0.992889
14.279121,0.024597,-0.035889,-0.994263
14.279133,0.024857,-0.037201,-0.995483
14.279143,0.024933,-0.038071,-0.996506
14.279153,0.024841,-0.038498,-0.997299
14.279163,0.024643,-0.038483,-0.997864
14.279172,0.024429,-0.038025,-0.998169
14.288890,0.024231,-0.037155,-0.998245
14.289001,0.024094,-0.035889,-0.998123
14.289030,0.024017,-0.034271,-0.997833
14.289056,0.024033,-0.032379,-0.997437
14.289084,0.024139,-0.030273,-0.996948
14.289123,0.024323,-0.028091,-0.996429
14.289182,0.024582,-0.025940,-0.995865
14.289216,0.024872,-0.023926,-0.995285
14.299149,0.025208,-0.022171,-0.994675
14.299314,0.025528,-0.020767,-0.994049
14.299356,0.025864,-0.019760,-0.993439
14.299389,0.026184,-0.019165,-0.992859
14.299420,0.026459,-0.018967,-0.992279
14.299449,0.026657,-0.019150,-0.991745
14.299479,0.026733,-0.019699,-0.991226
14.299507,0.026672,-0.020569,-0.990723
14.310035,0.026489,-0.021744,-0.990265
14.310342,0.026199,-0.023178,-0.989883
14.310374,0.025833,-0.024811,-0.989594
14.310402,0.025421,-0.026581,-0.989395
14.310426,0.024979,-0.028366,-0.989319
14.310450,0.024506,-0.030121,-0.989395
14.310474,0.023987,-0.031723,-0.989594
14.310507,0.023453,-0.033081,-0.989929
14.318848,0.022919,-0.034088,-0.990402
14.318958,0.022415,-0.034698,-0.990967
14.318989,0.021988,-0.034866,-0.991623
14.319015,0.021652,-0.034592,-0.992340
14.319040,0.021439,-0.033920,-0.993134
14.319067,0.021332,-0.032898,-0.993973
14.319091,0.021347,-0.031555,-0.994843
14.319114,0.021500,-0.029984,-0.995728
14.328839,0.021790,-0.028275,-0.996597
14.328955,0.022247,-0.026520,-0.997437
14.328984,0.022858,-0.024796,-0.998230
14.329018,0.023590,-0.023193,-0.998947
14.329045,0.024414,-0.021774,-0.999557
14.329071,0.025269,-0.020630,-1.000061
14.329096,0.026047,-0.019775,-1.000397
14.329122,0.026718,-0.019257,-1.000580
14.338818,0.027222,-0.019073,-1.000580
14.338976,0.027557,-0.019196,-1.000427
14.339039,0.027725,-0.019608,-1.000137
14.339071,0.027740,-0.020294,-0.999756
14.339096,0.027634,-0.021210,-0.999298
14.339120,0.027420,-0.022293,-0.998795
14.339193,0.027115,-0.023453,-0.998306
14.339263,0.026688,-0.024612,-0.997818
14.350017,0.026184,-0.025711,-0.997345
14.350153,0.025589,-0.026703,-0.996918
14.350184,0.024933,-0.027557,-0.996506
14.350212,0.024231,-0.028198,-0.996170
14.350237,0.023529,-0.028625,-0.995911
14.350263,0.022873,-0.028809,-0.995712
14.350289,0.022293,-0.028778,-0.995590
14.350313,0.021851,-0.028549,-0.995529
14.358794,0.021576,-0.028168,-0.995483
14.358908,0.021500,-0.027679,-0.995453
14.358936,0.021637,-0.027145,-0.995392
14.358960,0.021942,-0.026611,-0.995285
14.358992,0.022400,-0.026093,-0.995148
14.359019,0.022919,-0.025620,-0.994980
14.359044,0.023514,-0.025177,-0.994812
14.359067,0.024139,-0.024811,-0.994629
14.368778,0.024719,-0.024490,-0.994431
14.368892,0.025253,-0.024277,-0.994232
14.368921,0.025726,-0.024170,-0.994049
14.368946,0.026123,-0.024170,-0.993866
14.368971,0.026443,-0.024292,-0.993668
14.368998,0.026672,-0.024506,-0.993500
14.369022,0.026825,-0.024811,-0.993332
14.369047,0.026917,-0.025162,-0.993195
14.378817,0.026947,-0.025528,-0.993073
14.378951,0.026932,-0.025909,-0.992950
14.378980,0.026886,-0.026260,-0.992859
14.379015,0.026794,-0.026596,-0.992767
14.379040,0.026657,-0.026901,-0.992691
14.379065,0.026474,-0.027191,-0.992599
14.379089,0.026245,-0.027451,-0.992508
14.379123,0.025986,-0.027679,-0.992416
14.388716,0.025665,-0.027893,-0.992340
14.388880,0.025345,-0.028061,-0.992294
14.388935,0.025009,-0.028168,-0.992294
14.388964,0.024689,-0.028229,-0.992340
14.388990,0.024384,-0.028214,-0.992401
14.389013,0.024094,-0.028137,-0.992462
14.389072,0.023788,-0.028030,-0.992523
14.389111,0.023483,-0.027908,-0.992584
14.400858,0.023148,-0.027832,-0.992615
14.400983,0.022827,-0.027786,-0.992615
14.401323,0.022507,-0.027756,-0.992569
14.401373,0.022217,-0.027756,-0.992477
14.401402,0.021988,-0.027756,-0.992386
14.401426,0.021866,-0.027786,-0.992264
14.401450,0.021866,-0.027817,-0.992157
14.401474,0.022018,-0.027863,-0.992081
14.408694,0.022308,-0.027924,-0.992035
14.408753,0.022720,-0.027969,-0.992035
14.408779,0.023193,-0.028015,-0.992081
14.408813,0.023682,-0.028076,-0.992172
14.408836,0.024185,-0.028137,-0.992294
14.408859,0.024658,-0.028183,-0.992432
14.408890,0.025116,-0.028229,-0.992599
14.408915,0.025513,-0.028259,-0.992798
14.418697,0.025879,-0.028244,-0.993011
14.418803,0.026169,-0.028168,-0.993225
14.418831,0.026413,-0.028015,-0.993439
14.418858,0.026611,-0.027802,-0.993591
14.418890,0.026718,-0.027527,-0.993698
14.418917,0.026733,-0.027237,-0.993683
14.418941,0.026672,-0.026962,-0.993591
14.418964,0.026535,-0.026733,-0.993393
14.428736,0.026352,-0.026566,-0.993134
14.428852,0.026169,-0.026443,-0.992859
14.428888,0.025955,-0.026352,-0.992569
14.428918,0.025726,-0.026306,-0.992325
14.428956,0.025467,-0.026291,-0.992126
14.428989,0.025177,-0.026291,-0.991989
14.429018,0.024857,-0.026291,-0.991943
14.429050,0.024521,-0.026306,-0.991974
14.438689,0.024216,-0.026321,-0.992096
14.438854,0.023911,-0.026337,-0.992310
14.438912,0.023666,-0.026337,-0.992584
14.438941,0.023483,-0.026352,-0.992920
14.438976,0.023422,-0.026352,-0.993286
14.439026,0.023468,-0.026367,-0.993668
14.439061,0.023605,-0.026367,-0.994019
14.439088,0.023849,-0.026367,-0.994354
14.449160,0.024155,-0.026367,-0.994629
14.449316,0.024506,-0.026367,-0.994873
14.449364,0.024841,-0.026367,-0.995087
14.449403,0.025116,-0.026382,-0.995255
14.449441,0.025314,-0.026398,-0.995407
14.449479,0.025406,-0.026398,-0.995544
14.449515,0.025391,-0.026367,-0.995682
14.449552,0.025284,-0.026306,-0.995850
14.460291,0.025101,-0.026199,-0.996017
14.460422,0.024857,-0.026031,-0.996216
14.460451,0.024597,-0.025803,-0.996429
14.460484,0.024353,-0.025543,-0.996613
14.460511,0.024124,-0.025299,-0.996750
14.460552,0.023941,-0.025101,-0.996841
14.460627,0.023804,-0.024994,-0.996887
14.460660,0.023743,-0.024994,-0.996918
14.468676,0.023727,-0.025085,-0.996948
14.468771,0.023743,-0.025223,-0.996964
14.468839,0.023758,-0.025391,-0.996994
14.468866,0.023788,-0.025574,-0.996979
14.468890,0.023804,-0.025742,-0.996933
14.468915,0.023788,-0.025909,-0.996811
14.468941,0.023758,-0.026093,-0.996643
14.468968,0.023712,-0.026260,-0.996429
14.478678,0.023666,-0.026413,-0.996201
14.478799,0.023621,-0.026566,-0.996002
14.478834,0.023605,-0.026672,-0.995850
14.478864,0.023621,-0.026733,-0.995758
14.478894,0.023651,-0.026749,-0.995743
14.478925,0.023743,-0.026749,-0.995773
14.478953,0.023865,-0.026718,-0.995819
14.478984,0.024033,-0.026672,-0.995880
14.488632,0.024200,-0.026611,-0.995941
14.488756,0.024353,-0.026566,-0.995972
14.488825,0.024506,-0.026550,-0.995956
14.488872,0.024643,-0.026535,-0.995911
14.488976,0.024780,-0.026550,-0.995850
14.489009,0.024918,-0.026550,-0.995789
14.489051,0.025070,-0.026535,-0.995728
14.489081,0.025177,-0.026505,-0.995651
14.498674,0.025269,-0.026474,-0.995560
14.498815,0.025299,-0.026489,-0.995499
14.498851,0.025269,-0.026550,-0.995438
14.498881,0.025192,-0.026688,-0.995361
14.498910,0.025070,-0.026886,-0.995255
14.498948,0.024918,-0.027130,-0.995117
14.498980,0.024750,-0.027405,-0.994949
14.499010,0.024582,-0.027664,-0.994751
14.508924,0.024445,-0.027893,-0.994522
14.509054,0.024323,-0.028076,-0.994278
14.509089,0.024231,-0.028214,-0.994034
14.509120,0.024170,-0.028305,-0.993790
14.509160,0.024139,-0.028351,-0.993576
14.509191,0.024094,-0.028366,-0.993408
14.509408,0.024033,-0.028351,-0.993271
14.509447,0.023972,-0.028305,-0.993179
14.521581,0.023895,-0.028259,-0.993103
14.521661,0.023788,-0.028198,-0.993027
14.521679,0.023651,-0.028107,-0.992981
14.521691,0.023499,-0.028000,-0.992966
14.521702,0.023315,-0.027847,-0.992981
14.521712,0.023132,-0.027649,-0.993011
14.521721,0.022949,-0.027420,-0.993042
14.521731,0.022781,-0.027191,-0.993088
14.528615,0.022659,-0.026993,-0.993134
14.528721,0.022598,-0.026871,-0.993210
14.528751,0.022629,-0.026825,-0.993301
14.528777,0.022781,-0.026886,-0.993423
14.528803,0.023071,-0.027069,-0.993591
14.528827,0.023483,-0.027344,-0.993790
14.528853,0.023987,-0.027634,-0.994049
14.528877,0.024521,-0.027924,-0.994354
14.538595,0.025009,-0.028152,-0.994690
14.538720,0.025360,-0.028336,-0.995026
14.538749,0.025528,-0.028473,-0.995300
14.538775,0.025497,-0.028519,-0.995468
14.538799,0.025253,-0.028503,-0.995499
14.538823,0.024887,-0.028427,-0.995392
14.538847,0.024475,-0.028336,-0.995193
14.538871,0.024094,-0.028198,-0.994888
14.549040,0.023834,-0.028061,-0.994553
14.549326,0.023743,-0.027924,-0.994217
14.549376,0.023834,-0.027802,-0.993927
14.549417,0.024063,-0.027679,-0.993668
14.549454,0.024414,-0.027557,-0.993454
14.549493,0.024811,-0.027466,-0.993271
14.549531,0.025192,-0.027405,-0.993088
14.549703,0.025543,-0.027390,-0.992905
14.558834,0.025818,-0.027390,-0.992722
14.558966,0.026001,-0.027390,-0.992554
14.558995,0.026093,-0.027390,-0.992401
14.559020,0.026047,-0.027374,-0.992294
14.559135,0.025894,-0.027328,-0.992203
14.559168,0.025620,-0.027267,-0.992004
14.559333,0.025269,-0.027008,-0.990448
14.559373,0.024857,-0.026199,-0.983047
14.568546,0.024399,-0.024673,-0.962555
14.568656,0.023788,-0.023178,-0.923019
14.568693,0.022659,-0.023544,-0.862640
14.568721,0.020569,-0.028259,-0.783920
14.568746,0.017334,-0.039398,-0.692917
14.568769,0.013351,-0.057602,-0.600021
14.568802,0.009613,-0.081161,-0.520111
14.568827,0.007751,-0.105774,-0.468491
14.578592,0.009903,-0.125092,-0.456604
14.578732,0.018173,-0.132584,-0.490585
14.578763,0.033920,-0.123718,-0.570435
14.578790,0.057175,-0.097687,-0.689255
14.578816,0.086365,-0.057663,-0.833694
14.578848,0.118393,-0.010147,-0.986710
14.578874,0.149033,0.036652,-1.131271
14.578899,0.173691,0.074738,-1.253281
14.588522,0.188232,0.098007,-1.343445
14.588632,0.189682,0.103516,-1.398300
14.588666,0.176834,0.092072,-1.420059
14.588692,0.150543,0.067841,-1.415390
14.588741,0.113510,0.037308,-1.393997
14.588781,0.069763,0.007584,-1.366455
14.588808,0.023849,-0.015152,-1.342087
14.588833,-0.019882,-0.027100,-1.327118
14.599035,-0.058167,-0.027405,-1.323746
14.599179,-0.089081,-0.018143,-1.330353
14.599224,-0.112259,-0.003510,-1.342239
14.599265,-0.128555,0.011429,-1.353073
14.599303,-0.139557,0.021988,-1.356583
14.599339,-0.146881,0.024933,-1.347778
14.599378,-0.151642,0.019135,-1.323898
14.599415,-0.154144,0.005630,-1.284943
14.608608,-0.153931,-0.012756,-1.233475
14.608847,-0.150040,-0.032318,-1.173965
14.608887,-0.141403,-0.049286,-1.111771
14.608914,-0.127274,-0.060837,-1.052200
14.608939,-0.107544,-0.065521,-0.999634
14.608984,-0.082748,-0.063507,-0.956741
14.609010,-0.054062,-0.056381,-0.924210
14.609033,-0.023087,-0.046585,-0.901154
14.618624,0.008392,-0.036865,-0.885681
14.618747,0.038742,-0.029663,-0.875534
14.618777,0.066589,-0.026688,-0.868317
14.618803,0.090973,-0.028717,-0.862030
14.618829,0.111313,-0.035492,-0.855515
14.618861,0.127457,-0.045868,-0.848495
14.618888,0.139435,-0.058167,-0.841537
14.618913,0.147415,-0.070404,-0.835587
14.628521,0.151611,-0.080750,-0.831772
14.628633,0.152222,-0.087799,-0.831085
14.628668,0.149429,-0.090759,-0.834183
14.628707,0.143372,-0.089508,-0.841202
14.628739,0.134171,-0.084534,-0.851669
14.628769,0.121994,-0.076859,-0.864685
14.628801,0.107056,-0.067688,-0.879120
14.628831,0.089722,-0.058273,-0.893814
14.638483,0.070450,-0.049606,-0.907608
14.638623,0.049866,-0.042297,-0.919601
14.638661,0.028793,-0.036499,-0.929306
14.638691,0.008087,-0.031998,-0.936737
14.638720,-0.011292,-0.028305,-0.942215
14.638749,-0.028442,-0.024811,-0.946320
14.638777,-0.042587,-0.020996,-0.949707
14.638834,-0.053085,-0.016495,-0.953140
14.648495,-0.059479,-0.011261,-0.957352
14.648978,-0.061569,-0.005508,-0.962845
14.649012,-0.059402,0.000244,-0.969894
14.649039,-0.053253,0.005386,-0.978546
14.649066,-0.043625,0.009262,-0.988678
14.649090,-0.031174,0.011353,-0.999954
14.649113,-0.016693,0.011368,-1.011917
14.649137,-0.001099,0.009308,-1.023987
14.658541,0.014740,0.005386,-1.035614
14.659054,0.029999,0.000000,-1.046204
14.659093,0.043869,-0.006409,-1.055222
14.659121,0.055679,-0.013321,-1.062180
14.659146,0.064911,-0.020294,-1.066681
14.659170,0.071198,-0.026962,-1.068497
14.659203,0.074326,-0.033066,-1.067535
14.659229,0.074310,-0.038437,-1.063873
14.668453,0.071335,-0.043015,-1.057709
14.668568,0.065781,-0.046738,-1.049362
14.668596,0.058151,-0.049591,-1.039322
14.668621,0.049042,-0.051514,-1.028152
14.668653,0.039124,-0.052460,-1.016418
14.668678,0.029083,-0.052307,-1.004654
14.668703,0.019562,-0.051025,-0.993256
14.668726,0.011108,-0.048569,-0.982544
14.678488,0.004150,-0.044983,-0.972748
14.678600,-0.001007,-0.040405,-0.964005
14.678638,-0.004257,-0.035034,-0.956375
14.678666,-0.005615,-0.029205,-0.949890
14.678690,-0.005203,-0.023270,-0.944611
14.678717,-0.003220,-0.017609,-0.940582
14.678740,0.000092,-0.012619,-0.937851
14.678765,0.004517,-0.008575,-0.936401
14.688414,0.009781,-0.005692,-0.936264
14.688541,0.015625,-0.004074,-0.937393
14.688571,0.021790,-0.003738,-0.939743
14.688597,0.028000,-0.004608,-0.943115
14.688621,0.033951,-0.006546,-0.947311
14.688645,0.039398,-0.009384,-0.952103
14.688668,0.044083,-0.012970,-0.957245
14.688704,0.047775,-0.017044,-0.962524
14.698447,0.050339,-0.021408,-0.967758
14.698567,0.051682,-0.025818,-0.972778
14.698604,0.051788,-0.030075,-0.977539
14.698632,0.050690,-0.033951,-0.982040
14.698656,0.048447,-0.037308,-0.986313
14.698681,0.045212,-0.039963,-0.990433
14.698711,0.041168,-0.041824,-0.994476
14.698738,0.036560,-0.042831,-0.998505
14.708444,0.031693,-0.042923,-1.002563
14.708592,0.026825,-0.042130,-1.006592
14.708636,0.022202,-0.040466,-1.010529
14.708673,0.018021,-0.038071,-1.014328
14.709181,0.014420,-0.035049,-1.017853
14.709239,0.011520,-0.031586,-1.021027
14.709278,0.009369,-0.027878,-1.023727
14.709317,0.007950,-0.024124,-1.025833
14.718398,0.007217,-0.020569,-1.027298
14.718525,0.007080,-0.017410,-1.028061
14.718580,0.007446,-0.014786,-1.028137
14.718630,0.008240,-0.012833,-1.027557
14.718658,0.009399,-0.011627,-1.026413
14.718683,0.010880,-0.011124,-1.024811
14.718707,0.012589,-0.011261,-1.022858
14.718739,0.014526,-0.011963,-1.020645
14.728430,0.016602,-0.013168,-1.018234
14.728562,0.018753,-0.014786,-1.015656
14.728592,0.020920,-0.016769,-1.012939
14.728617,0.023010,-0.019058,-1.010117
14.728641,0.024963,-0.021561,-1.007202
14.728672,0.026703,-0.024216,-1.004196
14.728698,0.028183,-0.026917,-1.001114
14.728723,0.029388,-0.029541,-0.998032
14.738399,0.030319,-0.031967,-0.995010
14.738559,0.030975,-0.034027,-0.992142
14.738617,0.031342,-0.035599,-0.989517
14.738670,0.031479,-0.036575,-0.987198
14.738747,0.031418,-0.036926,-0.985229
14.738838,0.031204,-0.036682,-0.983597
14.739033,0.030884,-0.035889,-0.982239
14.739216,0.030457,-0.034683,-0.981110
14.748464,0.029938,-0.033203,-0.980118
14.748597,0.029373,-0.031570,-0.979202
14.748635,0.028763,-0.029922,-0.978333
14.748663,0.028122,-0.028351,-0.977493
14.748688,0.027466,-0.026917,-0.976700
14.748714,0.026810,-0.025665,-0.976013
14.748738,0.026138,-0.024582,-0.975479
14.748762,0.025497,-0.023697,-0.975174
14.758481,0.024872,-0.022995,-0.975159
14.758608,0.024292,-0.022522,-0.975494
14.758642,0.023743,-0.022278,-0.976242
14.758683,0.023285,-0.022247,-0.977402
14.758712,0.022949,-0.022476,-0.978989
14.758749,0.022766,-0.022949,-0.980942
14.758820,0.022705,-0.023666,-0.983246
14.759206,0.022751,-0.024597,-0.985794
14.770828,0.022858,-0.025696,-0.988525
14.770957,0.022980,-0.026901,-0.991302
14.771080,0.023117,-0.028168,-0.994049
14.771103,0.023224,-0.029404,-0.996643
14.771115,0.023270,-0.030548,-0.998993
14.771126,0.023270,-0.031586,-1.001038
14.771137,0.023209,-0.032455,-1.002716
14.771147,0.023102,-0.033112,-1.004013
14.778411,0.022995,-0.033554,-1.004944
14.778482,0.022903,-0.033722,-1.005493
14.778497,0.022827,-0.033600,-1.005661
14.778510,0.022766,-0.033203,-1.005493
14.778521,0.022720,-0.032516,-1.005020
14.778532,0.022690,-0.031601,-1.004333
14.778542,0.022690,-0.030502,-1.003464
14.778552,0.022751,-0.029251,-1.002426
14.788381,0.022888,-0.027939,-1.001282
14.788450,0.023102,-0.026611,-1.000076
14.788464,0.023361,-0.025345,-0.998825
14.788475,0.023682,-0.024185,-0.997589
14.788485,0.024002,-0.023209,-0.996384
14.788495,0.024307,-0.022446,-0.995209
14.788505,0.024597,-0.021957,-0.994080
14.788515,0.024857,-0.021744,-0.992996
14.798403,0.025101,-0.021805,-0.991943
14.798533,0.025330,-0.022110,-0.990891
14.798583,0.025513,-0.022675,-0.989853
14.798643,0.025665,-0.023453,-0.988846
14.798658,0.025772,-0.024429,-0.987869
14.798669,0.025818,-0.025528,-0.986954
14.798680,0.025787,-0.026703,-0.986099
14.798690,0.025696,-0.027832,-0.985352
14.808326,0.025543,-0.028870,-0.984756
14.808388,0.025360,-0.029709,-0.984344
14.808402,0.025131,-0.030289,-0.984192
14.808413,0.024887,-0.030594,-0.984299
14.808423,0.024628,-0.030579,-0.984680
14.808433,0.024368,-0.030228,-0.985306
14.808443,0.024155,-0.029587,-0.986099
14.808453,0.024002,-0.028702,-0.987030
14.818364,0.023956,-0.027649,-0.988022
14.818501,0.024017,-0.026520,-0.989029
14.818535,0.024155,-0.025391,-0.990021
14.818548,0.024353,-0.024307,-0.990967
14.818559,0.024582,-0.023361,-0.991898
14.818569,0.024811,-0.022583,-0.992813
14.818662,0.025009,-0.022018,-0.993729
14.818701,0.025162,-0.021667,-0.994659
14.828334,0.025253,-0.021561,-0.995590
14.828462,0.025299,-0.021667,-0.996536
14.828499,0.025284,-0.021973,-0.997498
14.828527,0.025238,-0.022430,-0.998428
14.828552,0.025146,-0.022995,-0.999329
14.828583,0.024994,-0.023621,-1.000168
14.828609,0.024811,-0.024292,-1.000916
14.828633,0.024612,-0.024979,-1.001526
14.838274,0.024414,-0.025620,-1.001953
14.838394,0.024231,-0.026215,-1.002197
14.838422,0.024109,-0.026718,-1.002274
14.838446,0.024033,-0.027100,-1.002197
14.838470,0.024002,-0.027359,-1.001999
14.838494,0.024002,-0.027466,-1.001694
14.838519,0.024017,-0.027481,-1.001297
14.838542,0.024017,-0.027420,-1.000824
14.848339,0.024002,-0.027313,-1.000305
14.849645,0.023956,-0.027176,-0.999771
14.849697,0.023895,-0.027023,-0.999207
14.849737,0.023849,-0.026840,-0.998642
14.849835,0.023819,-0.026672,-0.998077
14.849874,0.023849,-0.026489,-0.997498
14.849910,0.023941,-0.026321,-0.996918
14.849956,0.024063,-0.026138,-0.996353
14.859907,0.024246,-0.025940,-0.995804
14.860314,0.024490,-0.025772,-0.995331
14.860375,0.024750,-0.025665,-0.994904
14.860405,0.025040,-0.025620,-0.994522
14.860431,0.025330,-0.025665,-0.994156
14.860456,0.025604,-0.025787,-0.993790
14.860479,0.025879,-0.025970,-0.993423
14.860503,0.026138,-0.026169,-0.993042
14.868966,0.026413,-0.026367,-0.992661
14.869107,0.026642,-0.026550,-0.992340
14.869138,0.026855,-0.026703,-0.992065
14.869176,0.027008,-0.026810,-0.991867
14.869203,0.027100,-0.026871,-0.991730
14.869228,0.027115,-0.026901,-0.991638
14.869251,0.027039,-0.026917,-0.991577
14.869285,0.026871,-0.026917,-0.991516
14.878267,0.026642,-0.026901,-0.991486
14.878389,0.026321,-0.026901,-0.991455
14.878420,0.025940,-0.026886,-0.991440
14.878446,0.025543,-0.026871,-0.991425
14.878470,0.025146,-0.026825,-0.991440
14.878494,0.024780,-0.026749,-0.991455
14.878521,0.024429,-0.026627,-0.991516
14.878545,0.024124,-0.026505,-0.991592
14.888210,0.023849,-0.026382,-0.991714
14.888299,0.023651,-0.026276,-0.991898
14.888328,0.023514,-0.026215,-0.992126
14.888355,0.023468,-0.026184,-0.992401
14.888379,0.023483,-0.026199,-0.992706
14.888403,0.023575,-0.026245,-0.993027
14.888427,0.023727,-0.026321,-0.993332
14.888450,0.023880,-0.026428,-0.993607
14.900220,0.024033,-0.026581,-0.993820
14.900362,0.024139,-0.026779,-0.993912
14.900398,0.024170,-0.027008,-0.993912
14.900431,0.024170,-0.027283,-0.993790
14.900589,0.024139,-0.027588,-0.993561
14.900633,0.024094,-0.027893,-0.993271
14.900665,0.024078,-0.028183,-0.992966
14.900703,0.024109,-0.028427,-0.992706
14.908229,0.024155,-0.028595,-0.992462
14.908399,0.024246,-0.028702,-0.992249
14.908440,0.024353,-0.028732,-0.992065
14.908470,0.024475,-0.028717,-0.991882
14.908494,0.024628,-0.028656,-0.991684
14.908518,0.024811,-0.028580,-0.991470
14.908541,0.025009,-0.028503,-0.991226
14.908565,0.025223,-0.028473,-0.991013
14.918262,0.025452,-0.028458,-0.990845
14.918373,0.025665,-0.028473,-0.990768
14.918402,0.025818,-0.028519,-0.990814
14.918428,0.025894,-0.028595,-0.990967
14.918453,0.025864,-0.028702,-0.991226
14.918479,0.025742,-0.028839,-0.991562
14.918503,0.025497,-0.028992,-0.991928
14.918526,0.025177,-0.029175,-0.992325
14.928230,0.024796,-0.029343,-0.992706
14.928350,0.024368,-0.029465,-0.993057
14.928379,0.023972,-0.029495,-0.993393
14.928404,0.023621,-0.029434,-0.993713
14.928436,0.023346,-0.029266,-0.993988
14.928463,0.023148,-0.028961,-0.994232
14.928488,0.023056,-0.028534,-0.994400
14.928514,0.023010,-0.028030,-0.994507
14.938181,0.023041,-0.027496,-0.994537
14.938304,0.023148,-0.026962,-0.994522
14.938334,0.023331,-0.026474,-0.994461
14.938359,0.023590,-0.026077,-0.994385
14.938383,0.023926,-0.025787,-0.994324
14.938409,0.024307,-0.025665,-0.994247
14.938438,0.024719,-0.025711,-0.994202
14.938466,0.025085,-0.025864,-0.994171
14.948211,0.025391,-0.026108,-0.994141
14.948997,0.025620,-0.026382,-0.994156
14.949042,0.025787,-0.026657,-0.994202
14.949082,0.025848,-0.026901,-0.994263
14.949119,0.025833,-0.027115,-0.994385
14.949157,0.025757,-0.027283,-0.994537
14.949195,0.025635,-0.027390,-0.994766
14.949233,0.025497,-0.027405,-0.995041
14.958224,0.025391,-0.027328,-0.995377
14.958866,0.025284,-0.027115,-0.995743
14.958929,0.025208,-0.026810,-0.996109
14.958970,0.025131,-0.026398,-0.996429
14.959008,0.025055,-0.025925,-0.996658
14.959049,0.024963,-0.025421,-0.996811
14.959087,0.024841,-0.024963,-0.996857
14.959284,0.024689,-0.024567,-0.996841
14.968175,0.024536,-0.024277,-0.996765
14.968296,0.024384,-0.024078,-0.996674
14.968326,0.024246,-0.023987,-0.996567
14.968350,0.024109,-0.023956,-0.996460
14.968374,0.023987,-0.023987,-0.996338
14.968397,0.023880,-0.024063,-0.996231
14.968430,0.023804,-0.024200,-0.996109
14.968456,0.023727,-0.024399,-0.995987
14.978180,0.023697,-0.024658,-0.995911
14.978311,0.023697,-0.024963,-0.995865
14.978340,0.023758,-0.025284,-0.995880
14.978374,0.023865,-0.025635,-0.995941
14.978401,0.024033,-0.025940,-0.996017
14.978425,0.024216,-0.026199,-0.996094
14.978448,0.024399,-0.026352,-0.996140
14.978471,0.024567,-0.026413,-0.996170
14.988122,0.024719,-0.026367,-0.996155
14.988187,0.024841,-0.026215,-0.996124
14.988216,0.024948,-0.026016,-0.996033
14.988242,0.025040,-0.025818,-0.995895
14.988266,0.025116,-0.025665,-0.995728
14.988301,0.025177,-0.025558,-0.995499
14.988325,0.025192,-0.025543,-0.995239
14.988348,0.025177,-0.025604,-0.994949
14.998139,0.025101,-0.025726,-0.994675
14.998218,0.024963,-0.025909,-0.994415
14.998246,0.024796,-0.026123,-0.994202
14.998270,0.024597,-0.026352,-0.994049
14.998294,0.024399,-0.026611,-0.993942
14.998326,0.024200,-0.026886,-0.993866
14.998352,0.024033,-0.027176,-0.993835
14.998376,0.023926,-0.027481,-0.993820
15.008177,0.023895,-0.027771,-0.993851
15.008319,0.023926,-0.028061,-0.993896
15.008374,0.024048,-0.028275,-0.993958
15.008415,0.024200,-0.028412,-0.994003
15.008454,0.024384,-0.028442,-0.994049
15.008492,0.024567,-0.028366,-0.994080
15.008587,0.024734,-0.028198,-0.994064
15.008627,0.024857,-0.028000,-0.993988
15.018951,0.024933,-0.027817,-0.993835
15.019211,0.024933,-0.027679,-0.993607
15.019249,0.024887,-0.027588,-0.993347
15.019275,0.024796,-0.027527,-0.993057
15.019302,0.024689,-0.027466,-0.992783
15.019328,0.024582,-0.027390,-0.992569
15.019354,0.024445,-0.027283,-0.992416
15.019380,0.024323,-0.027176,-0.992325
15.028118,0.024200,-0.027100,-0.992294
15.028238,0.024063,-0.027069,-0.992279
15.028266,0.023941,-0.027115,-0.992294
15.028299,0.023849,-0.027222,-0.992325
15.028325,0.023758,-0.027374,-0.992355
15.028349,0.023712,-0.027588,-0.992416
15.028381,0.023666,-0.027817,-0.992538
15.028407,0.023651,-0.028030,-0.992752
15.038116,0.023651,-0.028214,-0.993027
15.038217,0.023666,-0.028336,-0.993347
15.038245,0.023712,-0.028412,-0.993683
15.038271,0.023773,-0.028427,-0.994003
15.038295,0.023849,-0.028427,-0.994293
15.038320,0.023956,-0.028412,-0.994507
15.038344,0.024078,-0.028366,-0.994629
15.038369,0.024216,-0.028259,-0.994720
15.048114,0.024384,-0.028122,-0.994781
15.048241,0.024582,-0.027954,-0.994827
15.048278,0.024811,-0.027725,-0.994888
15.048319,0.025009,-0.027466,-0.994949
15.048351,0.025192,-0.027206,-0.994995
15.049066,0.025299,-0.026962,-0.994995
15.049103,0.025314,-0.026718,-0.994934
15.049131,0.025238,-0.026505,-0.994797
15.058278,0.025070,-0.026337,-0.994583
15.058398,0.024796,-0.026215,-0.994308
15.058426,0.024429,-0.026138,-0.993988
15.058450,0.024017,-0.026123,-0.993622
15.058476,0.023605,-0.026138,-0.993240
15.058501,0.023254,-0.026169,-0.992874
15.058525,0.023026,-0.026215,-0.992554
15.058549,0.022919,-0.026291,-0.992325
15.068588,0.022934,-0.026367,-0.992203
15.068712,0.023071,-0.026474,-0.992203
15.068966,0.023300,-0.026611,-0.992310
15.069381,0.023605,-0.026764,-0.992493
15.069407,0.023956,-0.026917,-0.992737
15.069434,0.024338,-0.027023,-0.993027
15.069459,0.024734,-0.027054,-0.993317
15.069484,0.025116,-0.026993,-0.993607
15.078095,0.025452,-0.026794,-0.993759
15.078233,0.025711,-0.026505,-0.992569
15.078263,0.025894,-0.026489,-0.985672
15.078288,0.025925,-0.028091,-0.966095
15.078312,0.025528,-0.033585,-0.928452
15.078337,0.024445,-0.045456,-0.870895
15.078362,0.022736,-0.065033,-0.795303
15.078386,0.020691,-0.091660,-0.709076
15.088074,0.018951,-0.122131,-0.624680
15.088166,0.018524,-0.151123,-0.555679
15.088193,0.020584,-0.172241,-0.514359
15.088218,0.026123,-0.179459,-0.510223
15.088242,0.035782,-0.168427,-0.547913
15.088266,0.049622,-0.137680,-0.625687
15.088289,0.066895,-0.089325,-0.735870
15.088313,0.086014,-0.028976,-0.866898
15.098066,0.104736,0.035385,-1.004913
15.098316,0.120605,0.094955,-1.135605
15.098868,0.131210,0.141678,-1.246902
15.098921,0.134583,0.169800,-1.331161
15.098954,0.129547,0.176788,-1.385620
15.098987,0.115921,0.163574,-1.411880
15.099018,0.094574,0.134155,-1.415237
15.099047,0.067337,0.094604,-1.403351
15.108053,0.036606,0.051743,-1.384247
15.108187,0.004959,0.011887,-1.364670
15.108222,-0.025284,-0.020279,-1.349182
15.108265,-0.052475,-0.042297,-1.339661
15.108782,-0.075668,-0.054031,-1.335236
15.108829,-0.094681,-0.057205,-1.332870
15.108856,-0.109802,-0.054626,-1.328445
15.108884,-0.121506,-0.049255,-1.317902
15.118058,-0.130188,-0.043472,-1.298157
15.118188,-0.135880,-0.038589,-1.267700
15.118225,-0.138229,-0.034836,-1.226974
15.118251,-0.136627,-0.031601,-1.178070
15.118276,-0.130310,-0.027924,-1.124222
15.118307,-0.118759,-0.022919,-1.069244
15.118333,-0.101761,-0.016113,-1.016815
15.118359,-0.079620,-0.007782,-0.969833
15.128037,-0.053223,0.001068,-0.930206
15.128154,-0.023880,0.008896,-0.898605
15.128190,0.006744,0.013916,-0.874619
15.128222,0.037018,0.014618,-0.857025
15.128254,0.065399,0.010025,-0.844284
15.128282,0.090652,-0.000046,-0.835007
15.128310,0.111877,-0.014969,-0.828049
15.128348,0.128647,-0.033401,-0.822739
15.138024,0.140823,-0.053574,-0.818924
15.138124,0.148514,-0.073563,-0.816910
15.138152,0.152008,-0.091492,-0.817276
15.138179,0.151672,-0.105865,-0.820557
15.138204,0.147934,-0.115616,-0.827103
15.138227,0.141174,-0.120255,-0.836990
15.138251,0.131790,-0.119827,-0.849976
15.138274,0.120102,-0.114853,-0.865402
15.148847,0.106445,-0.106201,-0.882309
15.149032,0.091095,-0.094925,-0.899567
15.149080,0.074387,-0.082092,-0.916077
15.149118,0.056702,-0.068649,-0.930893
15.150051,0.038483,-0.055344,-0.943253
15.150172,0.020294,-0.042618,-0.952759
15.150201,0.002731,-0.030731,-0.959335
15.150226,-0.013519,-0.019745,-0.963257
15.158075,-0.027802,-0.009628,-0.965012
15.158199,-0.039520,-0.000381,-0.965256
15.158229,-0.048157,0.007950,-0.964706
15.158254,-0.053360,0.015182,-0.964111
15.158278,-0.054932,0.021057,-0.964157
15.158303,-0.052826,0.025208,-0.965393
15.158329,-0.047241,0.027313,-0.968201
15.158355,-0.038452,0.027145,-0.972809
15.168316,-0.026962,0.024612,-0.979294
15.168447,-0.013367,0.019821,-0.987534
15.168477,0.001572,0.013062,-0.997253
15.168502,0.017090,0.004761,-1.008026
15.168527,0.032318,-0.004562,-1.019333
15.168552,0.046448,-0.014389,-1.030579
15.168578,0.058731,-0.024216,-1.041107
15.168602,0.068573,-0.033585,-1.050308
15.177968,0.075470,-0.042145,-1.057648
15.178100,0.079147,-0.049622,-1.062714
15.178130,0.079514,-0.055801,-1.065308
15.178159,0.076691,-0.060547,-1.065353
15.178183,0.070984,-0.063736,-1.062912
15.178206,0.062851,-0.065353,-1.058182
15.178230,0.052902,-0.065323,-1.051498
15.178264,0.041824,-0.063675,-1.043259
15.187966,0.030350,-0.060379,-1.033875
15.188075,0.019165,-0.055542,-1.023727
15.188110,0.008865,-0.049316,-1.013214
15.188144,0.000015,-0.041931,-1.002655
15.188175,-0.007019,-0.033752,-0.992325
15.188204,-0.012009,-0.025208,-0.982468
15.188232,-0.014816,-0.016785,-0.973282
15.188260,-0.015427,-0.008987,-0.964981
15.197963,-0.013931,-0.002258,-0.957733
15.198088,-0.010498,0.002960,-0.951767
15.198119,-0.005386,0.006454,-0.947235
15.198147,0.001068,0.008087,-0.944275
15.198171,0.008560,0.007858,-0.942963
15.198197,0.016693,0.005920,-0.943314
15.198221,0.025055,0.002472,-0.945221
15.198245,0.033249,-0.002228,-0.948502
15.208088,0.040863,-0.007904,-0.952881
15.208270,0.047501,-0.014267,-0.958038
15.208335,0.052856,-0.021027,-0.963608
15.208389,0.056702,-0.027878,-0.969269
15.208443,0.058868,-0.034546,-0.974762
15.208495,0.059326,-0.040726,-0.979904
15.208547,0.058121,-0.046112,-0.984604
15.208597,0.055405,-0.050491,-0.988815
15.217961,0.051346,-0.053604,-0.992554
15.218102,0.046204,-0.055328,-0.995850
15.218136,0.040283,-0.055603,-0.998795
15.218166,0.033890,-0.054398,-1.001465
15.218192,0.027359,-0.051819,-1.003937
15.218219,0.021042,-0.048019,-1.006287
15.218243,0.015259,-0.043259,-1.008499
15.218267,0.010254,-0.037766,-1.010590
15.227967,0.006256,-0.031876,-1.012497
15.228106,0.003372,-0.025879,-1.014175
15.228136,0.001694,-0.020096,-1.015594
15.228163,0.001190,-0.014847,-1.016693
15.228197,0.001755,-0.010391,-1.017426
15.228224,0.003281,-0.006927,-1.017761
15.228247,0.005585,-0.004593,-1.017715
15.228273,0.008469,-0.003403,-1.017334
15.237907,0.011765,-0.003372,-1.016678
15.238019,0.015259,-0.004395,-1.015854
15.238045,0.018784,-0.006363,-1.014908
15.238070,0.022156,-0.009125,-1.013885
15.238093,0.025253,-0.012543,-1.012772
15.238117,0.027954,-0.016418,-1.011551
15.238140,0.030151,-0.020584,-1.010223
15.238163,0.031845,-0.024826,-1.008743
15.247911,0.033020,-0.028961,-1.007065
15.248041,0.033676,-0.032806,-1.005142
15.248087,0.033875,-0.036179,-1.002960
15.248126,0.033676,-0.038940,-1.000549
15.248166,0.033112,-0.040939,-0.997971
15.248202,0.032272,-0.042099,-0.995285
15.248238,0.031204,-0.042343,-0.992584
15.248277,0.029984,-0.041672,-0.989929
15.257883,0.028671,-0.040146,-0.987396
15.258016,0.027328,-0.037888,-0.985001
15.258053,0.026001,-0.035049,-0.982758
15.258084,0.024780,-0.031830,-0.980682
15.258115,0.023712,-0.028473,-0.978806
15.258145,0.022873,-0.025208,-0.977142
15.258219,0.022293,-0.022217,-0.975723
15.258250,0.022003,-0.019684,-0.974579
15.270079,0.021988,-0.017685,-0.973770
15.270345,0.022247,-0.016281,-0.973328
15.270390,0.022705,-0.015503,-0.973297
15.270418,0.023346,-0.015305,-0.973679
15.270446,0.024109,-0.015686,-0.974487
15.270469,0.024963,-0.016571,-0.975723
15.270579,0.025833,-0.017899,-0.977341
15.270630,0.026688,-0.019592,-0.979279
15.277946,0.027451,-0.021545,-0.981476
15.278080,0.028076,-0.023682,-0.983856
15.278115,0.028519,-0.025925,-0.986343
15.278147,0.028732,-0.028168,-0.988831
15.278172,0.028717,-0.030319,-0.991226
15.278196,0.028442,-0.032303,-0.993454
15.278220,0.027954,-0.033997,-0.995453
15.278245,0.027283,-0.035324,-0.997192
15.287860,0.026489,-0.036240,-0.998703
15.287936,0.025620,-0.036697,-0.999985
15.287952,0.024704,-0.036682,-1.001068
15.287964,0.023819,-0.036194,-1.001953
15.287975,0.022995,-0.035248,-1.002640
15.287985,0.022324,-0.033905,-1.003113
15.287995,0.021805,-0.032242,-1.003387
15.288005,0.021469,-0.030350,-1.003418
15.297867,0.021317,-0.028381,-1.003189
15.297976,0.021301,-0.026459,-1.002701
15.298006,0.021423,-0.024658,-1.001984
15.298032,0.021667,-0.023117,-1.001068
15.298056,0.021973,-0.021866,-0.999969
15.298081,0.022354,-0.020966,-0.998779
15.298106,0.022812,-0.020386,-0.997528
15.298132,0.023300,-0.020157,-0.996292
15.307859,0.023834,-0.020233,-0.995087
15.307996,0.024353,-0.020645,-0.993942
15.308040,0.024826,-0.021332,-0.992859
15.308072,0.025223,-0.022278,-0.991837
15.308148,0.025513,-0.023483,-0.990891
15.308181,0.025696,-0.024902,-0.989990
15.308212,0.025772,-0.026443,-0.989166
15.308240,0.025742,-0.028030,-0.988419
15.319165,0.025650,-0.029572,-0.987732
15.319563,0.025543,-0.030945,-0.987122
15.319604,0.025421,-0.032043,-0.986633
15.319636,0.025330,-0.032791,-0.986282
15.319666,0.025238,-0.033157,-0.986130
15.319695,0.025162,-0.033127,-0.986191
15.319723,0.025070,-0.032745,-0.986465
15.319751,0.025009,-0.032043,-0.986954
15.327851,0.024918,-0.031113,-0.987610
15.327959,0.024811,-0.030014,-0.988419
15.327989,0.024673,-0.028824,-0.989334
15.328016,0.024490,-0.027573,-0.990341
15.328043,0.024307,-0.026321,-0.991440
15.328067,0.024124,-0.025070,-0.992584
15.328090,0.023956,-0.023880,-0.993759
15.328114,0.023849,-0.022797,-0.994904
15.337792,0.023788,-0.021896,-0.995987
15.337901,0.023788,-0.021210,-0.997009
15.337945,0.023880,-0.020782,-0.997940
15.337978,0.024002,-0.020645,-0.998779
15.338009,0.024155,-0.020767,-0.999527
15.338041,0.024307,-0.021149,-1.000183
15.338071,0.024429,-0.021713,-1.000732
15.338100,0.024536,-0.022430,-1.001160
15.348082,0.024597,-0.023239,-1.001465
15.348247,0.024612,-0.024109,-1.001633
15.348285,0.024597,-0.024994,-1.001648
15.348318,0.024536,-0.025833,-1.001556
15.348348,0.024460,-0.026611,-1.001328
15.348380,0.024384,-0.027283,-1.001022
15.348408,0.024338,-0.027847,-1.000626
15.348437,0.024323,-0.028275,-1.000214
15.357796,0.024323,-0.028564,-0.999802
15.357940,0.024323,-0.028687,-0.999390
15.357986,0.024307,-0.028687,-0.998978
15.358026,0.024246,-0.028580,-0.998581
15.358064,0.024155,-0.028381,-0.998169
15.358102,0.024017,-0.028107,-0.997803
15.358141,0.023865,-0.027786,-0.997482
15.358178,0.023727,-0.027451,-0.997177
15.367779,0.023651,-0.027084,-0.996902
15.367920,0.023666,-0.026733,-0.996597
15.367950,0.023773,-0.026367,-0.996262
15.367975,0.023956,-0.026016,-0.995834
15.368008,0.024200,-0.025681,-0.995361
15.368035,0.024475,-0.025406,-0.994812
15.368060,0.024750,-0.025223,-0.994232
15.368083,0.024963,-0.025131,-0.993607
15.377767,0.025116,-0.025131,-0.992966
15.377896,0.025177,-0.025223,-0.992340
15.377932,0.025192,-0.025391,-0.991730
15.377964,0.025146,-0.025604,-0.991165
15.377995,0.025116,-0.025864,-0.990723
15.378024,0.025085,-0.026169,-0.990402
15.378055,0.025101,-0.026520,-0.990234
15.378088,0.025146,-0.026901,-0.990189
15.387767,0.025192,-0.027283,-0.990250
15.387883,0.025238,-0.027649,-0.990372
15.387912,0.025253,-0.027969,-0.990540
15.387937,0.025192,-0.028214,-0.990768
15.388010,0.025085,-0.028366,-0.991013
15.388034,0.024963,-0.028381,-0.991318
15.388058,0.024811,-0.028290,-0.991669
15.388082,0.024689,-0.028076,-0.992081
15.397777,0.024567,-0.027740,-0.992538
15.397843,0.024460,-0.027328,-0.993011
15.397859,0.024323,-0.026901,-0.993515
15.397872,0.024170,-0.026474,-0.994003
15.397942,0.023987,-0.026093,-0.994446
15.397958,0.023788,-0.025803,-0.994812
15.397970,0.023575,-0.025620,-0.995071
15.397980,0.023361,-0.025543,-0.995224
15.407749,0.023148,-0.025589,-0.995255
15.407846,0.022980,-0.025742,-0.995148
15.407862,0.022888,-0.025955,-0.994965
15.407874,0.022858,-0.026230,-0.994705
15.407885,0.022919,-0.026505,-0.994370
15.407895,0.023041,-0.026794,-0.993973
15.407905,0.023224,-0.027054,-0.993530
15.407915,0.023468,-0.027298,-0.993088
15.417769,0.023743,-0.027527,-0.992645
15.417841,0.024078,-0.027756,-0.992218
15.417890,0.024460,-0.027954,-0.991852
15.418028,0.024857,-0.028137,-0.991531
15.418048,0.025284,-0.028275,-0.991287
15.418059,0.025665,-0.028381,-0.991058
15.418073,0.026031,-0.028412,-0.990875
15.418083,0.026337,-0.028397,-0.990692
15.427724,0.026535,-0.028351,-0.990540
15.427807,0.026627,-0.028259,-0.990448
15.427821,0.026627,-0.028152,-0.990417
15.427832,0.026535,-0.028030,-0.990479
15.427842,0.026367,-0.027908,-0.990585
15.427853,0.026184,-0.027786,-0.990753
15.427862,0.025986,-0.027710,-0.990936
15.427872,0.025757,-0.027634,-0.991119
15.437740,0.025513,-0.027603,-0.991302
15.437827,0.025223,-0.027603,-0.991486
15.437842,0.024902,-0.027618,-0.991638
15.437855,0.024582,-0.027664,-0.991760
15.437866,0.024261,-0.027740,-0.991852
15.437876,0.023987,-0.027817,-0.991959
15.437886,0.023758,-0.027893,-0.992065
15.437895,0.023590,-0.027954,-0.992233
15.447735,0.023499,-0.028000,-0.992432
15.447808,0.023468,-0.028015,-0.992676
15.447823,0.023514,-0.027985,-0.992966
15.447835,0.023621,-0.027939,-0.993286
15.447846,0.023773,-0.027847,-0.993668
15.447855,0.023972,-0.027740,-0.994095
15.447984,0.024216,-0.027603,-0.994537
15.448002,0.024490,-0.027466,-0.995026
15.457707,0.024750,-0.027344,-0.995529
15.457798,0.024979,-0.027237,-0.996063
15.457814,0.025131,-0.027130,-0.996613
15.457827,0.025223,-0.027039,-0.997116
15.457838,0.025253,-0.026932,-0.997574
15.457848,0.025238,-0.026825,-0.997971
15.457857,0.025192,-0.026672,-0.998291
15.457867,0.025116,-0.026505,-0.998505
15.467707,0.025024,-0.026306,-0.998596
15.467776,0.024902,-0.026093,-0.998596
15.467790,0.024765,-0.025894,-0.998520
15.467802,0.024658,-0.025696,-0.998428
15.467813,0.024551,-0.025482,-0.998322
15.467822,0.024445,-0.025269,-0.998184
15.467839,0.024307,-0.025070,-0.998032
15.467849,0.024139,-0.024902,-0.997833
15.477700,0.023956,-0.024780,-0.997589
15.477826,0.023773,-0.024734,-0.997314
15.477849,0.023621,-0.024765,-0.996994
15.477862,0.023544,-0.024872,-0.996689
15.477872,0.023575,-0.025101,-0.996368
15.477882,0.023697,-0.025436,-0.996033
15.477892,0.023895,-0.025848,-0.995667
15.477901,0.024124,-0.026291,-0.995285
15.487653,0.024353,-0.026718,-0.994858
15.487759,0.024551,-0.027100,-0.994431
15.487775,0.024704,-0.027405,-0.994034
15.487787,0.024811,-0.027634,-0.993698
15.487802,0.024887,-0.027771,-0.993484
15.487812,0.024948,-0.027847,-0.993378
15.487822,0.024994,-0.027847,-0.993408
15.487833,0.024994,-0.027786,-0.993561
15.497652,0.024994,-0.027679,-0.993774
15.497729,0.024979,-0.027527,-0.993988
15.497746,0.024963,-0.027374,-0.994156
15.497758,0.024933,-0.027191,-0.994217
15.497769,0.024918,-0.026993,-0.994186
15.497779,0.024918,-0.026794,-0.994049
15.497788,0.024902,-0.026642,-0.993866
15.497798,0.024902,-0.026505,-0.993683
15.507625,0.024933,-0.026428,-0.993515
15.507685,0.025009,-0.026352,-0.993423
15.507698,0.025116,-0.026291,-0.993408
15.507709,0.025238,-0.026199,-0.993484
15.507720,0.025360,-0.026093,-0.993637
15.507731,0.025452,-0.025970,-0.993835
15.507760,0.025497,-0.025864,-0.994049
15.507770,0.025467,-0.025772,-0.994232
15.517681,0.025360,-0.025711,-0.994339
15.517755,0.025192,-0.025696,-0.994354
15.517770,0.024963,-0.025726,-0.994278
15.517782,0.024719,-0.025833,-0.994141
15.517792,0.024445,-0.025986,-0.993942
15.517802,0.024200,-0.026169,-0.993729
15.517813,0.023972,-0.026398,-0.993515
15.517823,0.023773,-0.026657,-0.993317
15.527650,0.023590,-0.026947,-0.993118
15.527715,0.023468,-0.027252,-0.992920
15.527730,0.023407,-0.027557,-0.992722
15.527741,0.023392,-0.027847,-0.992508
15.527752,0.023407,-0.028122,-0.992264
15.527762,0.023468,-0.028351,-0.991989
15.527771,0.023560,-0.028503,-0.991714
15.527781,0.023712,-0.028534,-0.991440
15.537616,0.023911,-0.028442,-0.991196
15.537686,0.024170,-0.028229,-0.991013
15.537701,0.024490,-0.027908,-0.990875
15.537713,0.024841,-0.027512,-0.990799
15.537724,0.025192,-0.027054,-0.990738
15.537735,0.025528,-0.026566,-0.990692
15.537745,0.025787,-0.026093,-0.990631
15.537755,0.025970,-0.025543,-0.990402
15.547620,0.026108,-0.024719,-0.988449
15.547702,0.026398,-0.023376,-0.980164
15.547718,0.027161,-0.021942,-0.958862
15.547730,0.028503,-0.022049,-0.919586
15.547743,0.029968,-0.026260,-0.860901
15.547753,0.030685,-0.037079,-0.785187
15.547762,0.029861,-0.055862,-0.699127
15.547772,0.027069,-0.081955,-0.613892
15.557615,0.022430,-0.112305,-0.543640
15.557676,0.017014,-0.141449,-0.501984
15.557690,0.012955,-0.162247,-0.498581
15.557700,0.012924,-0.167953,-0.537796
15.557711,0.019363,-0.154419,-0.618057
15.557721,0.033569,-0.121460,-0.731079
15.557731,0.055298,-0.073074,-0.862961
15.557740,0.082535,-0.016510,-0.997269
15.567681,0.111755,0.039215,-1.118790
15.567742,0.138443,0.085281,-1.215942
15.567755,0.158066,0.114899,-1.282150
15.567766,0.166901,0.124573,-1.316483
15.567776,0.162720,0.114944,-1.323318
15.567786,0.145325,0.090485,-1.311081
15.567795,0.116440,0.058472,-1.290466
15.567804,0.079346,0.027145,-1.272339
15.577591,0.038147,0.003830,-1.265411
15.577722,-0.002930,-0.006668,-1.274368
15.577811,-0.040436,-0.003067,-1.299149
15.577827,-0.072128,0.012451,-1.335403
15.577840,-0.097275,0.034958,-1.375702
15.577852,-0.116348,0.058121,-1.411087
15.577862,-0.130692,0.075684,-1.432892
15.577876,-0.141800,0.082764,-1.434479
15.587542,-0.150772,0.076721,-1.412354
15.587622,-0.157898,0.057571,-1.366684
15.587637,-0.162491,0.027863,-1.301132
15.587649,-0.163223,-0.008026,-1.222061
15.587660,-0.158463,-0.044830,-1.137436
15.587670,-0.146820,-0.077591,-1.055481
15.587680,-0.127609,-0.102570,-0.983154
15.587690,-0.101089,-0.117920,-0.925125
15.597540,-0.068512,-0.123657,-0.883392
15.597613,-0.031830,-0.121429,-0.857544
15.597627,0.006561,-0.113770,-0.845352
15.597640,0.044327,-0.103455,-0.843414
15.597651,0.079422,-0.092911,-0.847794
15.597661,0.110291,-0.083832,-0.854935
15.597670,0.135941,-0.077087,-0.862167
15.597679,0.155899,-0.072693,-0.867996
15.607500,0.170120,-0.070007,-0.871918
15.607558,0.178833,-0.068024,-0.874298
15.607573,0.182388,-0.065765,-0.876022
15.607584,0.181168,-0.062500,-0.878220
15.607595,0.175537,-0.057907,-0.881760
15.607604,0.165833,-0.052170,-0.886993
15.607614,0.152405,-0.045837,-0.893814
15.607624,0.135605,-0.039703,-0.901703
15.617547,0.115860,-0.034607,-0.909897
15.617637,0.093704,-0.031204,-0.917450
15.617655,0.069809,-0.029846,-0.923431
15.617669,0.044937,-0.030457,-0.927155
15.617680,0.019974,-0.032623,-0.928375
15.617690,-0.004135,-0.035583,-0.927307
15.617700,-0.026428,-0.038437,-0.924469
15.617710,-0.045990,-0.040283,-0.920685
15.627531,-0.061981,-0.040359,-0.916992
15.627604,-0.073715,-0.038284,-0.914459
15.627620,-0.080688,-0.033951,-0.914124
15.627632,-0.082626,-0.027679,-0.916656
15.627643,-0.079544,-0.020081,-0.922501
15.627655,-0.071655,-0.011963,-0.931717
15.627666,-0.059464,-0.004211,-0.944077
15.627676,-0.043655,0.002396,-0.959045
15.637505,-0.025162,0.007233,-0.975815
15.637631,-0.005035,0.009888,-0.993454
15.637664,0.015610,0.010193,-1.011032
15.637691,0.035660,0.008194,-1.027603
15.637722,0.054062,0.004135,-1.042236
15.637751,0.069916,-0.001587,-1.054153
15.637780,0.082520,-0.008545,-1.062744
15.637809,0.091370,-0.016205,-1.067719
15.647535,0.096207,-0.024094,-1.069000
15.648105,0.097015,-0.031754,-1.066742
15.648172,0.093994,-0.038788,-1.061264
15.648204,0.087570,-0.044861,-1.053070
15.648273,0.078308,-0.049667,-1.042831
15.648307,0.066925,-0.052963,-1.031219
15.648332,0.054199,-0.054535,-1.018967
15.648356,0.040924,-0.054276,-1.006699
15.657872,0.027847,-0.052185,-0.994980
15.658085,0.015640,-0.048355,-0.984268
15.658133,0.004868,-0.043030,-0.974854
15.658173,-0.004089,-0.036575,-0.966888
15.658223,-0.011032,-0.029434,-0.960403
15.658315,-0.015808,-0.022141,-0.955399
15.658355,-0.018433,-0.015244,-0.951813
15.658393,-0.019012,-0.009247,-0.949570
15.667456,-0.017670,-0.004623,-0.948593
15.667631,-0.014648,-0.001678,-0.948853
15.667809,-0.010132,-0.000580,-0.950302
15.667851,-0.004379,-0.001297,-0.952927
15.667880,0.002365,-0.003662,-0.956619
15.667948,0.009796,-0.007370,-0.961243
15.667974,0.017609,-0.012085,-0.966568
15.668006,0.025436,-0.017334,-0.972351
15.677452,0.032959,-0.022736,-0.978271
15.677579,0.039825,-0.027893,-0.984039
15.677612,0.045731,-0.032516,-0.989380
15.677640,0.050446,-0.036362,-0.994080
15.677665,0.053757,-0.039307,-0.998032
15.677691,0.055557,-0.041275,-1.001190
15.677715,0.055801,-0.042236,-1.003601
15.677740,0.054550,-0.042236,-1.005325
15.687617,0.051926,-0.041336,-1.006546
15.687748,0.048187,-0.039612,-1.007385
15.687777,0.043579,-0.037125,-1.008026
15.687802,0.038391,-0.034012,-1.008560
15.687827,0.032974,-0.030457,-1.009109
15.687852,0.027603,-0.026672,-1.009689
15.687876,0.022507,-0.022934,-1.010300
15.687900,0.017914,-0.019547,-1.010864
15.697482,0.013947,-0.016754,-1.011292
15.697625,0.010712,-0.014771,-1.011490
15.697972,0.008270,-0.013733,-1.011459
15.698021,0.006622,-0.013657,-1.011200
15.698103,0.005753,-0.014465,-1.010742
15.698222,0.005615,-0.016022,-1.010178
15.698269,0.006165,-0.018112,-1.009567
15.698309,0.007324,-0.020523,-1.009018
15.707418,0.008987,-0.023056,-1.008575
15.707507,0.011063,-0.025513,-1.008286
15.707537,0.013397,-0.027710,-1.008087
15.707563,0.015915,-0.029572,-1.007919
15.707589,0.018509,-0.031036,-1.007675
15.707613,0.021042,-0.032089,-1.007248
15.707638,0.023407,-0.032745,-1.006516
15.707662,0.025528,-0.033051,-1.005432
15.717502,0.027328,-0.033035,-1.003952
15.717601,0.028793,-0.032776,-1.002090
15.717630,0.029892,-0.032333,-0.999908
15.717655,0.030609,-0.031708,-0.997467
15.717679,0.030991,-0.030975,-0.994888
15.717711,0.031052,-0.030136,-0.992264
15.717738,0.030884,-0.029251,-0.989716
15.717764,0.030548,-0.028320,-0.987320
15.727417,0.030151,-0.027390,-0.985168
15.727548,0.029755,-0.026474,-0.983276
15.727577,0.029419,-0.025620,-0.981689
15.727603,0.029144,-0.024902,-0.980408
15.727627,0.028946,-0.024323,-0.979385
15.727659,0.028778,-0.023911,-0.978607
15.727685,0.028625,-0.023682,-0.978088
15.727710,0.028427,-0.023605,-0.977814
15.737390,0.028152,-0.023697,-0.977829
15.737487,0.027802,-0.023911,-0.978134
15.737515,0.027359,-0.024246,-0.978714
15.737541,0.026871,-0.024628,-0.979553
15.737566,0.026382,-0.025055,-0.980637
15.737590,0.025925,-0.025528,-0.981903
15.737613,0.025482,-0.026016,-0.983307
15.737637,0.025024,-0.026581,-0.984787
15.747410,0.024551,-0.027237,-0.986252
15.747556,0.024017,-0.028000,-0.987656
15.747608,0.023407,-0.028900,-0.988907
15.747649,0.022705,-0.029922,-0.989990
15.747686,0.021927,-0.031021,-0.990906
15.747736,0.021118,-0.032166,-0.991653
15.747774,0.020325,-0.033234,-0.992279
15.747810,0.019638,-0.034195,-0.992767
15.757389,0.019089,-0.034927,-0.993149
15.757536,0.018753,-0.035400,-0.993469
15.757584,0.018646,-0.035538,-0.993759
15.757640,0.018829,-0.035309,-0.994049
15.757683,0.019287,-0.034698,-0.994385
15.757731,0.020020,-0.033783,-0.994797
15.757817,0.021027,-0.032578,-0.995300
15.757865,0.022263,-0.031189,-0.995911
15.768585,0.023666,-0.029678,-0.996597
15.768662,0.025131,-0.028107,-0.997345
15.768677,0.026581,-0.026581,-0.998077
15.768690,0.027893,-0.025131,-0.998734
15.768700,0.028976,-0.023819,-0.999252
15.768711,0.029785,-0.022736,-0.999542
15.768721,0.030273,-0.021912,-0.999512
15.768757,0.030457,-0.021393,-0.999146
15.777350,0.030365,-0.021225,-0.998413
15.777486,0.030075,-0.021439,-0.997360
15.777518,0.029602,-0.021973,-0.996063
15.777543,0.029022,-0.022797,-0.994553
15.777567,0.028366,-0.023849,-0.992950
15.777600,0.027649,-0.025070,-0.991364
15.777626,0.026855,-0.026382,-0.989853
15.777649,0.026031,-0.027725,-0.988541
15.787360,0.025146,-0.028976,-0.987488
15.787457,0.024246,-0.030075,-0.986710
15.787485,0.023376,-0.030960,-0.986252
15.787523,0.022598,-0.031540,-0.986099
15.787549,0.021957,-0.031815,-0.986252
15.787573,0.021484,-0.031738,-0.986694
15.787597,0.021179,-0.031342,-0.987411
15.787620,0.021042,-0.030670,-0.988358
15.797393,0.021088,-0.029770,-0.989517
15.797573,0.021301,-0.028702,-0.990829
15.797719,0.021683,-0.027588,-0.992264
15.797784,0.022202,-0.026474,-0.993790
15.798075,0.022812,-0.025452,-0.995361
15.798209,0.023483,-0.024536,-0.996887
15.798270,0.024170,-0.023773,-0.998337
15.798323,0.024857,-0.023178,-0.999664
15.807580,0.025482,-0.022781,-1.000793
15.808215,0.026031,-0.022568,-1.001740
15.808272,0.026505,-0.022537,-1.002457
15.808305,0.026871,-0.022644,-1.002945
15.808336,0.027176,-0.022888,-1.003189
15.808366,0.027390,-0.023254,-1.003174
15.808397,0.027527,-0.023712,-1.002914
15.808426,0.027588,-0.024231,-1.002426
15.819592,0.027557,-0.024765,-1.001785
15.819857,0.027420,-0.025269,-1.001022
15.819960,0.027176,-0.025681,-1.000229
15.819986,0.026840,-0.025955,-0.999466
15.819999,0.026398,-0.026093,-0.998764
15.820010,0.025879,-0.026077,-0.998123
15.820020,0.025330,-0.025925,-0.997589
15.820031,0.024796,-0.025696,-0.997162
15.827303,0.024292,-0.025406,-0.996841
15.827440,0.023880,-0.025131,-0.996628
15.827471,0.023544,-0.024918,-0.996521
15.827498,0.023315,-0.024750,-0.996490
15.827523,0.023178,-0.024658,-0.996490
15.827547,0.023102,-0.024628,-0.996490
15.827571,0.023102,-0.024643,-0.996475
15.827605,0.023163,-0.024719,-0.996414
15.837305,0.023285,-0.024841,-0.996323
15.837419,0.023468,-0.025009,-0.996170
15.837462,0.023651,-0.025238,-0.995987
15.837605,0.023804,-0.025528,-0.995743
15.837678,0.023911,-0.025894,-0.995483
15.837715,0.023972,-0.026306,-0.995193
15.837752,0.023972,-0.026764,-0.994904
15.837788,0.023956,-0.027252,-0.994598
15.847290,0.023926,-0.027710,-0.994293
15.847409,0.023911,-0.028091,-0.993973
15.847466,0.023941,-0.028366,-0.993637
15.847495,0.024017,-0.028519,-0.993317
15.847521,0.024124,-0.028549,-0.993011
15.847547,0.024292,-0.028488,-0.992767
15.847571,0.024506,-0.028336,-0.992569
15.847597,0.024780,-0.028137,-0.992401
15.857830,0.025085,-0.027893,-0.992279
15.857972,0.025421,-0.027664,-0.992188
15.858020,0.025772,-0.027466,-0.992111
15.858059,0.026138,-0.027313,-0.992050
15.858096,0.026443,-0.027222,-0.992004
15.858135,0.026703,-0.027222,-0.991959
15.858173,0.026825,-0.027328,-0.991898
15.858211,0.026810,-0.027527,-0.991806
15.867728,0.026672,-0.027786,-0.991699
15.867865,0.026398,-0.028091,-0.991577
15.867895,0.026031,-0.028381,-0.991455
15.867920,0.025574,-0.028656,-0.991379
15.867945,0.025055,-0.028915,-0.991364
15.867969,0.024506,-0.029144,-0.991409
15.867995,0.023941,-0.029343,-0.991501
15.868018,0.023392,-0.029510,-0.991562
15.877358,0.022873,-0.029663,-0.991592
15.877483,0.022446,-0.029800,-0.991516
15.877518,0.022125,-0.029938,-0.991364
15.877546,0.021912,-0.030045,-0.991104
15.877569,0.021835,-0.030136,-0.990799
15.877593,0.021912,-0.030167,-0.990479
15.877616,0.022125,-0.030136,-0.990173
15.877725,0.022461,-0.030045,-0.989914
15.887256,0.022888,-0.029907,-0.989731
15.887362,0.023361,-0.029724,-0.989609
15.887390,0.023865,-0.029510,-0.989594
15.887415,0.024353,-0.029297,-0.989670
15.887439,0.024841,-0.029083,-0.989792
15.887463,0.025314,-0.028870,-0.989990
15.887487,0.025757,-0.028610,-0.990250
15.887510,0.026169,-0.028320,-0.990570
15.897256,0.026550,-0.027969,-0.990952
15.897383,0.026840,-0.027557,-0.991348
15.897427,0.027054,-0.027115,-0.991745
15.897459,0.027130,-0.026688,-0.992081
15.897497,0.027084,-0.026337,-0.992325
15.897527,0.026932,-0.026062,-0.992462
15.897555,0.026672,-0.025925,-0.992477
15.897583,0.026352,-0.025925,-0.992401
15.907445,0.025970,-0.026077,-0.992264
15.907644,0.025574,-0.026321,-0.992096
15.907692,0.025146,-0.026657,-0.991928
15.907733,0.024704,-0.026993,-0.991806
15.907770,0.024277,-0.027298,-0.991745
15.907807,0.023865,-0.027527,-0.991776
15.907845,0.023483,-0.027710,-0.991898
15.907883,0.023148,-0.027817,-0.992111
15.917226,0.022888,-0.027878,-0.992432
15.917359,0.022720,-0.027878,-0.992798
15.917504,0.022675,-0.027847,-0.993210
15.917534,0.022736,-0.027786,-0.993652
15.917562,0.022919,-0.027695,-0.994095
15.917604,0.023163,-0.027573,-0.994537
15.917630,0.023453,-0.027420,-0.994965
15.917656,0.023773,-0.027222,-0.995377
15.927227,0.024078,-0.026993,-0.995773
15.927367,0.024384,-0.026718,-0.996140
15.927395,0.024643,-0.026428,-0.996490
15.927431,0.024857,-0.026138,-0.996857
15.927456,0.025040,-0.025848,-0.997208
15.927479,0.025192,-0.025574,-0.997559
15.927504,0.025284,-0.025299,-0.997894
15.927528,0.025330,-0.025040,-0.998199
15.937191,0.025299,-0.024796,-0.998444
15.937281,0.025208,-0.024567,-0.998611
15.937308,0.025055,-0.024399,-0.998672
15.937333,0.024902,-0.024307,-0.998627
15.937357,0.024750,-0.024261,-0.998505
15.937381,0.024658,-0.024292,-0.998322
15.937404,0.024597,-0.024368,-0.998123
15.937427,0.024597,-0.024475,-0.997925
15.947208,0.024628,-0.024582,-0.997726
15.947387,0.024673,-0.024689,-0.997559
15.947451,0.024704,-0.024765,-0.997437
15.947507,0.024673,-0.024841,-0.997330
15.947570,0.024597,-0.024887,-0.997223
15.947623,0.024490,-0.024948,-0.997131
15.947683,0.024353,-0.025024,-0.997055
15.947736,0.024231,-0.025116,-0.997025
15.957251,0.024155,-0.025208,-0.996994
15.957448,0.024139,-0.025299,-0.996964
15.957496,0.024216,-0.025391,-0.996887
15.957537,0.024368,-0.025482,-0.996780
15.957577,0.024551,-0.025528,-0.996643
15.957614,0.024719,-0.025558,-0.996460
15.957650,0.024826,-0.025543,-0.996231
15.957698,0.024872,-0.025528,-0.995972
15.967282,0.024841,-0.025513,-0.995712
15.967454,0.024750,-0.025528,-0.995468
15.967505,0.024628,-0.025620,-0.995285
15.967546,0.024506,-0.025787,-0.995163
15.967584,0.024399,-0.026001,-0.995071
15.967760,0.024323,-0.026230,-0.994995
15.967827,0.024307,-0.026428,-0.994904
15.967873,0.024292,-0.026596,-0.994766
15.977128,0.024307,-0.026749,-0.994568
15.977250,0.024323,-0.026886,-0.994324
15.977280,0.024338,-0.027023,-0.994049
15.977307,0.024368,-0.027191,-0.993759
15.977384,0.024384,-0.027405,-0.993500
15.977409,0.024429,-0.027649,-0.993301
15.977434,0.024475,-0.027939,-0.993195
15.977460,0.024551,-0.028229,-0.993164
15.987087,0.024643,-0.028488,-0.993164
15.987215,0.024719,-0.028702,-0.993164
15.987248,0.024780,-0.028824,-0.993134
15.987279,0.024841,-0.028870,-0.993103
15.987308,0.024872,-0.028839,-0.993057
15.987336,0.024887,-0.028717,-0.993011
15.987364,0.024872,-0.028580,-0.992966
15.987392,0.024841,-0.028442,-0.992905
15.997173,0.024796,-0.028351,-0.992798
15.997353,0.024750,-0.028290,-0.992630
15.997414,0.024689,-0.028259,-0.992371
15.997469,0.024612,-0.028244,-0.992020
15.997520,0.024551,-0.028244,-0.991608
15.997573,0.024460,-0.028290,-0.991150
15.997679,0.024384,-0.028381,-0.990707
15.998287,0.024307,-0.028503,-0.990341
16.007195,0.024246,-0.028671,-0.990082
16.007332,0.024216,-0.028870,-0.989990
16.007363,0.024216,-0.029083,-0.990051
16.007390,0.024261,-0.029282,-0.990250
16.007452,0.024368,-0.029434,-0.990524
16.007481,0.024490,-0.029495,-0.990860
16.007541,0.024597,-0.029480,-0.991165
16.007574,0.024704,-0.029343,-0.991409
16.017837,0.024780,-0.029129,-0.991577
16.018004,0.024811,-0.028824,-0.991669
16.018035,0.024780,-0.028458,-0.991684
16.018071,0.024689,-0.028107,-0.991653
16.018095,0.024582,-0.027771,-0.991592
16.018118,0.024506,-0.027512,-0.991547
16.018151,0.024475,-0.027298,-0.991516
16.018176,0.024506,-0.027161,-0.991516
16.027119,0.024597,-0.027069,-0.991562
16.027190,0.024704,-0.027054,-0.991638
16.027205,0.024796,-0.027115,-0.991714
16.027217,0.024857,-0.027222,-0.991806
16.027228,0.024857,-0.027390,-0.991913
16.027238,0.024811,-0.027588,-0.992035
16.027248,0.024704,-0.027802,-0.992157
16.027258,0.024551,-0.028000,-0.992279
16.037080,0.024368,-0.028152,-0.992401
16.037204,0.024170,-0.028214,-0.992538
16.037233,0.024002,-0.028183,-0.992722
16.037259,0.023880,-0.028030,-0.992966
16.037283,0.023804,-0.027817,-0.993240
16.037307,0.023773,-0.027542,-0.993561
16.037331,0.023804,-0.027252,-0.993912
16.037354,0.023865,-0.027008,-0.994247
16.047114,0.023926,-0.026810,-0.994568
16.047259,0.024002,-0.026672,-0.994888
16.047317,0.024078,-0.026550,-0.995178
16.047370,0.024170,-0.026428,-0.995453
16.047423,0.024323,-0.026291,-0.995712
16.047474,0.024506,-0.026138,-0.995972
16.047566,0.024704,-0.025955,-0.996170
16.047605,0.024902,-0.025757,-0.996323
16.057100,0.025070,-0.025543,-0.996399
16.057252,0.025208,-0.025345,-0.996445
16.057313,0.025314,-0.025177,-0.996490
16.057369,0.025375,-0.025040,-0.996521
16.059212,0.025406,-0.024933,-0.996521
16.059327,0.025436,-0.024719,-0.996094
16.059364,0.025452,-0.024246,-0.993225
16.059402,0.025528,-0.023590,-0.983536
16.067902,0.025711,-0.023529,-0.961960
16.068358,0.025772,-0.025757,-0.925156
16.068391,0.025299,-0.032394,-0.872528
16.068418,0.023865,-0.045090,-0.806854
16.068482,0.021408,-0.064209,-0.734482
16.068507,0.018295,-0.088394,-0.664642
16.068531,0.015244,-0.114395,-0.608185
16.068589,0.013474,-0.137253,-0.575256
16.077102,0.014542,-0.151215,-0.573456
16.077260,0.020020,-0.151215,-0.606461
16.077293,0.031021,-0.134521,-0.673019
16.077319,0.047699,-0.101669,-0.766541
16.077343,0.069107,-0.056473,-0.876236
16.077367,0.093109,-0.005295,-0.989471
16.077400,0.116699,0.044296,-1.094391
16.077425,0.136520,0.085129,-1.181595
16.087053,0.149384,0.111588,-1.245224
16.087171,0.152786,0.120789,-1.283554
16.087198,0.145432,0.113022,-1.298752
16.087223,0.127411,0.091599,-1.296204
16.087246,0.100189,0.062088,-1.283569
16.087270,0.066269,0.030869,-1.269028
16.087293,0.028763,0.003799,-1.259598
16.087316,-0.009140,-0.015030,-1.259583
16.097009,-0.044662,-0.023849,-1.269913
16.097137,-0.075775,-0.023331,-1.288391
16.097181,-0.101410,-0.015991,-1.310455
16.097222,-0.121384,-0.005417,-1.330338
16.097261,-0.136108,0.004639,-1.342178
16.097300,-0.146271,0.011200,-1.341248
16.097337,-0.152451,0.012543,-1.324692
16.097374,-0.154846,0.008469,-1.292068
16.107328,-0.153259,0.000229,-1.245346
16.107510,-0.147156,-0.009903,-1.188446
16.107559,-0.135895,-0.019455,-1.126617
16.107597,-0.119034,-0.026321,-1.065430
16.107636,-0.096527,-0.029388,-1.009674
16.107674,-0.068893,-0.028748,-0.962646
16.107712,-0.037308,-0.025543,-0.925964
16.107749,-0.003387,-0.021561,-0.899765
16.117017,0.031021,-0.018768,-0.883026
16.117160,0.064072,-0.018814,-0.873795
16.117253,0.094162,-0.022720,-0.869751
16.117297,0.120041,-0.030655,-0.868622
16.117328,0.140884,-0.041992,-0.868774
16.117354,0.156296,-0.055450,-0.869278
16.117386,0.166260,-0.069382,-0.869888
16.117415,0.170990,-0.082077,-0.870850
16.126983,0.170822,-0.092117,-0.872726
16.127125,0.166245,-0.098602,-0.876083
16.127156,0.157761,-0.101242,-0.881271
16.127183,0.145874,-0.100189,-0.888260
16.127208,0.131104,-0.096085,-0.896698
16.127234,0.113907,-0.089783,-0.906021
16.127258,0.094818,-0.082199,-0.915512
16.127282,0.074326,-0.074249,-0.924301
16.136985,0.052994,-0.066574,-0.931580
16.137080,0.031387,-0.059601,-0.936752
16.137108,0.010132,-0.053421,-0.939606
16.137134,-0.010086,-0.047882,-0.940277
16.137158,-0.028580,-0.042618,-0.939117
16.137183,-0.044601,-0.037277,-0.936737
16.137206,-0.057465,-0.031525,-0.933929
16.137229,-0.066559,-0.025238,-0.931595
16.146971,-0.071442,-0.018463,-0.930573
16.147101,-0.071823,-0.011536,-0.931564
16.147131,-0.067703,-0.004913,-0.935028
16.147157,-0.059326,0.000854,-0.941177
16.147182,-0.047150,0.005280,-0.950012
16.147207,-0.031876,0.007965,-0.961273
16.147232,-0.014343,0.008698,-0.974442
16.147256,0.004471,0.007477,-0.988876
16.156980,0.023560,0.004471,-1.003860
16.157148,0.041885,0.000000,-1.018555
16.157196,0.058517,-0.005554,-1.032150
16.157236,0.072586,-0.011810,-1.043869
16.157276,0.083435,-0.018387,-1.053085
16.157312,0.090576,-0.024902,-1.059357
16.157348,0.093781,-0.031067,-1.062439
16.157395,0.093079,-0.036682,-1.062271
16.167313,0.088715,-0.041565,-1.058990
16.167448,0.081161,-0.045547,-1.052902
16.167478,0.071030,-0.048508,-1.044464
16.167506,0.059052,-0.050354,-1.034256
16.167533,0.046005,-0.050980,-1.022888
16.167557,0.032684,-0.050354,-1.010971
16.167580,0.019852,-0.048431,-0.999084
16.167604,0.008133,-0.045288,-0.987778
16.176964,-0.001923,-0.041046,-0.977432
16.177088,-0.009979,-0.035889,-0.968399
16.177116,-0.015808,-0.030136,-0.960846
16.177142,-0.019318,-0.024139,-0.954926
16.177170,-0.020523,-0.018311,-0.950668
16.177195,-0.019577,-0.013062,-0.948044
16.177221,-0.016693,-0.008743,-0.946991
16.177246,-0.012146,-0.005615,-0.947388
16.186937,-0.006241,-0.003891,-0.949142
16.187029,0.000702,-0.003555,-0.952164
16.187056,0.008362,-0.004547,-0.956268
16.187081,0.016449,-0.006714,-0.961258
16.187105,0.024582,-0.009811,-0.966873
16.187128,0.032425,-0.013550,-0.972870
16.187152,0.039673,-0.017670,-0.978958
16.187176,0.045990,-0.021896,-0.984802
16.196917,0.051132,-0.026047,-0.990173
16.197024,0.054855,-0.029938,-0.994843
16.197058,0.057037,-0.033417,-0.998688
16.197090,0.057587,-0.036316,-1.001678
16.197124,0.056564,-0.038513,-1.003906
16.197157,0.054123,-0.039871,-1.005478
16.197187,0.050461,-0.040314,-1.006577
16.197219,0.045868,-0.039810,-1.007385
16.206919,0.040649,-0.038376,-1.008057
16.208326,0.035110,-0.036087,-1.008713
16.208401,0.029572,-0.033081,-1.009430
16.208716,0.024292,-0.029541,-1.010269
16.209101,0.019485,-0.025711,-1.011169
16.209132,0.015320,-0.021851,-1.012054
16.209163,0.011917,-0.018204,-1.012833
16.209191,0.009338,-0.015015,-1.013428
16.217097,0.007599,-0.012497,-1.013794
16.217208,0.006714,-0.010803,-1.013901
16.217240,0.006592,-0.010040,-1.013763
16.217272,0.007187,-0.010208,-1.013397
16.217301,0.008347,-0.011246,-1.012878
16.217329,0.009949,-0.013031,-1.012268
16.217354,0.011871,-0.015427,-1.011597
16.218025,0.014008,-0.018234,-1.010880
16.227910,0.016266,-0.021255,-1.010086
16.228045,0.018555,-0.024277,-1.009216
16.228093,0.020782,-0.027161,-1.008194
16.228135,0.022858,-0.029755,-1.007019
16.228179,0.024719,-0.031982,-1.005661
16.228223,0.026321,-0.033768,-1.004120
16.228273,0.027618,-0.035126,-1.002426
16.228314,0.028595,-0.036072,-1.000595
16.237642,0.029266,-0.036621,-0.998657
16.237764,0.029678,-0.036774,-0.996658
16.237796,0.029907,-0.036560,-0.994629
16.237826,0.029984,-0.036011,-0.992615
16.237852,0.029984,-0.035110,-0.990662
16.237877,0.029922,-0.033890,-0.988815
16.237913,0.029816,-0.032410,-0.987122
16.237938,0.029678,-0.030731,-0.985596
16.247043,0.029526,-0.028946,-0.984268
16.247156,0.029327,-0.027161,-0.983109
16.247195,0.029083,-0.025482,-0.982086
16.247243,0.028824,-0.023987,-0.981171
16.247275,0.028549,-0.022766,-0.980331
16.247307,0.028244,-0.021896,-0.979584
16.247339,0.027878,-0.021393,-0.978973
16.247381,0.027451,-0.021255,-0.978561
16.257325,0.026947,-0.021439,-0.978378
16.257478,0.026398,-0.021912,-0.978470
16.257519,0.025818,-0.022629,-0.978851
16.257553,0.025223,-0.023544,-0.979507
16.257585,0.024673,-0.024643,-0.980408
16.257620,0.024170,-0.025864,-0.981506
16.257694,0.023712,-0.027206,-0.982742
16.260427,0.023300,-0.028641,-0.984085
16.268811,0.022934,-0.030121,-0.985474
16.268864,0.022598,-0.031631,-0.986877
16.268878,0.022308,-0.033112,-0.988235
16.268889,0.022018,-0.034470,-0.989563
16.268900,0.021759,-0.035645,-0.990799
16.268911,0.021545,-0.036545,-0.991943
16.268923,0.021393,-0.037079,-0.992966
16.268932,0.021332,-0.037201,-0.993866
16.276790,0.021362,-0.036911,-0.994659
16.276912,0.021530,-0.036209,-0.995331
16.276947,0.021851,-0.035187,-0.995880
16.276975,0.022308,-0.033875,-0.996307
16.277006,0.022903,-0.032394,-0.996582
16.277033,0.023605,-0.030777,-0.996704
16.277060,0.024368,-0.029129,-0.996674
16.277084,0.025116,-0.027512,-0.996490
16.286822,0.025818,-0.025986,-0.996201
16.286932,0.026428,-0.024628,-0.995850
16.286958,0.026932,-0.023499,-0.995453
16.286972,0.027328,-0.022644,-0.995056
16.286984,0.027588,-0.022110,-0.994644
16.286994,0.027695,-0.021896,-0.994232
16.287005,0.027695,-0.022034,-0.993774
16.287016,0.027557,-0.022476,-0.993256
16.296807,0.027313,-0.023178,-0.992676
16.296922,0.026993,-0.024078,-0.992020
16.296960,0.026627,-0.025131,-0.991287
16.296991,0.026230,-0.026291,-0.990479
16.297022,0.025803,-0.027512,-0.989655
16.297053,0.025360,-0.028748,-0.988861
16.297082,0.024887,-0.029953,-0.988174
16.297110,0.024384,-0.031052,-0.987625
16.307138,0.023865,-0.031967,-0.987274
16.307266,0.023376,-0.032639,-0.987137
16.307297,0.022964,-0.033005,-0.987228
16.307321,0.022629,-0.033020,-0.987534
16.307346,0.022430,-0.032684,-0.988037
16.307370,0.022339,-0.032043,-0.988724
16.307404,0.022369,-0.031128,-0.989609
16.307429,0.022507,-0.030045,-0.990662
16.317504,0.022736,-0.028839,-0.991852
16.317633,0.023026,-0.027618,-0.993164
16.317662,0.023361,-0.026428,-0.994553
16.317687,0.023697,-0.025330,-0.995956
16.317830,0.024002,-0.024353,-0.997345
16.317872,0.024261,-0.023499,-0.998642
16.317901,0.024460,-0.022781,-0.999817
16.317925,0.024597,-0.022202,-1.000824
16.326787,0.024704,-0.021774,-1.001648
16.326923,0.024796,-0.021530,-1.002274
16.326951,0.024857,-0.021439,-1.002701
16.326976,0.024887,-0.021515,-1.002975
16.327009,0.024887,-0.021729,-1.003098
16.327034,0.024857,-0.022049,-1.003082
16.327058,0.024811,-0.022461,-1.002975
16.327081,0.024765,-0.022888,-1.002777
16.336735,0.024719,-0.023315,-1.002502
16.336855,0.024673,-0.023697,-1.002167
16.336883,0.024597,-0.024017,-1.001801
16.336908,0.024536,-0.024292,-1.001404
16.336932,0.024490,-0.024475,-1.000977
16.336956,0.024445,-0.024597,-1.000549
16.336980,0.024429,-0.024658,-1.000122
16.337004,0.024399,-0.024658,-0.999695
16.347491,0.024399,-0.024628,-0.999268
16.347613,0.024384,-0.024551,-0.998871
16.347662,0.024384,-0.024429,-0.998505
16.347702,0.024353,-0.024261,-0.998169
16.347979,0.024307,-0.024078,-0.997879
16.348023,0.024246,-0.023895,-0.997620
16.348061,0.024139,-0.023743,-0.997375
16.348189,0.024017,-0.023651,-0.997131
16.356755,0.023911,-0.023636,-0.996872
16.356918,0.023819,-0.023712,-0.996582
16.357023,0.023758,-0.023865,-0.996277
16.357056,0.023743,-0.024078,-0.995895
16.357136,0.023788,-0.024323,-0.995468
16.357162,0.023880,-0.024597,-0.994980
16.357227,0.024033,-0.024902,-0.994415
16.357257,0.024216,-0.025223,-0.993805
16.366792,0.024445,-0.025543,-0.993164
16.366936,0.024689,-0.025848,-0.992554
16.366983,0.024963,-0.026154,-0.991974
16.367031,0.025269,-0.026428,-0.991470
16.367287,0.025589,-0.026672,-0.991074
16.367319,0.025925,-0.026886,-0.990799
16.367352,0.026230,-0.027069,-0.990662
16.367384,0.026474,-0.027191,-0.990677
16.376723,0.026657,-0.027283,-0.990845
16.376820,0.026764,-0.027344,-0.991089
16.376850,0.026794,-0.027374,-0.991379
16.376879,0.026764,-0.027390,-0.991684
16.376906,0.026672,-0.027405,-0.991974
16.376932,0.026550,-0.027420,-0.992218
16.376958,0.026398,-0.027451,-0.992447
16.377018,0.026215,-0.027527,-0.992661
16.386800,0.026001,-0.027664,-0.992844
16.386910,0.025757,-0.027847,-0.992981
16.386942,0.025482,-0.028091,-0.993073
16.386968,0.025162,-0.028412,-0.993103
16.386993,0.024811,-0.028778,-0.993057
16.387019,0.024429,-0.029160,-0.992905
16.387046,0.024048,-0.029526,-0.992630
16.387070,0.023666,-0.029831,-0.992264
16.396683,0.023300,-0.030106,-0.991791
16.396794,0.023010,-0.030304,-0.991287
16.396827,0.022781,-0.030441,-0.990784
16.396855,0.022659,-0.030533,-0.990326
16.396904,0.022629,-0.030609,-0.989929
16.396944,0.022705,-0.030670,-0.989655
16.396983,0.022858,-0.030716,-0.989502
16.397025,0.023102,-0.030777,-0.989441
16.406851,0.023407,-0.030838,-0.989487
16.407462,0.023758,-0.030884,-0.989578
16.407512,0.024155,-0.030899,-0.989716
16.407565,0.024597,-0.030838,-0.989853
16.407701,0.025040,-0.030716,-0.989944
16.407756,0.025497,-0.030502,-0.989975
16.407796,0.025909,-0.030182,-0.989975
16.407837,0.026245,-0.029770,-0.989929
16.417039,0.026520,-0.029297,-0.989868
16.417271,0.026718,-0.028809,-0.989777
16.417311,0.026840,-0.028351,-0.989655
16.417354,0.026871,-0.027969,-0.989517
16.417380,0.026794,-0.027710,-0.989349
16.417407,0.026627,-0.027542,-0.989197
16.417431,0.026337,-0.027481,-0.989075
16.417457,0.025940,-0.027481,-0.989014
16.426665,0.025482,-0.027527,-0.989029
16.426794,0.025009,-0.027618,-0.989136
16.426828,0.024536,-0.027725,-0.989349
16.426855,0.024124,-0.027847,-0.989700
16.426880,0.023758,-0.027985,-0.990173
16.426905,0.023499,-0.028091,-0.990768
16.426938,0.023300,-0.028152,-0.991470
16.426963,0.023178,-0.028122,-0.992218
16.436656,0.023132,-0.028000,-0.993011
16.436766,0.023148,-0.027756,-0.993805
16.436795,0.023224,-0.027405,-0.994553
16.436821,0.023315,-0.026978,-0.995255
16.436845,0.023453,-0.026566,-0.995911
16.436870,0.023621,-0.026184,-0.996506
16.436894,0.023834,-0.025864,-0.997101
16.436919,0.024109,-0.025650,-0.997665
16.446687,0.024429,-0.025528,-0.998199
16.446788,0.024765,-0.025467,-0.998688
16.446817,0.025101,-0.025452,-0.999130
16.446843,0.025375,-0.025421,-0.999512
16.446867,0.025604,-0.025375,-0.999847
16.446891,0.025757,-0.025269,-1.000107
16.446915,0.025818,-0.025101,-1.000305
16.446941,0.025818,-0.024902,-1.000443
16.456640,0.025711,-0.024689,-1.000519
16.456759,0.025528,-0.024521,-1.000519
16.456789,0.025269,-0.024414,-1.000473
16.456817,0.024918,-0.024399,-1.000381
16.456842,0.024521,-0.024490,-1.000244
16.456868,0.024109,-0.024628,-1.000092
16.456892,0.023743,-0.024796,-0.999893
16.456916,0.023422,-0.024933,-0.999680
16.466636,0.023193,-0.025009,-0.999481
16.466740,0.023056,-0.025009,-0.999268
16.466771,0.023026,-0.024979,-0.999039
16.466797,0.023056,-0.024918,-0.998779
16.466878,0.023117,-0.024872,-0.998505
16.466906,0.023178,-0.024857,-0.998215
16.466931,0.023254,-0.024841,-0.997910
16.467006,0.023361,-0.024857,-0.997604
16.476610,0.023483,-0.024857,-0.997299
16.476715,0.023636,-0.024857,-0.997025
16.476754,0.023804,-0.024841,-0.996765
16.476782,0.024002,-0.024796,-0.996552
16.476806,0.024200,-0.024734,-0.996368
16.476831,0.024399,-0.024673,-0.996231
16.476865,0.024567,-0.024628,-0.996109
16.476890,0.024734,-0.024643,-0.996002
16.486598,0.024872,-0.024734,-0.995911
16.486682,0.024994,-0.024887,-0.995834
16.486697,0.025116,-0.025101,-0.995728
16.486709,0.025238,-0.025299,-0.995575
16.486719,0.025345,-0.025497,-0.995392
16.486729,0.025452,-0.025650,-0.995163
16.486739,0.025528,-0.025787,-0.994904
16.486748,0.025574,-0.025925,-0.994644
16.496632,0.025589,-0.026047,-0.994370
16.496759,0.025543,-0.026215,-0.994095
16.496795,0.025467,-0.026413,-0.993866
16.496826,0.025391,-0.026642,-0.993668
16.496854,0.025314,-0.026871,-0.993530
16.496886,0.025253,-0.027100,-0.993439
16.496917,0.025192,-0.027313,-0.993378
16.496948,0.025162,-0.027496,-0.993332
16.506635,0.025131,-0.027649,-0.993286
16.506820,0.025116,-0.027771,-0.993195
16.507434,0.025085,-0.027893,-0.993042
16.507488,0.025040,-0.028015,-0.992859
16.507671,0.025009,-0.028137,-0.992630
16.507727,0.024963,-0.028305,-0.992386
16.507835,0.024933,-0.028473,-0.992111
16.507902,0.024918,-0.028671,-0.991821
16.517233,0.024887,-0.028854,-0.991516
16.517313,0.024857,-0.029007,-0.991241
16.517329,0.024765,-0.029129,-0.991013
16.517341,0.024628,-0.029236,-0.990799
16.517351,0.024429,-0.029312,-0.990616
16.517361,0.024231,-0.029388,-0.990463
16.517393,0.024017,-0.029465,-0.990341
16.517416,0.023834,-0.029526,-0.990265
16.526570,0.023712,-0.029587,-0.990219
16.526738,0.023621,-0.029617,-0.990173
16.526771,0.023575,-0.029602,-0.990143
16.526799,0.023544,-0.029526,-0.990097
16.526824,0.023514,-0.029419,-0.990021
16.526856,0.023483,-0.029297,-0.989929
16.526882,0.023453,-0.029160,-0.989822
16.526905,0.023453,-0.029037,-0.989716
16.536551,0.023483,-0.028946,-0.989639
16.536668,0.023575,-0.028870,-0.989609
16.536697,0.023727,-0.028793,-0.989639
16.536731,0.023956,-0.028717,-0.989731
16.536757,0.024231,-0.028656,-0.989899
16.536782,0.024506,-0.028580,-0.990128
16.536806,0.024780,-0.028503,-0.990402
16.536830,0.024994,-0.028427,-0.990707
16.546540,0.025146,-0.028351,-0.991013
16.546638,0.025192,-0.028275,-0.991272
16.546668,0.025162,-0.028198,-0.991486
16.546692,0.025085,-0.028152,-0.991669
16.546717,0.024994,-0.028137,-0.991852
16.546744,0.024902,-0.028137,-0.992050
16.546770,0.024796,-0.028122,-0.992264
16.546796,0.024704,-0.028061,-0.992523
16.556530,0.024582,-0.027939,-0.992798
16.556659,0.024429,-0.027771,-0.993088
16.556789,0.024261,-0.027588,-0.993347
16.557188,0.024094,-0.027435,-0.993546
16.557224,0.023926,-0.027328,-0.993683
16.557254,0.023804,-0.027283,-0.993774
16.557283,0.023773,-0.027267,-0.993835
16.557323,0.023834,-0.027267,-0.993896
16.567342,0.024002,-0.027222,-0.993973
16.567724,0.024200,-0.027054,-0.993637
16.567762,0.024353,-0.026764,-0.990875
16.567796,0.024353,-0.026810,-0.981293
16.567823,0.024017,-0.028366,-0.959793
16.567848,0.023087,-0.033173,-0.923340
16.567883,0.021194,-0.042862,-0.872253
16.567909,0.018265,-0.058273,-0.809830
16.576552,0.014725,-0.078751,-0.742523
16.576792,0.011444,-0.101913,-0.679337
16.576826,0.009705,-0.123779,-0.629715
16.576888,0.010910,-0.139420,-0.601929
16.576919,0.016281,-0.144043,-0.602127
16.576946,0.026566,-0.134308,-0.633240
16.576976,0.041687,-0.109360,-0.693954
16.577003,0.060684,-0.071213,-0.778687
16.586594,0.081757,-0.024429,-0.878647
16.586721,0.102570,0.024719,-0.983627
16.586776,0.120544,0.069580,-1.083618
16.586812,0.133286,0.104156,-1.170135
16.586840,0.138809,0.124207,-1.237396
16.586868,0.135895,0.127884,-1.282776
16.586892,0.124115,0.115906,-1.306870
16.586916,0.104034,0.091354,-1.313110
16.596473,0.077087,0.058945,-1.307007
16.596580,0.045334,0.024033,-1.294815
16.596611,0.011185,-0.008423,-1.282166
16.596638,-0.022858,-0.034698,-1.273041
16.596665,-0.054611,-0.052643,-1.269257
16.596692,-0.082306,-0.061722,-1.270416
16.596718,-0.104782,-0.062790,-1.274399
16.596744,-0.121536,-0.057556,-1.277985
16.606516,-0.132568,-0.048172,-1.277695
16.606635,-0.138184,-0.036697,-1.270447
16.606668,-0.138840,-0.024750,-1.254211
16.606867,-0.134933,-0.013321,-1.228439
16.606908,-0.126709,-0.002792,-1.194031
16.606939,-0.114273,0.006897,-1.153122
16.606971,-0.097672,0.016037,-1.108765
16.607000,-0.077072,0.024658,-1.064301
16.616489,-0.052872,0.032425,-1.022675
16.616606,-0.025818,0.038498,-0.985977
16.616637,0.002975,0.041687,-0.955307
16.616663,0.032150,0.040741,-0.930954
16.616688,0.060196,0.034622,-0.912491
16.616713,0.085739,0.022827,-0.898926
16.616748,0.107635,0.005569,-0.889008
16.616774,0.125092,-0.016174,-0.881577
16.626530,0.137711,-0.040894,-0.875885
16.626660,0.145477,-0.066574,-0.871536
16.626692,0.148590,-0.091080,-0.868576
16.626721,0.147461,-0.112411,-0.867249
16.626858,0.142548,-0.128967,-0.867920
16.626889,0.134399,-0.139709,-0.870895
16.626913,0.123535,-0.144150,-0.876251
16.626946,0.110458,-0.142441,-0.883774
16.636426,0.095642,-0.135223,-0.892990
16.636530,0.079544,-0.123505,-0.903259
16.636558,0.062561,-0.108521,-0.913803
16.636583,0.045120,-0.091568,-0.923752
16.636607,0.027603,-0.073898,-0.932312
16.636632,0.010498,-0.056519,-0.938965
16.636657,-0.005722,-0.040237,-0.943497
16.636681,-0.020523,-0.025558,-0.945999
16.646452,-0.033325,-0.012802,-0.946854
16.646566,-0.043579,-0.002121,-0.946609
16.646596,-0.050797,0.006409,-0.945984
16.646623,-0.054550,0.012863,-0.945816
16.646657,-0.054626,0.017212,-0.946854
16.646682,-0.050949,0.019485,-0.949707
16.646714,-0.043686,0.019669,-0.954788
16.646740,-0.033234,0.017792,-0.962311
16.656450,-0.020157,0.013947,-0.972244
16.656642,-0.005219,0.008347,-0.984283
16.657020,0.010757,0.001312,-0.997955
16.657148,0.026886,-0.006699,-1.012619
16.657180,0.042221,-0.015182,-1.027542
16.657211,0.055923,-0.023605,-1.041901
16.657251,0.067245,-0.031418,-1.054871
16.657281,0.075577,-0.038223,-1.065659
16.666583,0.080551,-0.043671,-1.073639
16.666732,0.081985,-0.047623,-1.078354
16.666763,0.079941,-0.050064,-1.079529
16.666790,0.074646,-0.051102,-1.077133
16.666817,0.066574,-0.050949,-1.071304
16.666842,0.056320,-0.049881,-1.062393
16.667021,0.044617,-0.048096,-1.050919
16.667053,0.032242,-0.045761,-1.037476
16.676431,0.019958,-0.042999,-1.022781
16.676556,0.008530,-0.039841,-1.007507
16.676591,-0.001373,-0.036301,-0.992325
16.676654,-0.009293,-0.032410,-0.977844
16.676685,-0.014862,-0.028198,-0.964508
16.676710,-0.017929,-0.023743,-0.952713
16.676734,-0.018478,-0.019211,-0.942719
16.676757,-0.016647,-0.014816,-0.934677
16.686400,-0.012680,-0.010834,-0.928696
16.686519,-0.006912,-0.007507,-0.924774
16.686547,0.000214,-0.005096,-0.922852
16.686574,0.008331,-0.003769,-0.922836
16.686598,0.017014,-0.003632,-0.924606
16.686622,0.025818,-0.004684,-0.928009
16.686646,0.034332,-0.006851,-0.932816
16.686670,0.042175,-0.009979,-0.938751
16.696395,0.048996,-0.013916,-0.945450
16.696521,0.054504,-0.018433,-0.952606
16.696550,0.058472,-0.023285,-0.959824
16.696582,0.060760,-0.028275,-0.966812
16.696609,0.061279,-0.033127,-0.973282
16.696632,0.060089,-0.037613,-0.979065
16.696656,0.057312,-0.041534,-0.984100
16.696680,0.053146,-0.044708,-0.988388
16.706403,0.047867,-0.046951,-0.992050
16.706534,0.041779,-0.048126,-0.995239
16.706570,0.035248,-0.048172,-0.998138
16.706656,0.028610,-0.047012,-1.000946
16.707163,0.022232,-0.044708,-1.003815
16.707212,0.016418,-0.041351,-1.006851
16.707263,0.011429,-0.037109,-1.010040
16.707302,0.007462,-0.032211,-1.013336
16.716395,0.004608,-0.026947,-1.016663
16.717360,0.002914,-0.021637,-1.019897
16.717670,0.002319,-0.016602,-1.022873
16.717703,0.002747,-0.012161,-1.025482
16.717729,0.004028,-0.008560,-1.027618
16.717762,0.006012,-0.006012,-1.029175
16.717843,0.008469,-0.004639,-1.030090
16.717879,0.011215,-0.004486,-1.030380
16.726417,0.014084,-0.005508,-1.030045
16.726543,0.016891,-0.007614,-1.029129
16.726572,0.019531,-0.010620,-1.027725
16.726728,0.021927,-0.014313,-1.025848
16.726758,0.023956,-0.018448,-1.023590
16.726785,0.025574,-0.022766,-1.020966
16.726811,0.026764,-0.027023,-1.018051
16.726865,0.027542,-0.030975,-1.014893
16.736391,0.027969,-0.034424,-1.011536
16.736491,0.028107,-0.037186,-1.008041
16.736520,0.028046,-0.039154,-1.004501
16.736548,0.027863,-0.040237,-1.000961
16.736576,0.027649,-0.040451,-0.997482
16.736603,0.027451,-0.039810,-0.994125
16.736628,0.027328,-0.038422,-0.990982
16.736651,0.027283,-0.036392,-0.988098
16.746398,0.027328,-0.033890,-0.985504
16.746501,0.027435,-0.031036,-0.983185
16.746547,0.027603,-0.028000,-0.981140
16.746579,0.027786,-0.024933,-0.979340
16.746609,0.027939,-0.022034,-0.977783
16.746665,0.028046,-0.019470,-0.976410
16.746696,0.028076,-0.017426,-0.975250
16.746733,0.028000,-0.016022,-0.974274
16.756300,0.027786,-0.015320,-0.973541
16.756410,0.027466,-0.015350,-0.973053
16.756453,0.027039,-0.016037,-0.972839
16.756486,0.026535,-0.017334,-0.972946
16.756516,0.026031,-0.019089,-0.973404
16.756554,0.025543,-0.021164,-0.974258
16.756623,0.025101,-0.023407,-0.975494
16.756655,0.024704,-0.025711,-0.977127
16.767680,0.024384,-0.027954,-0.979141
16.767800,0.024109,-0.030045,-0.981491
16.767830,0.023880,-0.031891,-0.984100
16.767856,0.023682,-0.033447,-0.986893
16.767887,0.023514,-0.034683,-0.989746
16.767916,0.023361,-0.035553,-0.992584
16.767941,0.023209,-0.036026,-0.995285
16.767974,0.023071,-0.036118,-0.997742
16.776331,0.022949,-0.035843,-0.999908
16.776381,0.022842,-0.035233,-1.001740
16.776396,0.022736,-0.034332,-1.003189
16.776408,0.022675,-0.033218,-1.004257
16.776418,0.022644,-0.031937,-1.004944
16.776428,0.022675,-0.030563,-1.005234
16.776438,0.022736,-0.029160,-1.005142
16.776448,0.022858,-0.027756,-1.004700
16.786314,0.023026,-0.026443,-1.003967
16.786405,0.023239,-0.025238,-1.002991
16.786425,0.023468,-0.024200,-1.001831
16.786437,0.023712,-0.023346,-1.000534
16.786447,0.023956,-0.022690,-0.999146
16.786457,0.024216,-0.022263,-0.997681
16.786467,0.024445,-0.022079,-0.996185
16.786477,0.024658,-0.022141,-0.994675
16.796302,0.024872,-0.022415,-0.993195
16.796370,0.025085,-0.022873,-0.991760
16.796384,0.025299,-0.023499,-0.990402
16.796396,0.025528,-0.024292,-0.989136
16.796407,0.025742,-0.025223,-0.987991
16.796418,0.025970,-0.026260,-0.986954
16.796427,0.026169,-0.027359,-0.986053
16.796437,0.026306,-0.028503,-0.985245
16.806427,0.026367,-0.029663,-0.984543
16.806555,0.026337,-0.030792,-0.983948
16.806585,0.026230,-0.031845,-0.983444
16.806610,0.026031,-0.032745,-0.983093
16.806635,0.025757,-0.033417,-0.982880
16.806659,0.025406,-0.033798,-0.982864
16.806724,0.024994,-0.033875,-0.983032
16.807231,0.024551,-0.033630,-0.983383
16.816378,0.024078,-0.033066,-0.983871
16.816508,0.023605,-0.032211,-0.984497
16.816539,0.023178,-0.031143,-0.985245
16.816565,0.022781,-0.029907,-0.986176
16.816589,0.022476,-0.028580,-0.987274
16.816614,0.022263,-0.027222,-0.988602
16.816638,0.022171,-0.025925,-0.990128
16.816663,0.022217,-0.024719,-0.991806
16.826295,0.022385,-0.023697,-0.993546
16.826495,0.022659,-0.022873,-0.995300
16.826536,0.022995,-0.022263,-0.996933
16.826563,0.023392,-0.021896,-0.998383
16.826589,0.023804,-0.021774,-0.999603
16.826614,0.024216,-0.021912,-1.000549
16.826640,0.024628,-0.022263,-1.001266
16.826664,0.025009,-0.022812,-1.001755
16.836254,0.025314,-0.023514,-1.002090
16.836369,0.025528,-0.024323,-1.002319
16.836398,0.025635,-0.025146,-1.002472
16.836423,0.025589,-0.025955,-1.002548
16.836446,0.025406,-0.026672,-1.002563
16.836470,0.025085,-0.027267,-1.002502
16.836493,0.024658,-0.027725,-1.002365
16.836517,0.024139,-0.028030,-1.002151
16.846247,0.023636,-0.028183,-1.001862
16.846369,0.023163,-0.028183,-1.001495
16.846408,0.022781,-0.028030,-1.001114
16.846438,0.022507,-0.027740,-1.000732
16.846462,0.022324,-0.027313,-1.000366
16.846504,0.022247,-0.026779,-1.000015
16.846531,0.022247,-0.026169,-0.999695
16.846558,0.022308,-0.025513,-0.999405
16.856259,0.022430,-0.024872,-0.999100
16.856351,0.022614,-0.024277,-0.998764
16.856380,0.022842,-0.023773,-0.998398
16.856416,0.023148,-0.023407,-0.998001
16.856441,0.023499,-0.023178,-0.997604
16.856465,0.023926,-0.023132,-0.997192
16.856489,0.024399,-0.023254,-0.996765
16.856515,0.024902,-0.023499,-0.996323
16.866239,0.025391,-0.023849,-0.995850
16.866869,0.025803,-0.024261,-0.995346
16.866901,0.026138,-0.024719,-0.994797
16.866935,0.026321,-0.025177,-0.994217
16.866962,0.026382,-0.025635,-0.993637
16.866987,0.026321,-0.026077,-0.993103
16.867011,0.026169,-0.026474,-0.992661
16.867035,0.025955,-0.026840,-0.992325
16.877214,0.025681,-0.027130,-0.992111
16.877323,0.025375,-0.027344,-0.992004
16.877353,0.025024,-0.027466,-0.991989
16.877377,0.024689,-0.027496,-0.992065
16.877401,0.024384,-0.027435,-0.992218
16.877425,0.024109,-0.027298,-0.992447
16.877449,0.023880,-0.027145,-0.992752
16.877475,0.023697,-0.026993,-0.993134
16.886211,0.023575,-0.026855,-0.993576
16.886359,0.023499,-0.026749,-0.994064
16.886418,0.023483,-0.026672,-0.994553
16.886472,0.023529,-0.026627,-0.995026
16.886523,0.023590,-0.026611,-0.995407
16.886573,0.023666,-0.026642,-0.995712
16.886630,0.023712,-0.026688,-0.995895
16.886696,0.023727,-0.026764,-0.995956
16.896218,0.023712,-0.026871,-0.995911
16.896346,0.023697,-0.027023,-0.995743
16.896394,0.023697,-0.027206,-0.995483
16.896440,0.023712,-0.027405,-0.995178
16.896479,0.023788,-0.027634,-0.994812
16.896518,0.023895,-0.027832,-0.994431
16.896555,0.024048,-0.028015,-0.994049
16.896603,0.024231,-0.028152,-0.993652
16.906544,0.024414,-0.028290,-0.993286
16.906698,0.024582,-0.028381,-0.992935
16.906817,0.024750,-0.028473,-0.992615
16.906851,0.024887,-0.028519,-0.992279
16.906882,0.025024,-0.028564,-0.991943
16.906911,0.025146,-0.028580,-0.991562
16.906940,0.025238,-0.028595,-0.991165
16.906978,0.025314,-0.028625,-0.990768
16.916451,0.025360,-0.028656,-0.990387
16.916568,0.025391,-0.028702,-0.990067
16.916598,0.025375,-0.028763,-0.989822
16.916625,0.025299,-0.028839,-0.989655
16.916649,0.025192,-0.028900,-0.989548
16.916675,0.025024,-0.028961,-0.989471
16.916699,0.024841,-0.029022,-0.989395
16.916723,0.024643,-0.029068,-0.989319
16.926362,0.024445,-0.029068,-0.989212
16.926782,0.024277,-0.029022,-0.989090
16.926825,0.024139,-0.028915,-0.988983
16.926857,0.024033,-0.028748,-0.988907
16.926896,0.023941,-0.028549,-0.988907
16.926927,0.023865,-0.028351,-0.988983
16.926958,0.023773,-0.028168,-0.989136
16.927009,0.023682,-0.028030,-0.989365
16.936112,0.023590,-0.027924,-0.989655
16.936213,0.023529,-0.027878,-0.990005
16.936241,0.023483,-0.027878,-0.990417
16.936266,0.023483,-0.027893,-0.990891
16.936291,0.023560,-0.027924,-0.991440
16.936315,0.023712,-0.027924,-0.992020
16.936339,0.023926,-0.027847,-0.992630
16.936363,0.024170,-0.027679,-0.993240
16.946136,0.024429,-0.027435,-0.993851
16.946244,0.024689,-0.027145,-0.994476
16.946275,0.024948,-0.026825,-0.995071
16.946300,0.025208,-0.026489,-0.995621
16.946326,0.025467,-0.026199,-0.996109
16.946352,0.025726,-0.025940,-0.996536
16.946379,0.025925,-0.025681,-0.996902
16.946408,0.026077,-0.025452,-0.997208
16.956191,0.026123,-0.025223,-0.997452
16.956291,0.026062,-0.025024,-0.997650
16.956329,0.025879,-0.024872,-0.997787
16.956356,0.025574,-0.024796,-0.997879
16.956380,0.025146,-0.024780,-0.997955
16.956406,0.024673,-0.024857,-0.997986
16.956429,0.024200,-0.024979,-0.998001
16.956453,0.023773,-0.025131,-0.997986
16.966418,0.023438,-0.025269,-0.997940
16.966531,0.023224,-0.025391,-0.997910
16.966562,0.023117,-0.025467,-0.997879
16.966590,0.023117,-0.025497,-0.997833
16.966615,0.023193,-0.025497,-0.997787
16.967337,0.023315,-0.025497,-0.997726
16.967506,0.023468,-0.025467,-0.997650
16.967542,0.023621,-0.025452,-0.997559
16.976561,0.023788,-0.025436,-0.997482
16.976697,0.023926,-0.025406,-0.997421
16.976743,0.024033,-0.025391,-0.997391
16.976785,0.024139,-0.025345,-0.997406
16.977123,0.024231,-0.025284,-0.997421
16.977152,0.024338,-0.025177,-0.997437
16.977177,0.024460,-0.025085,-0.997437
16.977202,0.024597,-0.024994,-0.997375
16.986177,0.024719,-0.024963,-0.997253
16.986265,0.024841,-0.025009,-0.997040
16.986296,0.024948,-0.025131,-0.996780
16.986321,0.025040,-0.025345,-0.996460
16.986346,0.025101,-0.025620,-0.996155
16.986370,0.025131,-0.025925,-0.995895
16.986394,0.025162,-0.026230,-0.995728
16.986420,0.025162,-0.026535,-0.995682
16.996092,0.025146,-0.026825,-0.995758
16.996202,0.025101,-0.027069,-0.995926
16.996233,0.025055,-0.027267,-0.996155
16.996260,0.025009,-0.027451,-0.996399
16.996296,0.024963,-0.027634,-0.996613
16.996321,0.024918,-0.027817,-0.996796
16.996345,0.024872,-0.027969,-0.996918
16.996377,0.024811,-0.028107,-0.997009
17.006114,0.024734,-0.028168,-0.997040
17.006220,0.024628,-0.028168,-0.996994
17.006258,0.024506,-0.028091,-0.996887
17.006289,0.024384,-0.027924,-0.996689
17.006319,0.024277,-0.027725,-0.996399
17.006355,0.024170,-0.027496,-0.996017
17.006425,0.024078,-0.027298,-0.995575
17.006746,0.024033,-0.027161,-0.995087
17.016409,0.024017,-0.027100,-0.994568
17.016477,0.024033,-0.027115,-0.994064
17.016492,0.024048,-0.027222,-0.993607
17.016506,0.024078,-0.027374,-0.993179
17.016518,0.024078,-0.027573,-0.992798
17.016530,0.024048,-0.027786,-0.992416
17.016542,0.023987,-0.027985,-0.992020
17.016552,0.023926,-0.028168,-0.991608
17.026075,0.023849,-0.028320,-0.991180
17.026178,0.023804,-0.028442,-0.990738
17.026206,0.023773,-0.028549,-0.990295
17.026232,0.023788,-0.028641,-0.989899
17.026266,0.023834,-0.028687,-0.989532
17.026293,0.023941,-0.028687,-0.989243
17.026317,0.024078,-0.028641,-0.989044
17.026341,0.024261,-0.028549,-0.988968
17.036068,0.024490,-0.028412,-0.988968
17.036173,0.024780,-0.028244,-0.989075
17.036202,0.025085,-0.028061,-0.989273
17.036228,0.025406,-0.027939,-0.989532
17.036253,0.025711,-0.027878,-0.989838
17.036277,0.025955,-0.027908,-0.990173
17.036301,0.026108,-0.027985,-0.990494
17.036325,0.026169,-0.028137,-0.990753
17.046036,0.026108,-0.028290,-0.990952
17.046146,0.025970,-0.028442,-0.991074
17.046175,0.025757,-0.028580,-0.991135
17.046201,0.025497,-0.028671,-0.991150
17.046225,0.025223,-0.028717,-0.991165
17.046259,0.024979,-0.028732,-0.991180
17.046284,0.024765,-0.028717,-0.991226
17.046310,0.024597,-0.028687,-0.991333
17.056042,0.024475,-0.028656,-0.991501
17.056136,0.024399,-0.028610,-0.991699
17.056167,0.024323,-0.028564,-0.991928
17.056192,0.024246,-0.028442,-0.992096
17.056216,0.024155,-0.028107,-0.991165
17.056240,0.024094,-0.027420,-0.985352
17.056264,0.024185,-0.026718,-0.968048
17.056294,0.024506,-0.027405,-0.933212
17.066043,0.024734,-0.031784,-0.878235
17.066195,0.024292,-0.042206,-0.804764
17.066224,0.022705,-0.059921,-0.718811
17.066249,0.020004,-0.084274,-0.630722
17.066282,0.016678,-0.112305,-0.554443
17.066309,0.013824,-0.138779,-0.504135
17.066335,0.013229,-0.157028,-0.490570
17.066360,0.016998,-0.160706,-0.519501
17.076050,0.026825,-0.145874,-0.590775
17.076190,0.043396,-0.112427,-0.697678
17.076224,0.066055,-0.064240,-0.827652
17.076256,0.092682,-0.008331,-0.964981
17.076285,0.120026,0.046646,-1.094360
17.076461,0.144119,0.092194,-1.203369
17.076497,0.161118,0.121613,-1.283951
17.076529,0.167801,0.131378,-1.333313
17.085989,0.162308,0.121719,-1.353806
17.086105,0.144470,0.096542,-1.352036
17.086133,0.115784,0.062454,-1.337372
17.086158,0.079163,0.027206,-1.319885
17.086182,0.038284,-0.001999,-1.308334
17.086205,-0.002991,-0.020172,-1.308197
17.086229,-0.041351,-0.025223,-1.320801
17.086252,-0.074524,-0.018204,-1.343567
17.096002,-0.101456,-0.002792,-1.370911
17.096122,-0.122299,0.015884,-1.395569
17.096156,-0.137955,0.032532,-1.410217
17.096186,-0.149582,0.042770,-1.408859
17.096225,-0.158020,0.044098,-1.388031
17.096255,-0.163528,0.036179,-1.347290
17.096284,-0.165619,0.020706,-1.289230
17.096314,-0.163345,0.000885,-1.218826
17.105978,-0.155518,-0.019547,-1.142532
17.106116,-0.141190,-0.037247,-1.067169
17.106145,-0.120010,-0.049988,-0.998734
17.106170,-0.092392,-0.056976,-0.941406
17.106194,-0.059586,-0.058853,-0.897186
17.106217,-0.023438,-0.057327,-0.866089
17.106251,0.013840,-0.054565,-0.846664
17.106275,0.050140,-0.052597,-0.836548
17.116189,0.083603,-0.052917,-0.832794
17.116329,0.112885,-0.056259,-0.832672
17.116374,0.137115,-0.062531,-0.834152
17.116413,0.155930,-0.070877,-0.836136
17.116451,0.169266,-0.079956,-0.838364
17.116488,0.177322,-0.088242,-0.841141
17.116524,0.180405,-0.094376,-0.845093
17.116562,0.178864,-0.097382,-0.850937
17.127108,0.173065,-0.096878,-0.859146
17.127250,0.163361,-0.093048,-0.869690
17.127283,0.150116,-0.086517,-0.882141
17.127311,0.133667,-0.078247,-0.895691
17.127338,0.114456,-0.069290,-0.909393
17.127364,0.092972,-0.060623,-0.922241
17.127387,0.069824,-0.052933,-0.933212
17.127413,0.045731,-0.046585,-0.941513
17.135944,0.021484,-0.041550,-0.946793
17.136044,-0.002029,-0.037521,-0.949142
17.136072,-0.023972,-0.033951,-0.948990
17.136097,-0.043503,-0.030243,-0.946991
17.136122,-0.059784,-0.025894,-0.943954
17.136148,-0.072128,-0.020599,-0.940903
17.136174,-0.079987,-0.014343,-0.938828
17.136199,-0.082977,-0.007370,-0.938477
17.145992,-0.080978,-0.000183,-0.940430
17.146124,-0.074127,0.006561,-0.945007
17.146155,-0.062836,0.012238,-0.952316
17.146184,-0.047745,0.016235,-0.962189
17.146210,-0.029755,0.018188,-0.974213
17.146234,-0.009872,0.017899,-0.987778
17.146260,0.010773,0.015381,-1.002197
17.146285,0.031113,0.010834,-1.016708
17.155953,0.050079,0.004532,-1.030502
17.156142,0.066772,-0.003128,-1.042740
17.156194,0.080429,-0.011749,-1.052704
17.156227,0.090454,-0.020889,-1.059845
17.156257,0.096497,-0.030106,-1.063812
17.156287,0.098450,-0.039001,-1.064499
17.156311,0.096405,-0.047180,-1.061905
17.156337,0.090698,-0.054260,-1.056335
17.166002,0.081863,-0.059875,-1.048203
17.166129,0.070557,-0.063690,-1.038101
17.166166,0.057556,-0.065475,-1.026688
17.166206,0.043671,-0.065048,-1.014633
17.166239,0.029694,-0.062393,-1.002518
17.166269,0.016357,-0.057587,-0.990845
17.166301,0.004333,-0.050934,-0.980011
17.166337,-0.005859,-0.042816,-0.970245
17.176233,-0.013916,-0.033783,-0.961685
17.176680,-0.019592,-0.024475,-0.954422
17.176716,-0.022812,-0.015549,-0.948532
17.176750,-0.023605,-0.007629,-0.944077
17.176780,-0.022141,-0.001282,-0.941116
17.176811,-0.018585,0.003128,-0.939697
17.176841,-0.013214,0.005402,-0.939865
17.176873,-0.006317,0.005508,-0.941666
17.185914,0.001770,0.003616,-0.945023
17.186003,0.010681,0.000015,-0.949768
17.186035,0.020020,-0.004852,-0.955643
17.186067,0.029327,-0.010635,-0.962326
17.186097,0.038208,-0.016907,-0.969482
17.186129,0.046219,-0.023315,-0.976715
17.186159,0.052963,-0.029510,-0.983612
17.186186,0.058121,-0.035233,-0.989899
17.195909,0.061462,-0.040222,-0.995361
17.196021,0.062881,-0.044250,-0.999878
17.196051,0.062332,-0.047165,-1.003418
17.196078,0.059937,-0.048843,-1.006027
17.196105,0.055908,-0.049225,-1.007858
17.196133,0.050568,-0.048325,-1.009125
17.196160,0.044266,-0.046219,-1.010010
17.196189,0.037415,-0.043076,-1.010651
17.205878,0.030411,-0.039093,-1.011185
17.205986,0.023590,-0.034546,-1.011627
17.206015,0.017288,-0.029724,-1.012024
17.206048,0.011749,-0.024902,-1.012314
17.206075,0.007172,-0.020401,-1.012436
17.206100,0.003647,-0.016449,-1.012329
17.206138,0.001282,-0.013260,-1.012009
17.206165,0.000046,-0.010971,-1.011505
17.216080,-0.000076,-0.009659,-1.010849
17.216192,0.000809,-0.009308,-1.010101
17.216221,0.002609,-0.009872,-1.009399
17.216246,0.005157,-0.011230,-1.008835
17.216271,0.008270,-0.013245,-1.008469
17.216297,0.011749,-0.015732,-1.008286
17.216323,0.015427,-0.018494,-1.008240
17.216347,0.019119,-0.021378,-1.008255
17.225942,0.022644,-0.024200,-1.008224
17.226082,0.025864,-0.026825,-1.008026
17.226113,0.028641,-0.029175,-1.007538
17.226139,0.030884,-0.031219,-1.006683
17.226174,0.032532,-0.032928,-1.005402
17.226200,0.033569,-0.034317,-1.003738
17.226552,0.034012,-0.035339,-1.001709
17.226578,0.033920,-0.035980,-0.999420
17.235831,0.033432,-0.036194,-0.996979
17.235945,0.032639,-0.035950,-0.994507
17.235974,0.031631,-0.035202,-0.992096
17.236000,0.030502,-0.033966,-0.989807
17.236026,0.029343,-0.032303,-0.987671
17.236050,0.028198,-0.030289,-0.985733
17.236074,0.027130,-0.028061,-0.983994
17.236098,0.026184,-0.025772,-0.982468
17.245828,0.025391,-0.023575,-0.981201
17.245952,0.024750,-0.021622,-0.980194
17.245988,0.024292,-0.019989,-0.979507
17.246021,0.024017,-0.018768,-0.979141
17.246057,0.023941,-0.017990,-0.979126
17.246086,0.024002,-0.017654,-0.979462
17.246121,0.024200,-0.017715,-0.980133
17.246160,0.024490,-0.018158,-0.981110
17.255869,0.024811,-0.018921,-0.982315
17.255988,0.025116,-0.019958,-0.983688
17.256018,0.025360,-0.021240,-0.985153
17.256045,0.025528,-0.022720,-0.986649
17.256070,0.025589,-0.024353,-0.988129
17.256096,0.025543,-0.026108,-0.989563
17.256156,0.025375,-0.027969,-0.990891
17.256180,0.025040,-0.029846,-0.992081
17.267590,0.024567,-0.031693,-0.993118
17.267763,0.023956,-0.033401,-0.993958
17.267799,0.023239,-0.034851,-0.994644
17.267844,0.022461,-0.036011,-0.995148
17.267861,0.021713,-0.036774,-0.995499
17.267874,0.021057,-0.037094,-0.995728
17.267885,0.020599,-0.036926,-0.995880
17.267895,0.020401,-0.036240,-0.996002
17.275830,0.020493,-0.035095,-0.996109
17.275889,0.020905,-0.033524,-0.996246
17.275902,0.021591,-0.031631,-0.996429
17.275913,0.022491,-0.029541,-0.996628
17.275923,0.023544,-0.027420,-0.996826
17.275933,0.024673,-0.025391,-0.996979
17.275942,0.025757,-0.023560,-0.997055
17.275951,0.026749,-0.022034,-0.997009
17.285792,0.027588,-0.020874,-0.996826
17.285914,0.028229,-0.020111,-0.996521
17.285943,0.028641,-0.019760,-0.996078
17.285969,0.028824,-0.019836,-0.995514
17.285994,0.028793,-0.020309,-0.994812
17.286018,0.028549,-0.021133,-0.993988
17.286042,0.028122,-0.022263,-0.993042
17.286067,0.027512,-0.023636,-0.991989
17.295792,0.026764,-0.025192,-0.990814
17.295917,0.025925,-0.026825,-0.989594
17.295948,0.025024,-0.028488,-0.988358
17.295973,0.024139,-0.030090,-0.987213
17.295997,0.023331,-0.031540,-0.986191
17.296022,0.022629,-0.032791,-0.985367
17.296053,0.022079,-0.033752,-0.984772
17.296079,0.021652,-0.034378,-0.984467
17.305927,0.021362,-0.034607,-0.984467
17.306019,0.021210,-0.034485,-0.984802
17.306048,0.021194,-0.033981,-0.985474
17.306082,0.021317,-0.033157,-0.986481
17.306109,0.021576,-0.032043,-0.987747
17.306134,0.021942,-0.030701,-0.989243
17.306157,0.022430,-0.029175,-0.990891
17.306183,0.022995,-0.027557,-0.992630
17.316050,0.023636,-0.025955,-0.994354
17.316164,0.024261,-0.024445,-0.995972
17.316195,0.024872,-0.023117,-0.997437
17.316222,0.025406,-0.022049,-0.998672
17.316247,0.025848,-0.021286,-0.999649
17.316270,0.026184,-0.020889,-1.000366
17.316294,0.026443,-0.020813,-1.000839
17.316320,0.026627,-0.021057,-1.001114
17.326023,0.026733,-0.021530,-1.001205
17.326149,0.026764,-0.022217,-1.001175
17.326182,0.026703,-0.023010,-1.001022
17.326223,0.026535,-0.023865,-1.000778
17.326299,0.026276,-0.024704,-1.000488
17.326333,0.025940,-0.025513,-1.000168
17.326359,0.025558,-0.026245,-0.999847
17.326384,0.025146,-0.026871,-0.999542
17.335734,0.024734,-0.027405,-0.999237
17.335861,0.024338,-0.027817,-0.998947
17.335889,0.023972,-0.028107,-0.998672
17.335914,0.023651,-0.028244,-0.998413
17.335938,0.023376,-0.028229,-0.998154
17.335962,0.023178,-0.028046,-0.997910
17.335985,0.023056,-0.027725,-0.997665
17.336008,0.023010,-0.027283,-0.997421
17.345792,0.023026,-0.026779,-0.997177
17.345907,0.023087,-0.026245,-0.996948
17.345942,0.023163,-0.025711,-0.996704
17.345974,0.023270,-0.025253,-0.996460
17.346004,0.023376,-0.024902,-0.996185
17.346036,0.023514,-0.024628,-0.995865
17.346064,0.023651,-0.024429,-0.995544
17.346093,0.023804,-0.024307,-0.995178
17.355726,0.023972,-0.024292,-0.994827
17.355841,0.024139,-0.024384,-0.994476
17.355871,0.024323,-0.024582,-0.994125
17.355896,0.024506,-0.024887,-0.993774
17.355922,0.024673,-0.025299,-0.993454
17.355946,0.024841,-0.025803,-0.993164
17.355970,0.025024,-0.026352,-0.992905
17.355993,0.025238,-0.026901,-0.992676
17.366144,0.025452,-0.027420,-0.992462
17.366333,0.025696,-0.027832,-0.992279
17.366364,0.025940,-0.028122,-0.992126
17.366399,0.026184,-0.028259,-0.992065
17.366426,0.026428,-0.028259,-0.992096
17.366450,0.026657,-0.028122,-0.992249
17.366482,0.026825,-0.027893,-0.992493
17.366508,0.026962,-0.027603,-0.992844
17.375718,0.027054,-0.027298,-0.993240
17.376229,0.027069,-0.027008,-0.993668
17.376267,0.026978,-0.026764,-0.994064
17.376302,0.026779,-0.026581,-0.994400
17.376330,0.026459,-0.026443,-0.994644
17.376354,0.026031,-0.026382,-0.994781
17.376381,0.025513,-0.026382,-0.994797
17.376406,0.024918,-0.026443,-0.994705
17.385685,0.024292,-0.026550,-0.994537
17.385811,0.023621,-0.026703,-0.994293
17.385839,0.022964,-0.026901,-0.994019
17.385864,0.022324,-0.027115,-0.993698
17.385889,0.021774,-0.027328,-0.993362
17.385912,0.021378,-0.027512,-0.993027
17.385936,0.021133,-0.027649,-0.992706
17.385959,0.021072,-0.027740,-0.992416
17.395673,0.021194,-0.027817,-0.992157
17.395791,0.021500,-0.027908,-0.991959
17.395826,0.021942,-0.028015,-0.991837
17.395854,0.022491,-0.028183,-0.991776
17.395878,0.023132,-0.028412,-0.991760
17.395902,0.023819,-0.028656,-0.991760
17.395935,0.024506,-0.028915,-0.991776
17.395966,0.025192,-0.029129,-0.991745
17.405702,0.025833,-0.029266,-0.991699
17.405851,0.026398,-0.029312,-0.991623
17.406010,0.026871,-0.029251,-0.991531
17.406080,0.027222,-0.029114,-0.991425
17.406135,0.027420,-0.028915,-0.991318
17.406187,0.027466,-0.028687,-0.991211
17.406239,0.027374,-0.028488,-0.991089
17.406290,0.027130,-0.028320,-0.990936
17.415644,0.026779,-0.028168,-0.990784
17.415862,0.026321,-0.028030,-0.990616
17.415909,0.025818,-0.027908,-0.990479
17.415949,0.025284,-0.027756,-0.990372
17.415986,0.024765,-0.027603,-0.990295
17.416025,0.024277,-0.027451,-0.990234
17.416063,0.023834,-0.027328,-0.990219
17.416102,0.023453,-0.027222,-0.990234
17.425938,0.023117,-0.027145,-0.990311
17.426068,0.022842,-0.027100,-0.990448
17.426304,0.022644,-0.027100,-0.990692
17.426332,0.022537,-0.027130,-0.991043
17.426359,0.022522,-0.027161,-0.991501
17.426384,0.022598,-0.027222,-0.992035
17.426409,0.022736,-0.027283,-0.992661
17.426432,0.022888,-0.027359,-0.993332
17.435640,0.023056,-0.027466,-0.993973
17.435779,0.023224,-0.027588,-0.994553
17.435807,0.023407,-0.027756,-0.995026
17.435832,0.023605,-0.027939,-0.995407
17.435856,0.023834,-0.028107,-0.995697
17.435880,0.024094,-0.028244,-0.995956
17.435904,0.024338,-0.028320,-0.996170
17.435928,0.024567,-0.028320,-0.996368
17.445640,0.024765,-0.028244,-0.996521
17.445758,0.024918,-0.028076,-0.996658
17.445786,0.024979,-0.027847,-0.996750
17.445810,0.024933,-0.027573,-0.996780
17.445843,0.024796,-0.027252,-0.996750
17.445869,0.024582,-0.026917,-0.996674
17.445893,0.024353,-0.026566,-0.996613
17.445919,0.024155,-0.026230,-0.996567
17.455655,0.023972,-0.025894,-0.996567
17.455803,0.023819,-0.025589,-0.996674
17.455832,0.023697,-0.025269,-0.996857
17.455856,0.023605,-0.024994,-0.997086
17.455880,0.023544,-0.024719,-0.997330
17.455938,0.023529,-0.024490,-0.997528
17.455963,0.023544,-0.024277,-0.997635
17.455987,0.023575,-0.024109,-0.997635
17.465635,0.023621,-0.024002,-0.997528
17.465795,0.023727,-0.023956,-0.997345
17.465825,0.023895,-0.023987,-0.997116
17.465852,0.024109,-0.024048,-0.996887
17.465876,0.024353,-0.024124,-0.996689
17.465902,0.024612,-0.024200,-0.996536
17.465925,0.024841,-0.024277,-0.996414
17.465948,0.025009,-0.024338,-0.996307
17.475972,0.025085,-0.024414,-0.996231
17.476243,0.025055,-0.024551,-0.996140
17.476284,0.024918,-0.024689,-0.995834
17.476313,0.024643,-0.024826,-0.993729
17.476338,0.024216,-0.025146,-0.985046
17.476402,0.023590,-0.026749,-0.962784
17.476432,0.022614,-0.031616,-0.922211
17.476457,0.020844,-0.042068,-0.863541
17.485591,0.017929,-0.059525,-0.790344
17.485719,0.014084,-0.083633,-0.709244
17.485749,0.010147,-0.111877,-0.630737
17.485775,0.007309,-0.139786,-0.567047
17.485799,0.006989,-0.161514,-0.529221
17.485822,0.010620,-0.171051,-0.525269
17.485846,0.019455,-0.163803,-0.559143
17.485870,0.034027,-0.138031,-0.629700
17.495600,0.053864,-0.095596,-0.730118
17.495717,0.077499,-0.041626,-0.849030
17.495749,0.102539,0.016525,-0.973160
17.495774,0.125961,0.070724,-1.089890
17.495801,0.144684,0.113495,-1.189026
17.495825,0.155853,0.139420,-1.263840
17.495849,0.157410,0.145996,-1.311676
17.495872,0.148392,0.134033,-1.334045
17.505632,0.129105,0.107391,-1.336151
17.505739,0.101074,0.072052,-1.325684
17.505789,0.066772,0.034851,-1.311111
17.505818,0.029099,0.001968,-1.299744
17.505844,-0.008896,-0.022049,-1.296295
17.505871,-0.044601,-0.034973,-1.302307
17.505932,-0.076080,-0.036911,-1.316162
17.505962,-0.102264,-0.029938,-1.333878
17.516338,-0.122910,-0.017456,-1.350159
17.516497,-0.138351,-0.003311,-1.359375
17.516529,-0.149216,0.008957,-1.356781
17.516556,-0.156036,0.016800,-1.339355
17.516583,-0.158966,0.019135,-1.306488
17.516608,-0.157806,0.016281,-1.259949
17.516632,-0.151978,0.009735,-1.203430
17.516657,-0.140808,0.001541,-1.141876
17.525557,-0.123779,-0.006348,-1.080521
17.525690,-0.100845,-0.012650,-1.024017
17.525722,-0.072601,-0.016968,-0.975571
17.525749,-0.040253,-0.019806,-0.936676
17.525828,-0.005569,-0.022339,-0.907516
17.525867,0.029449,-0.025925,-0.887100
17.525895,0.062958,-0.031784,-0.873672
17.525922,0.093277,-0.040604,-0.864960
17.535540,0.119232,-0.052353,-0.858871
17.535664,0.140121,-0.066330,-0.854004
17.535692,0.155670,-0.081284,-0.849670
17.535717,0.165909,-0.095642,-0.845871
17.535742,0.171112,-0.107819,-0.842941
17.535766,0.171646,-0.116547,-0.841476
17.535789,0.167908,-0.120987,-0.842102
17.535812,0.160370,-0.120850,-0.845215
17.545513,0.149414,-0.116348,-0.850845
17.545634,0.135513,-0.108154,-0.858627
17.545663,0.119080,-0.097214,-0.867996
17.545688,0.100586,-0.084686,-0.878189
17.545711,0.080490,-0.071686,-0.888290
17.545744,0.059372,-0.059158,-0.897415
17.545769,0.037781,-0.047806,-0.904907
17.545793,0.016388,-0.037964,-0.910507
17.555812,-0.004059,-0.029678,-0.914352
17.555911,-0.022873,-0.022797,-0.916794
17.555947,-0.039261,-0.016983,-0.918411
17.555975,-0.052536,-0.011948,-0.920029
17.556000,-0.062073,-0.007446,-0.922577
17.556025,-0.067383,-0.003403,-0.926956
17.556050,-0.068192,0.000061,-0.933823
17.556073,-0.064484,0.002747,-0.943619
17.568078,-0.056503,0.004303,-0.956482
17.568299,-0.044754,0.004456,-0.972244
17.568376,-0.029999,0.003006,-0.990479
17.568405,-0.013138,-0.000031,-1.010422
17.568441,0.004730,-0.004547,-1.031219
17.568467,0.022614,-0.010193,-1.051880
17.568491,0.039429,-0.016525,-1.071426
17.568522,0.054230,-0.023041,-1.088852
17.575605,0.066208,-0.029251,-1.103287
17.575940,0.074783,-0.034714,-1.114014
17.576055,0.079559,-0.039200,-1.120544
17.576087,0.080444,-0.042572,-1.122650
17.576122,0.077545,-0.044815,-1.120255
17.576148,0.071274,-0.046036,-1.113571
17.576172,0.062195,-0.046341,-1.102966
17.576198,0.051086,-0.045898,-1.089050
17.585475,0.038803,-0.044754,-1.072556
17.585584,0.026215,-0.042969,-1.054291
17.585613,0.014130,-0.040497,-1.035049
17.585650,0.003311,-0.037369,-1.015625
17.585678,-0.005676,-0.033585,-0.996750
17.585703,-0.012421,-0.029205,-0.979050
17.585730,-0.016678,-0.024384,-0.962952
17.585754,-0.018372,-0.019302,-0.948761
17.595481,-0.017532,-0.014221,-0.936707
17.595585,-0.014420,-0.009445,-0.926880
17.595616,-0.009338,-0.005264,-0.919357
17.595643,-0.002716,-0.001999,-0.914078
17.595668,0.004990,0.000092,-0.910934
17.595692,0.013351,0.000885,-0.909805
17.595717,0.021942,0.000275,-0.910538
17.595740,0.030380,-0.001663,-0.912888
17.605490,0.038300,-0.004837,-0.916611
17.605613,0.045410,-0.009033,-0.921432
17.605643,0.051498,-0.013962,-0.927078
17.605668,0.056381,-0.019348,-0.933289
17.605702,0.059891,-0.024857,-0.939758
17.605727,0.061951,-0.030182,-0.946274
17.605751,0.062485,-0.035095,-0.952637
17.605777,0.061493,-0.039352,-0.958786
17.615658,0.059052,-0.042786,-0.964661
17.615853,0.055252,-0.045242,-0.970291
17.615891,0.050339,-0.046631,-0.975723
17.615924,0.044571,-0.046906,-0.981064
17.615956,0.038269,-0.046036,-0.986435
17.615985,0.031815,-0.044083,-0.991928
17.616014,0.025513,-0.041107,-0.997635
17.616051,0.019684,-0.037292,-1.003525
17.625604,0.014572,-0.032852,-1.009567
17.625815,0.010284,-0.028015,-1.015625
17.625845,0.006912,-0.023087,-1.021530
17.625872,0.004486,-0.018387,-1.027084
17.626018,0.002991,-0.014191,-1.032089
17.626048,0.002396,-0.010757,-1.036407
17.626082,0.002625,-0.008286,-1.039902
17.626123,0.003586,-0.006897,-1.042496
17.635424,0.005142,-0.006592,-1.044128
17.635546,0.007141,-0.007339,-1.044830
17.635574,0.009445,-0.009003,-1.044632
17.635607,0.011902,-0.011414,-1.043625
17.635634,0.014374,-0.014374,-1.041870
17.635658,0.016754,-0.017715,-1.039429
17.635681,0.018967,-0.021194,-1.036362
17.635705,0.020966,-0.024658,-1.032730
17.645418,0.022736,-0.027954,-1.028564
17.645574,0.024261,-0.030975,-1.023956
17.645635,0.025558,-0.033646,-1.018982
17.645697,0.026642,-0.035858,-1.013718
17.645751,0.027512,-0.037537,-1.008301
17.645812,0.028198,-0.038651,-1.002838
17.645863,0.028748,-0.039169,-0.997452
17.645914,0.029190,-0.039108,-0.992233
17.655403,0.029572,-0.038498,-0.987305
17.655553,0.029892,-0.037399,-0.982712
17.655597,0.030197,-0.035904,-0.978500
17.655650,0.030441,-0.034119,-0.974701
17.655689,0.030655,-0.032135,-0.971313
17.655729,0.030777,-0.030090,-0.968353
17.655767,0.030823,-0.028061,-0.965820
17.655813,0.030746,-0.026184,-0.963715
17.665663,0.030548,-0.024521,-0.962036
17.665823,0.030228,-0.023193,-0.960815
17.665869,0.029816,-0.022232,-0.960083
17.665908,0.029358,-0.021683,-0.959839
17.665948,0.028870,-0.021515,-0.960114
17.665984,0.028412,-0.021729,-0.960907
17.666022,0.028000,-0.022247,-0.962265
17.666060,0.027649,-0.023010,-0.964172
17.675439,0.027344,-0.023941,-0.966614
17.675801,0.027084,-0.024994,-0.969543
17.675849,0.026840,-0.026123,-0.972870
17.675878,0.026581,-0.027298,-0.976501
17.675905,0.026291,-0.028503,-0.980286
17.675929,0.025955,-0.029709,-0.984100
17.675953,0.025528,-0.030914,-0.987869
17.675977,0.025009,-0.032043,-0.991470
17.685409,0.024384,-0.033051,-0.994843
17.685547,0.023636,-0.033905,-0.997910
17.685583,0.022858,-0.034531,-1.000641
17.685615,0.022064,-0.034897,-1.003036
17.685644,0.021301,-0.034943,-1.005081
17.685675,0.020645,-0.034668,-1.006790
17.685704,0.020096,-0.034073,-1.008133
17.685732,0.019730,-0.033188,-1.009155
17.695382,0.019562,-0.032028,-1.009842
17.695517,0.019608,-0.030701,-1.010193
17.695554,0.019882,-0.029266,-1.010223
17.695585,0.020355,-0.027817,-1.009918
17.695624,0.020981,-0.026398,-1.009277
17.695655,0.021698,-0.025055,-1.008347
17.695684,0.022461,-0.023834,-1.007141
17.695714,0.023254,-0.022766,-1.005707
17.705389,0.024017,-0.021881,-1.004105
17.705485,0.024734,-0.021210,-1.002411
17.705513,0.025391,-0.020813,-1.000641
17.705548,0.025970,-0.020721,-0.998825
17.705575,0.026459,-0.020981,-0.996979
17.705600,0.026855,-0.021576,-0.995117
17.705623,0.027115,-0.022491,-0.993256
17.705648,0.027267,-0.023682,-0.991409
17.715342,0.027313,-0.025085,-0.989624
17.715462,0.027283,-0.026642,-0.987900
17.715493,0.027222,-0.028229,-0.986298
17.715518,0.027130,-0.029800,-0.984848
17.715543,0.027008,-0.031265,-0.983597
17.715569,0.026871,-0.032547,-0.982574
17.715593,0.026688,-0.033569,-0.981842
17.715618,0.026459,-0.034256,-0.981400
17.725509,0.026169,-0.034561,-0.981277
17.725647,0.025818,-0.034393,-0.981491
17.725676,0.025467,-0.033783,-0.982040
17.725713,0.025101,-0.032745,-0.982895
17.725739,0.024750,-0.031326,-0.984024
17.725883,0.024460,-0.029678,-0.985352
17.725921,0.024216,-0.027893,-0.986862
17.725948,0.024017,-0.026138,-0.988464
17.735327,0.023865,-0.024506,-0.990158
17.735499,0.023758,-0.023056,-0.991867
17.735532,0.023682,-0.021866,-0.993561
17.735557,0.023651,-0.020966,-0.995209
17.735585,0.023651,-0.020355,-0.996826
17.735610,0.023682,-0.020004,-0.998383
17.735633,0.023697,-0.019943,-0.999878
17.735659,0.023682,-0.020126,-1.001297
17.745351,0.023636,-0.020569,-1.002625
17.745466,0.023560,-0.021255,-1.003784
17.745501,0.023438,-0.022141,-1.004745
17.745535,0.023315,-0.023132,-1.005493
17.745563,0.023193,-0.024155,-1.006027
17.745592,0.023102,-0.025101,-1.006332
17.745630,0.023041,-0.025909,-1.006439
17.745660,0.023010,-0.026550,-1.006378
17.755281,0.023010,-0.027008,-1.006165
17.755392,0.023010,-0.027267,-1.005829
17.755421,0.022995,-0.027344,-1.005386
17.755448,0.022980,-0.027237,-1.004883
17.755472,0.022980,-0.026978,-1.004288
17.755496,0.022995,-0.026611,-1.003647
17.755562,0.023071,-0.026169,-1.002945
17.755588,0.023209,-0.025665,-1.002213
17.765928,0.023407,-0.025146,-1.001450
17.766013,0.023651,-0.024628,-1.000626
17.766038,0.023911,-0.024155,-0.999786
17.766051,0.024155,-0.023788,-0.998901
17.766063,0.024353,-0.023560,-0.997986
17.766073,0.024490,-0.023544,-0.997025
17.766083,0.024567,-0.023727,-0.996002
17.766167,0.024597,-0.024109,-0.994934
17.775929,0.024597,-0.024658,-0.993851
17.776072,0.024597,-0.025330,-0.992767
17.776105,0.024612,-0.026047,-0.991730
17.776131,0.024643,-0.026764,-0.990753
17.776155,0.024704,-0.027420,-0.989853
17.776182,0.024780,-0.027985,-0.989044
17.776205,0.024902,-0.028442,-0.988312
17.776229,0.025055,-0.028763,-0.987671
17.785238,0.025238,-0.028992,-0.987137
17.785319,0.025421,-0.029129,-0.986740
17.785346,0.025604,-0.029190,-0.986526
17.785372,0.025787,-0.029205,-0.986511
17.785396,0.025940,-0.029160,-0.986710
17.785419,0.026047,-0.029068,-0.987137
17.785452,0.026093,-0.028931,-0.987747
17.785478,0.026062,-0.028732,-0.988510
17.795223,0.025955,-0.028519,-0.989380
17.795332,0.025803,-0.028290,-0.990295
17.795363,0.025604,-0.028076,-0.991180
17.795390,0.025345,-0.027924,-0.991989
17.795415,0.025055,-0.027832,-0.992676
17.795440,0.024719,-0.027802,-0.993179
17.795464,0.024368,-0.027847,-0.993484
17.795487,0.024002,-0.027954,-0.993637
17.805384,0.023636,-0.028122,-0.993622
17.805512,0.023254,-0.028320,-0.993515
17.805547,0.022888,-0.028519,-0.993317
17.805575,0.022568,-0.028702,-0.993073
17.805600,0.022293,-0.028870,-0.992828
17.805627,0.022095,-0.029022,-0.992599
17.805651,0.022003,-0.029144,-0.992432
17.805675,0.022018,-0.029251,-0.992340
17.815806,0.022156,-0.029343,-0.992325
17.815953,0.022369,-0.029404,-0.992371
17.815984,0.022659,-0.029404,-0.992477
17.816011,0.023010,-0.029373,-0.992599
17.816038,0.023407,-0.029282,-0.992722
17.816061,0.023865,-0.029144,-0.992813
17.816085,0.024338,-0.028976,-0.992859
17.816108,0.024826,-0.028793,-0.992874
17.825215,0.025284,-0.028641,-0.992813
17.826361,0.025711,-0.028503,-0.992676
17.826429,0.026077,-0.028397,-0.992416
17.826458,0.026382,-0.028305,-0.992035
17.826485,0.026581,-0.028214,-0.991547
17.826509,0.026688,-0.028122,-0.990997
17.826534,0.026688,-0.028046,-0.990402
17.826559,0.026550,-0.027969,-0.989822
17.835174,0.026306,-0.027908,-0.989273
17.835283,0.025970,-0.027863,-0.988785
17.835323,0.025558,-0.027863,-0.988419
17.835354,0.025131,-0.027878,-0.988190
17.835391,0.024719,-0.027908,-0.988113
17.835422,0.024323,-0.027924,-0.988174
17.835506,0.023956,-0.027878,-0.988358
17.835539,0.023666,-0.027786,-0.988663
17.845214,0.023483,-0.027664,-0.989029
17.845327,0.023376,-0.027481,-0.989441
17.845357,0.023361,-0.027283,-0.989883
17.845382,0.023422,-0.027100,-0.990372
17.845409,0.023544,-0.026962,-0.990921
17.845433,0.023712,-0.026932,-0.991547
17.845456,0.023895,-0.026978,-0.992233
17.845480,0.024063,-0.027084,-0.992981
17.855211,0.024185,-0.027191,-0.993774
17.855328,0.024292,-0.027267,-0.994583
17.855365,0.024368,-0.027252,-0.995377
17.855396,0.024414,-0.027130,-0.996109
17.855426,0.024445,-0.026901,-0.996765
17.855462,0.024490,-0.026535,-0.997330
17.855494,0.024521,-0.026093,-0.997818
17.855523,0.024521,-0.025604,-0.998260
17.865346,0.024490,-0.025131,-0.998657
17.865494,0.024399,-0.024719,-0.999039
17.865531,0.024261,-0.024384,-0.999390
17.865564,0.024109,-0.024170,-0.999695
17.865594,0.023987,-0.024078,-0.999969
17.865623,0.023911,-0.024094,-1.000183
17.865661,0.023895,-0.024200,-1.000336
17.865692,0.023972,-0.024399,-1.000412
17.875156,0.024124,-0.024673,-1.000397
17.875281,0.024338,-0.024979,-1.000290
17.875496,0.024551,-0.025299,-1.000092
17.875806,0.024734,-0.025604,-0.999832
17.875835,0.024902,-0.025833,-0.999527
17.875862,0.025009,-0.025970,-0.999237
17.875886,0.025070,-0.026016,-0.998947
17.875910,0.025070,-0.025970,-0.998688
17.885128,0.025040,-0.025864,-0.998444
17.885236,0.024963,-0.025757,-0.998230
17.885266,0.024887,-0.025650,-0.998001
17.885294,0.024811,-0.025589,-0.997757
17.885320,0.024765,-0.025558,-0.997498
17.885344,0.024734,-0.025574,-0.997238
17.885370,0.024750,-0.025620,-0.996948
17.885394,0.024765,-0.025665,-0.996582
17.895182,0.024780,-0.025742,-0.996140
17.895311,0.024796,-0.025803,-0.995621
17.895341,0.024765,-0.025848,-0.994858
17.895377,0.024658,-0.025803,-0.992523
17.895404,0.024414,-0.025879,-0.984314
17.895428,0.024017,-0.027023,-0.963104
17.895465,0.023376,-0.031219,-0.922562
17.895492,0.022293,-0.041016,-0.860779
17.905142,0.020554,-0.058365,-0.780243
17.905271,0.018372,-0.083466,-0.686935
17.905300,0.016296,-0.114380,-0.591385
17.905325,0.015137,-0.147018,-0.507507
17.905357,0.015732,-0.175552,-0.449188
17.905384,0.019043,-0.193436,-0.427628
17.905409,0.026138,-0.194794,-0.449905
17.905435,0.037903,-0.176056,-0.517410
17.915183,0.054642,-0.137222,-0.624771
17.915374,0.075790,-0.082016,-0.760406
17.915430,0.099854,-0.017242,-0.909149
17.915471,0.124496,0.048508,-1.055283
17.915511,0.146713,0.106369,-1.184967
17.915547,0.163315,0.148773,-1.287979
17.915592,0.171341,0.170822,-1.358902
17.915631,0.168701,0.171204,-1.397598
17.925296,0.154556,0.152359,-1.408875
17.925445,0.129517,0.119827,-1.401123
17.925476,0.095581,0.081009,-1.384506
17.925503,0.055710,0.043365,-1.368500
17.925528,0.013367,0.013062,-1.360031
17.925553,-0.028046,-0.006165,-1.362350
17.925586,-0.065750,-0.013367,-1.374893
17.925733,-0.097946,-0.010178,-1.393875
17.935088,-0.124039,-0.000168,-1.413422
17.935287,-0.144409,0.012177,-1.426727
17.935317,-0.159958,0.022507,-1.427567
17.935343,-0.171661,0.027451,-1.411423
17.935368,-0.180069,0.025345,-1.376419
17.935391,-0.185089,0.016464,-1.323730
17.935414,-0.185989,0.002747,-1.257111
17.935437,-0.181580,-0.012817,-1.182327
17.945096,-0.170731,-0.027206,-1.106003
17.945204,-0.152679,-0.038055,-1.034439
17.945230,-0.127380,-0.044266,-0.972488
17.945254,-0.095627,-0.046082,-0.922974
17.945286,-0.059036,-0.044830,-0.886765
17.945313,-0.019684,-0.042480,-0.863129
17.945338,0.020111,-0.041077,-0.850052
17.945361,0.058212,-0.042191,-0.844666
17.955125,0.092789,-0.046753,-0.843887
17.955268,0.122559,-0.054794,-0.845200
17.955340,0.146774,-0.065643,-0.846954
17.955394,0.165146,-0.077988,-0.848358
17.955447,0.177704,-0.090317,-0.849304
17.955500,0.184753,-0.101120,-0.850235
17.955550,0.186722,-0.109161,-0.851883
17.955612,0.184082,-0.113647,-0.854889
17.965068,0.177261,-0.114288,-0.859619
17.965587,0.166702,-0.111267,-0.866028
17.965643,0.152756,-0.105179,-0.873749
17.965670,0.135834,-0.096924,-0.882187
17.965697,0.116348,-0.087494,-0.890472
17.965722,0.094772,-0.077835,-0.897644
17.965746,0.071686,-0.068665,-0.902908
17.965770,0.047791,-0.060349,-0.905853
17.975148,0.023926,-0.052994,-0.906525
17.975323,0.000992,-0.046326,-0.905350
17.975385,-0.020050,-0.039963,-0.903000
17.975440,-0.038361,-0.033401,-0.900406
17.975491,-0.053131,-0.026306,-0.898636
17.975541,-0.063736,-0.018539,-0.898788
17.975591,-0.069702,-0.010223,-0.901703
17.975640,-0.070862,-0.001785,-0.908005
17.985047,-0.067215,0.006134,-0.918045
17.985151,-0.059128,0.012833,-0.931885
17.985181,-0.047119,0.017639,-0.949203
17.985208,-0.031982,0.020020,-0.969406
17.985234,-0.014709,0.019745,-0.991653
17.985258,0.003662,0.016830,-1.014954
17.985282,0.022049,0.011566,-1.038223
17.985305,0.039352,0.004440,-1.060364
17.995064,0.054550,-0.003937,-1.080246
17.995166,0.066818,-0.012955,-1.096909
17.995195,0.075500,-0.022049,-1.109558
17.995220,0.080215,-0.030731,-1.117676
17.995245,0.080856,-0.038635,-1.121002
17.995270,0.077621,-0.045456,-1.119507
17.995297,0.070923,-0.051025,-1.113434
17.995322,0.061462,-0.055145,-1.103302
18.005031,0.050049,-0.057693,-1.089828
18.005166,0.037598,-0.058578,-1.073822
18.005210,0.024994,-0.057678,-1.056122
18.005243,0.013016,-0.055038,-1.037552
18.005273,0.002380,-0.050751,-1.018875
18.005304,-0.006378,-0.045044,-1.000748
18.005374,-0.012924,-0.038223,-0.983688
18.005414,-0.017029,-0.030670,-0.968094
18.015018,-0.018616,-0.022812,-0.954269
18.015279,-0.017731,-0.015106,-0.942413
18.015310,-0.014572,-0.007996,-0.932678
18.015336,-0.009460,-0.001923,-0.925110
18.015362,-0.002762,0.002747,-0.919708
18.015388,0.005066,0.005829,-0.916412
18.015412,0.013611,0.007172,-0.915131
18.015594,0.022415,0.006775,-0.915680
18.025478,0.031067,0.004715,-0.917862
18.025608,0.039200,0.001205,-0.921432
18.025664,0.046539,-0.003464,-0.926102
18.025710,0.052811,-0.009048,-0.931595
18.025741,0.057846,-0.015167,-0.937607
18.025766,0.061447,-0.021500,-0.943848
18.025790,0.063507,-0.027695,-0.950073
18.025821,0.063980,-0.033447,-0.956146
18.035003,0.062836,-0.038513,-0.961960
18.035135,0.060165,-0.042633,-0.967453
18.035166,0.056152,-0.045685,-0.972687
18.035500,0.051025,-0.047577,-0.977737
18.035528,0.045044,-0.048264,-0.982758
18.035554,0.038574,-0.047760,-0.987808
18.035579,0.031906,-0.046127,-0.992966
18.035603,0.025360,-0.043488,-0.998230
18.044995,0.019211,-0.040039,-1.003540
18.045128,0.013657,-0.035995,-1.008804
18.045160,0.008911,-0.031570,-1.013870
18.045201,0.005081,-0.027023,-1.018570
18.045233,0.002258,-0.022614,-1.022781
18.045264,0.000458,-0.018570,-1.026382
18.045292,-0.000336,-0.015152,-1.029358
18.045321,-0.000198,-0.012527,-1.031647
18.054968,0.000793,-0.010834,-1.033310
18.055073,0.002518,-0.010132,-1.034409
18.055202,0.004852,-0.010361,-1.035019
18.055256,0.007629,-0.011444,-1.035233
18.055290,0.010696,-0.013199,-1.035065
18.055322,0.013916,-0.015472,-1.034515
18.055352,0.017151,-0.018066,-1.033600
18.055380,0.020279,-0.020844,-1.032257
18.064972,0.023163,-0.023682,-1.030441
18.066046,0.025681,-0.026505,-1.028076
18.066114,0.027756,-0.029236,-1.025116
18.066157,0.029343,-0.031799,-1.021591
18.066196,0.030457,-0.034119,-1.017502
18.066233,0.031143,-0.036102,-1.012955
18.066281,0.031448,-0.037689,-1.008041
18.066319,0.031448,-0.038788,-1.002914
18.074998,0.031219,-0.039322,-0.997711
18.075162,0.030838,-0.039276,-0.992554
18.075208,0.030365,-0.038712,-0.987564
18.075257,0.029892,-0.037659,-0.982864
18.075297,0.029434,-0.036209,-0.978516
18.075335,0.029022,-0.034485,-0.974579
18.075371,0.028671,-0.032623,-0.971069
18.075407,0.028381,-0.030716,-0.968002
18.084958,0.028122,-0.028885,-0.965378
18.085072,0.027893,-0.027191,-0.963211
18.085115,0.027710,-0.025711,-0.961578
18.085148,0.027557,-0.024475,-0.960495
18.085177,0.027481,-0.023514,-0.959991
18.085214,0.027435,-0.022827,-0.960129
18.085245,0.027435,-0.022476,-0.960907
18.085274,0.027451,-0.022415,-0.962296
18.094965,0.027512,-0.022659,-0.964249
18.095105,0.027573,-0.023178,-0.966721
18.095136,0.027634,-0.023956,-0.969604
18.095161,0.027664,-0.024948,-0.972809
18.095188,0.027634,-0.026108,-0.976242
18.095212,0.027512,-0.027359,-0.979782
18.095236,0.027237,-0.028671,-0.983322
18.095260,0.026764,-0.029922,-0.986771
18.104927,0.026062,-0.031082,-0.990021
18.105058,0.025131,-0.032089,-0.993042
18.105095,0.024033,-0.032883,-0.995773
18.105127,0.022842,-0.033463,-0.998199
18.105158,0.021698,-0.033829,-1.000336
18.105188,0.020691,-0.033997,-1.002213
18.105221,0.019928,-0.033966,-1.003830
18.105250,0.019485,-0.033722,-1.005234
18.118302,0.019333,-0.033295,-1.006424
18.118444,0.019485,-0.032684,-1.007416
18.118473,0.019867,-0.031921,-1.008194
18.118506,0.020432,-0.031052,-1.008774
18.118533,0.021133,-0.030075,-1.009125
18.118557,0.021942,-0.029007,-1.009232
18.118580,0.022781,-0.027878,-1.009109
18.118604,0.023621,-0.026733,-1.008713
18.124890,0.024429,-0.025635,-1.008087
18.124988,0.025192,-0.024582,-1.007217
18.125025,0.025848,-0.023636,-1.006119
18.125060,0.026398,-0.022827,-1.004791
18.125084,0.026825,-0.022217,-1.003281
18.125110,0.027115,-0.021805,-1.001556
18.125202,0.027298,-0.021667,-0.999634
18.125236,0.027328,-0.021790,-0.997589
18.134896,0.027283,-0.022156,-0.995453
18.135011,0.027161,-0.022720,-0.993271
18.135040,0.027039,-0.023483,-0.991135
18.135067,0.026886,-0.024384,-0.989090
18.135092,0.026718,-0.025391,-0.987213
18.135116,0.026520,-0.026459,-0.985580
18.135139,0.026230,-0.027527,-0.984207
18.135170,0.025894,-0.028534,-0.983124
18.144880,0.025513,-0.029404,-0.982376
18.144977,0.025146,-0.030060,-0.981995
18.145018,0.024826,-0.030441,-0.982010
18.145054,0.024597,-0.030548,-0.982437
18.145101,0.024506,-0.030350,-0.983261
18.145138,0.024551,-0.029861,-0.984451
18.145176,0.024734,-0.029144,-0.985977
18.145213,0.025009,-0.028244,-0.987778
18.154878,0.025345,-0.027252,-0.989761
18.154966,0.025726,-0.026199,-0.991821
18.154997,0.026093,-0.025146,-0.993866
18.155023,0.026428,-0.024170,-0.995789
18.155047,0.026688,-0.023331,-0.997543
18.155073,0.026855,-0.022659,-0.999100
18.155097,0.026901,-0.022186,-1.000443
18.155120,0.026810,-0.021927,-1.001572
18.165250,0.026596,-0.021881,-1.002487
18.165404,0.026260,-0.022034,-1.003174
18.165435,0.025818,-0.022339,-1.003662
18.165461,0.025284,-0.022766,-1.003952
18.165486,0.024704,-0.023254,-1.004105
18.165513,0.024094,-0.023773,-1.004120
18.165538,0.023529,-0.024292,-1.004059
18.165564,0.023010,-0.024765,-1.003937
18.174986,0.022568,-0.025162,-1.003769
18.176056,0.022202,-0.025482,-1.003540
18.176100,0.021912,-0.025681,-1.003281
18.176257,0.021652,-0.025757,-1.002960
18.176288,0.021439,-0.025726,-1.002609
18.176313,0.021271,-0.025604,-1.002228
18.176338,0.021164,-0.025421,-1.001831
18.176374,0.021149,-0.025192,-1.001404
18.184827,0.021210,-0.024948,-1.000946
18.184948,0.021362,-0.024704,-1.000443
18.184986,0.021576,-0.024490,-0.999924
18.185014,0.021835,-0.024323,-0.999359
18.185038,0.022110,-0.024231,-0.998734
18.185070,0.022400,-0.024216,-0.998016
18.185096,0.022644,-0.024277,-0.997162
18.185120,0.022827,-0.024429,-0.996201
18.194826,0.022949,-0.024643,-0.995132
18.194945,0.023026,-0.024918,-0.994019
18.194971,0.023087,-0.025223,-0.992889
18.194995,0.023163,-0.025528,-0.991837
18.195028,0.023270,-0.025787,-0.990906
18.195054,0.023361,-0.025970,-0.990097
18.195080,0.023468,-0.026047,-0.989426
18.195104,0.023590,-0.026016,-0.988876
18.204813,0.023727,-0.025925,-0.988434
18.204919,0.023880,-0.025818,-0.988098
18.204955,0.024063,-0.025772,-0.987885
18.204985,0.024277,-0.025818,-0.987778
18.205014,0.024521,-0.026001,-0.987778
18.205045,0.024796,-0.026306,-0.987869
18.205083,0.025070,-0.026733,-0.988052
18.205113,0.025345,-0.027206,-0.988297
18.214729,0.025574,-0.027710,-0.988586
18.214852,0.025772,-0.028183,-0.988892
18.214881,0.025940,-0.028625,-0.989227
18.214907,0.026077,-0.029007,-0.989609
18.214933,0.026199,-0.029404,-0.990036
18.215107,0.026306,-0.029846,-0.990509
18.215611,0.026398,-0.030396,-0.991013
18.215702,0.026489,-0.031082,-0.991531
18.224794,0.026535,-0.031891,-0.992081
18.225053,0.026535,-0.032822,-0.992645
18.225090,0.026459,-0.033813,-0.993225
18.225117,0.026245,-0.034805,-0.993820
18.225142,0.025864,-0.035721,-0.994354
18.225166,0.025330,-0.036514,-0.994858
18.225199,0.024658,-0.037079,-0.995270
18.225226,0.023941,-0.037369,-0.995575
18.234772,0.023239,-0.037308,-0.995773
18.234906,0.022659,-0.036835,-0.995834
18.234941,0.022247,-0.035904,-0.995758
18.234979,0.022034,-0.034561,-0.995544
18.235010,0.022034,-0.032806,-0.995224
18.235038,0.022217,-0.030731,-0.994812
18.235074,0.022552,-0.028366,-0.994308
18.235105,0.023010,-0.025818,-0.993683
18.244779,0.023514,-0.023239,-0.992935
18.244895,0.024017,-0.020782,-0.992050
18.244932,0.024506,-0.018600,-0.991074
18.244960,0.024902,-0.016846,-0.989960
18.244986,0.025192,-0.015640,-0.988785
18.245012,0.025345,-0.015045,-0.987595
18.245038,0.025360,-0.015076,-0.986465
18.245061,0.025253,-0.015686,-0.985458
18.254751,0.025101,-0.016785,-0.984650
18.254871,0.024918,-0.018265,-0.984100
18.254906,0.024765,-0.019989,-0.983856
18.254936,0.024628,-0.021835,-0.983932
18.254966,0.024521,-0.023697,-0.984360
18.255006,0.024445,-0.025513,-0.985123
18.255077,0.024399,-0.027206,-0.986191
18.255108,0.024368,-0.028732,-0.987473
18.264765,0.024368,-0.030060,-0.988922
18.264883,0.024399,-0.031158,-0.990463
18.264917,0.024475,-0.032028,-0.992035
18.264930,0.024567,-0.032669,-0.993576
18.264943,0.024643,-0.033096,-0.995026
18.264955,0.024704,-0.033310,-0.996338
18.264967,0.024719,-0.033325,-0.997498
18.264977,0.024704,-0.033127,-0.998474
18.277730,0.024658,-0.032654,-0.999237
18.277856,0.024597,-0.031891,-0.999817
18.277886,0.024506,-0.030823,-1.000229
18.277913,0.024414,-0.029449,-1.000488
18.277937,0.024292,-0.027847,-1.000641
18.277961,0.024124,-0.026047,-1.000671
18.277984,0.023865,-0.024155,-1.000610
18.278008,0.023529,-0.022263,-1.000458
18.284737,0.023087,-0.020477,-1.000198
18.284835,0.022552,-0.018875,-0.999863
18.284851,0.021942,-0.017548,-0.999481
18.284864,0.021317,-0.016510,-0.999084
18.284875,0.020706,-0.015762,-0.998718
18.284885,0.020172,-0.015305,-0.998398
18.284929,0.019760,-0.015076,-0.998169
18.284943,0.019501,-0.015076,-0.998016
18.294702,0.019394,-0.015305,-0.997940
18.294814,0.019470,-0.015732,-0.997894
18.294853,0.019730,-0.016357,-0.997864
18.294880,0.020172,-0.017181,-0.997833
18.294905,0.020798,-0.018204,-0.997818
18.294930,0.021591,-0.019379,-0.997818
18.294954,0.022568,-0.020676,-0.997833
18.294978,0.023682,-0.022018,-0.997910
18.304813,0.024918,-0.023315,-0.998016
18.304909,0.026199,-0.024475,-0.998169
18.304947,0.027481,-0.025406,-0.998322
18.304974,0.028702,-0.026062,-0.998459
18.304998,0.029785,-0.026398,-0.998505
18.305022,0.030655,-0.026459,-0.998444
18.305045,0.031250,-0.026306,-0.998230
18.305071,0.031525,-0.026001,-0.997864
18.314738,0.031494,-0.025665,-0.997299
18.314860,0.031158,-0.025406,-0.996582
18.314886,0.030518,-0.025314,-0.995728
18.314909,0.029633,-0.025452,-0.994736
18.314942,0.028534,-0.025879,-0.993652
18.314968,0.027283,-0.026581,-0.992493
18.314992,0.025970,-0.027512,-0.991348
18.315018,0.024658,-0.028595,-0.990265
18.324683,0.023453,-0.029724,-0.989334
18.324820,0.022415,-0.030777,-0.988617
18.324856,0.021622,-0.031631,-0.988220
18.324886,0.021133,-0.032181,-0.988174
18.324940,0.020950,-0.032379,-0.988480
18.324975,0.021027,-0.032242,-0.989090
18.324999,0.021332,-0.031784,-0.989929
18.325022,0.021805,-0.031067,-0.990906
18.334676,0.022385,-0.030197,-0.991928
18.334786,0.023026,-0.029236,-0.992905
18.334849,0.023636,-0.028259,-0.993774
18.334884,0.024200,-0.027344,-0.994492
18.334909,0.024704,-0.026535,-0.995026
18.334933,0.025162,-0.025894,-0.995407
18.334966,0.025589,-0.025436,-0.995621
18.334992,0.025986,-0.025177,-0.995697
18.344664,0.026337,-0.025116,-0.995682
18.344795,0.026627,-0.025253,-0.995529
18.344826,0.026810,-0.025589,-0.995285
18.344853,0.026855,-0.026047,-0.994934
18.344878,0.026764,-0.026611,-0.994507
18.344902,0.026550,-0.027252,-0.994003
18.344926,0.026230,-0.027924,-0.993515
18.344949,0.025833,-0.028580,-0.993042
18.354629,0.025360,-0.029221,-0.992645
18.354758,0.024872,-0.029800,-0.992325
18.354788,0.024399,-0.030289,-0.992096
18.354813,0.023956,-0.030701,-0.991913
18.354845,0.023575,-0.031021,-0.991745
18.354871,0.023331,-0.031296,-0.991562
18.354895,0.023224,-0.031494,-0.991348
18.354925,0.023285,-0.031647,-0.991150
18.364623,0.023483,-0.031723,-0.990967
18.364746,0.023819,-0.031723,-0.990845
18.364776,0.024246,-0.031631,-0.990814
18.364800,0.024719,-0.031464,-0.990860
18.364824,0.025177,-0.031235,-0.990967
18.364848,0.025543,-0.030960,-0.991074
18.364879,0.025757,-0.030670,-0.991150
18.364903,0.025818,-0.030396,-0.991150
18.374630,0.025711,-0.030167,-0.991058
18.374743,0.025482,-0.030014,-0.990829
18.374772,0.025177,-0.029968,-0.990494
18.374799,0.024826,-0.029999,-0.990067
18.374825,0.024460,-0.030075,-0.989578
18.374849,0.024124,-0.030167,-0.989136
18.374873,0.023849,-0.030228,-0.988815
18.374899,0.023636,-0.030243,-0.988647
18.384587,0.023499,-0.030182,-0.988663
18.384691,0.023438,-0.030075,-0.988846
18.384722,0.023438,-0.029892,-0.989212
18.384748,0.023499,-0.029617,-0.989731
18.384772,0.023605,-0.029282,-0.990341
18.384797,0.023727,-0.028885,-0.991028
18.384822,0.023865,-0.028442,-0.991806
18.384854,0.023987,-0.027969,-0.992599
18.394608,0.024124,-0.027466,-0.993393
18.394689,0.024231,-0.026962,-0.994141
18.394725,0.024307,-0.026459,-0.994812
18.394750,0.024368,-0.025986,-0.995422
18.394774,0.024414,-0.025558,-0.995941
18.394799,0.024429,-0.025223,-0.996368
18.394823,0.024399,-0.024979,-0.996719
18.394847,0.024323,-0.024857,-0.997025
18.404586,0.024200,-0.024826,-0.997299
18.404701,0.024017,-0.024872,-0.997543
18.404732,0.023773,-0.024963,-0.997757
18.404757,0.023514,-0.025085,-0.997955
18.404782,0.023209,-0.025238,-0.998093
18.404806,0.022873,-0.025391,-0.998199
18.404830,0.022552,-0.025574,-0.998276
18.404855,0.022202,-0.025772,-0.998276
18.414648,0.021835,-0.026016,-0.998230
18.414776,0.021484,-0.026276,-0.998108
18.414815,0.021179,-0.026566,-0.997955
18.414841,0.021011,-0.026840,-0.997787
18.414867,0.020996,-0.027084,-0.997635
18.414901,0.021194,-0.027283,-0.997513
18.414930,0.021606,-0.027435,-0.997452
18.414956,0.022171,-0.027542,-0.997421
18.426517,0.022842,-0.027603,-0.997421
18.426692,0.023560,-0.027634,-0.997437
18.426723,0.024246,-0.027649,-0.997467
18.426759,0.024857,-0.027603,-0.997513
18.426784,0.025345,-0.027527,-0.997574
18.426808,0.025696,-0.027359,-0.997635
18.426840,0.025925,-0.027069,-0.997681
18.426867,0.026047,-0.026642,-0.997696
18.434600,0.026108,-0.026077,-0.997681
18.434761,0.026138,-0.025375,-0.997635
18.434820,0.026169,-0.024567,-0.997513
18.434874,0.026215,-0.023682,-0.997314
18.434934,0.026245,-0.022766,-0.997025
18.434987,0.026230,-0.021927,-0.996628
18.435038,0.026138,-0.021179,-0.996170
18.435086,0.025955,-0.020569,-0.995697
18.444508,0.025711,-0.020050,-0.995285
18.444579,0.025421,-0.019501,-0.994995
18.444634,0.025085,-0.018799,-0.994904
18.444694,0.024765,-0.017929,-0.994980
18.444746,0.024445,-0.016983,-0.995178
18.444798,0.024139,-0.016159,-0.995392
18.444847,0.023819,-0.015656,-0.995514
18.444909,0.023453,-0.015671,-0.995453
18.454533,0.023041,-0.016327,-0.995132
18.454624,0.022537,-0.017670,-0.994568
18.454651,0.021973,-0.019623,-0.993805
18.454676,0.021408,-0.022064,-0.992920
18.454709,0.020889,-0.024765,-0.992050
18.454737,0.020538,-0.027435,-0.991318
18.454761,0.020416,-0.029755,-0.990906
18.454785,0.020554,-0.031372,-0.990875
18.464540,0.020920,-0.032150,-0.991241
18.464795,0.021454,-0.032120,-0.991928
18.464845,0.022049,-0.031464,-0.992844
18.464874,0.022629,-0.030487,-0.993790
18.464901,0.023148,-0.029526,-0.994598
18.464926,0.023544,-0.028839,-0.995148
18.464950,0.023819,-0.028549,-0.995407
18.464974,0.024002,-0.028717,-0.995422
18.474698,0.024155,-0.029266,-0.995239
18.475140,0.024338,-0.030029,-0.994995
18.475181,0.024597,-0.030853,-0.994781
18.475222,0.024918,-0.031601,-0.994629
18.475253,0.025269,-0.032089,-0.994614
18.475284,0.025620,-0.032227,-0.994705
18.475313,0.025864,-0.031921,-0.994858
18.475342,0.025970,-0.031097,-0.994995
18.484487,0.025879,-0.029739,-0.995041
18.484604,0.025543,-0.027908,-0.994873
18.484638,0.024994,-0.025803,-0.994431
18.484670,0.024261,-0.023697,-0.993683
18.484746,0.023392,-0.021866,-0.992661
18.484780,0.022461,-0.020523,-0.991455
18.484809,0.021561,-0.019821,-0.990158
18.484838,0.020752,-0.019806,-0.988892
18.494482,0.020111,-0.020447,-0.987808
18.494607,0.019669,-0.021622,-0.986969
18.494636,0.019440,-0.023087,-0.986481
18.494672,0.019409,-0.024521,-0.986374
18.494698,0.019547,-0.025665,-0.986618
18.494722,0.019867,-0.026337,-0.987228
18.494747,0.020325,-0.026489,-0.988098
18.494772,0.020889,-0.026230,-0.989136
18.504511,0.021484,-0.025711,-0.990219
18.504613,0.022018,-0.025116,-0.991211
18.504644,0.022385,-0.024628,-0.991974
18.504670,0.022537,-0.024384,-0.992432
18.504694,0.022415,-0.024475,-0.992554
18.504717,0.022018,-0.024933,-0.992371
18.504778,0.021393,-0.025696,-0.991974
18.504803,0.020615,-0.026642,-0.991501
18.514537,0.019791,-0.027618,-0.991089
18.514788,0.019028,-0.028442,-0.990906
18.515505,0.018433,-0.028900,-0.990997
18.515559,0.018082,-0.028870,-0.991394
18.515574,0.018005,-0.028336,-0.992035
18.515585,0.018219,-0.027435,-0.992767
18.515596,0.018631,-0.026337,-0.993500
18.515606,0.019196,-0.025208,-0.994080
18.526240,0.019821,-0.024216,-0.994476
18.526368,0.020432,-0.023438,-0.994705
18.526401,0.020981,-0.022903,-0.994797
18.526427,0.021439,-0.022629,-0.994827
18.526451,0.021835,-0.022598,-0.994873
18.526476,0.022232,-0.022751,-0.995056
18.526506,0.022690,-0.022980,-0.995392
18.526537,0.023209,-0.023148,-0.995895
18.534420,0.023788,-0.023117,-0.996521
18.534476,0.024353,-0.022888,-0.997162
18.534490,0.024857,-0.022522,-0.997742
18.534502,0.025238,-0.022064,-0.998154
18.534512,0.025421,-0.021637,-0.998306
18.534522,0.025375,-0.021362,-0.998138
18.534532,0.025101,-0.021347,-0.997681
18.534542,0.024628,-0.021637,-0.997009
18.544503,0.024002,-0.022232,-0.996231
18.544618,0.023331,-0.023026,-0.995483
18.544655,0.022705,-0.023880,-0.994843
18.544683,0.022171,-0.024658,-0.994385
18.544708,0.021820,-0.025269,-0.994171
18.544735,0.021698,-0.025650,-0.994217
18.544759,0.021835,-0.025787,-0.994476
18.544782,0.022186,-0.025726,-0.994904
18.554401,0.022720,-0.025543,-0.995407
18.554492,0.023361,-0.025360,-0.995880
18.554527,0.024063,-0.025253,-0.996292
18.554555,0.024765,-0.025269,-0.996582
18.554580,0.025406,-0.025421,-0.996719
18.554603,0.025986,-0.025696,-0.996704
18.554629,0.026474,-0.026123,-0.996536
18.554652,0.026886,-0.026672,-0.996292
18.564570,0.027206,-0.027298,-0.996017
18.566085,0.027435,-0.027893,-0.995758
18.566300,0.027588,-0.028427,-0.995529
18.566339,0.027695,-0.028915,-0.995331
18.566372,0.027786,-0.029343,-0.995178
18.566401,0.027863,-0.029755,-0.995041
18.566430,0.027954,-0.030136,-0.994873
18.566713,0.028061,-0.030472,-0.994659
18.574826,0.028152,-0.030746,-0.994400
18.574971,0.028244,-0.031036,-0.994095
18.575002,0.028351,-0.031387,-0.993790
18.575029,0.028488,-0.031784,-0.993469
18.575054,0.028702,-0.032227,-0.993210
18.575079,0.028976,-0.032608,-0.993011
18.575110,0.029327,-0.032867,-0.992905
18.575137,0.029709,-0.032959,-0.992859
18.584890,0.030121,-0.032898,-0.992905
18.585044,0.030518,-0.032761,-0.992981
18.585079,0.030884,-0.032700,-0.993073
18.585236,0.031235,-0.032822,-0.993134
18.585283,0.031555,-0.033173,-0.993134
18.585317,0.031830,-0.033783,-0.993088
18.585346,0.032074,-0.034653,-0.992981
18.585402,0.032288,-0.035721,-0.992859
18.594389,0.032425,-0.036896,-0.992691
18.594527,0.032471,-0.038055,-0.992493
18.594563,0.032440,-0.039078,-0.992279
18.594593,0.032303,-0.039871,-0.992096
18.594633,0.032074,-0.040359,-0.991959
18.594663,0.031754,-0.040466,-0.991852
18.594691,0.031357,-0.040222,-0.991730
18.594729,0.030914,-0.039612,-0.991608
18.604343,0.030396,-0.038666,-0.991440
18.604460,0.029785,-0.037430,-0.991241
18.604493,0.029129,-0.035950,-0.991013
18.604534,0.028412,-0.034271,-0.990753
18.604563,0.027664,-0.032455,-0.990494
18.604599,0.026901,-0.030533,-0.990250
18.604631,0.026154,-0.028595,-0.990067
18.604660,0.025406,-0.026733,-0.989975
18.614370,0.024704,-0.025009,-0.989990
18.614537,0.024017,-0.023529,-0.990112
18.614610,0.023392,-0.022369,-0.990326
18.614674,0.022827,-0.021606,-0.990616
18.614728,0.022354,-0.021271,-0.990921
18.614790,0.021973,-0.021362,-0.991211
18.614842,0.021698,-0.021835,-0.991501
18.614905,0.021545,-0.022598,-0.991806
18.624397,0.021515,-0.023575,-0.992157
18.624583,0.021622,-0.024658,-0.992554
18.624644,0.021820,-0.025803,-0.993042
18.624696,0.022141,-0.026947,-0.993591
18.624760,0.022522,-0.028061,-0.994171
18.624813,0.022934,-0.029083,-0.994766
18.624863,0.023315,-0.030029,-0.995346
18.624925,0.023636,-0.030823,-0.995880
18.634369,0.023880,-0.031464,-0.996353
18.634475,0.024033,-0.031937,-0.996735
18.634506,0.024094,-0.032227,-0.996979
18.634536,0.024094,-0.032364,-0.997070
18.634563,0.024033,-0.032364,-0.997009
18.634587,0.023956,-0.032257,-0.996811
18.634630,0.023880,-0.032089,-0.996490
18.634705,0.023773,-0.031876,-0.996078
18.644312,0.023636,-0.031647,-0.995605
18.644405,0.023468,-0.031372,-0.995102
18.644432,0.023270,-0.031052,-0.994583
18.644457,0.023087,-0.030655,-0.994095
18.644498,0.022934,-0.030197,-0.993637
18.644524,0.022827,-0.029663,-0.993240
18.644549,0.022751,-0.029037,-0.992920
18.644575,0.022675,-0.028366,-0.992706
18.654288,0.022583,-0.027649,-0.992599
18.654401,0.022461,-0.026917,-0.992584
18.654443,0.022308,-0.026245,-0.992645
18.654477,0.022125,-0.025665,-0.992767
18.654507,0.021988,-0.025238,-0.992950
18.654538,0.021942,-0.024948,-0.993164
18.654568,0.022034,-0.024796,-0.993439
18.654598,0.022278,-0.024719,-0.993774
18.664264,0.022675,-0.024658,-0.994171
18.664374,0.023148,-0.024567,-0.994629
18.664403,0.023621,-0.024414,-0.995087
18.664428,0.024017,-0.024216,-0.995499
18.664451,0.024292,-0.023972,-0.995819
18.664482,0.024445,-0.023758,-0.996048
18.664508,0.024506,-0.023590,-0.996140
18.664533,0.024521,-0.023499,-0.996140
18.674271,0.024567,-0.023514,-0.996078
18.674403,0.024643,-0.023621,-0.995987
18.674439,0.024765,-0.023804,-0.995926
18.674471,0.024918,-0.024078,-0.995911
18.674501,0.025055,-0.024414,-0.995941
18.674530,0.025177,-0.024811,-0.996002
18.674560,0.025269,-0.025253,-0.996078
18.674590,0.025299,-0.025726,-0.996155
18.684247,0.025314,-0.026184,-0.996231
18.684372,0.025284,-0.026566,-0.996292
18.684401,0.025269,-0.026855,-0.996384
18.684425,0.025238,-0.027023,-0.996490
18.684450,0.025192,-0.027054,-0.996613
18.684475,0.025131,-0.026962,-0.996765
18.684500,0.025009,-0.026749,-0.996902
18.684582,0.024841,-0.026443,-0.997040
18.694253,0.024612,-0.026077,-0.997116
18.694387,0.024338,-0.025711,-0.997116
18.694429,0.024078,-0.025375,-0.997025
18.694461,0.023849,-0.025101,-0.996872
18.694490,0.023697,-0.024918,-0.996658
18.694528,0.023605,-0.024826,-0.996429
18.694558,0.023560,-0.024811,-0.996216
18.694589,0.023544,-0.024841,-0.996048
18.704229,0.023560,-0.024857,-0.995911
18.704320,0.023590,-0.024857,-0.995834
18.704349,0.023636,-0.024826,-0.995789
18.704374,0.023727,-0.024796,-0.995743
18.704400,0.023834,-0.024780,-0.995697
18.704424,0.023972,-0.024796,-0.995651
18.704447,0.024109,-0.024811,-0.995636
18.704471,0.024261,-0.024826,-0.995605
18.714211,0.024399,-0.024841,-0.995560
18.714316,0.024506,-0.024857,-0.995514
18.714345,0.024612,-0.024872,-0.995422
18.714370,0.024704,-0.024902,-0.995270
18.714394,0.024750,-0.024979,-0.995056
18.714420,0.024765,-0.025131,-0.994766
18.714446,0.024719,-0.025391,-0.994400
18.714470,0.024643,-0.025787,-0.994019
18.724212,0.024506,-0.026260,-0.993637
18.724340,0.024368,-0.026779,-0.993286
18.724370,0.024231,-0.027283,-0.992981
18.724395,0.024124,-0.027679,-0.992737
18.724419,0.024048,-0.027924,-0.992599
18.724453,0.024002,-0.028000,-0.992554
18.724478,0.023956,-0.027878,-0.992599
18.724502,0.023941,-0.027603,-0.992752
18.734222,0.023956,-0.027237,-0.992966
18.734365,0.023972,-0.026825,-0.993195
18.734410,0.023972,-0.026428,-0.993408
18.734704,0.023941,-0.026093,-0.993561
18.734754,0.023819,-0.025833,-0.993668
18.734793,0.023621,-0.025650,-0.993713
18.734839,0.023315,-0.025543,-0.993744
18.734877,0.022919,-0.025513,-0.993744
18.744202,0.022491,-0.025528,-0.993744
18.744349,0.022079,-0.025604,-0.993744
18.744385,0.021713,-0.025757,-0.993774
18.744425,0.021454,-0.025970,-0.993790
18.744522,0.021347,-0.026291,-0.993790
18.744552,0.021408,-0.026672,-0.993729
18.747075,0.021667,-0.027115,-0.993637
18.747282,0.022079,-0.027573,-0.993530
18.754202,0.022629,-0.028015,-0.993423
18.754288,0.023270,-0.028412,-0.993317
18.754326,0.023941,-0.028748,-0.993210
18.754358,0.024567,-0.029007,-0.993088
18.754390,0.025116,-0.029175,-0.992935
18.754419,0.025528,-0.029297,-0.992752
18.754485,0.025803,-0.029327,-0.992523
18.754516,0.025940,-0.029282,-0.992218
18.764418,0.025970,-0.029144,-0.991852
18.764502,0.025894,-0.028961,-0.991394
18.764562,0.025726,-0.028763,-0.990875
18.764625,0.025497,-0.028549,-0.990280
18.764641,0.025208,-0.028336,-0.989594
18.764652,0.024841,-0.028076,-0.988861
18.764662,0.024368,-0.027710,-0.988098
18.764672,0.023788,-0.027100,-0.987366
18.776261,0.023041,-0.026169,-0.986710
18.776397,0.022171,-0.024872,-0.986130
18.776429,0.021210,-0.023254,-0.985657
18.776454,0.020218,-0.021500,-0.985291
18.776479,0.019333,-0.019897,-0.985031
18.776503,0.018646,-0.018692,-0.984863
18.776528,0.018250,-0.018127,-0.984756
18.776553,0.018173,-0.018372,-0.984756
18.784228,0.018402,-0.019455,-0.984818
18.784349,0.018906,-0.021347,-0.984985
18.784395,0.019623,-0.023849,-0.985245
18.784435,0.020493,-0.026718,-0.985611
18.784473,0.021454,-0.029663,-0.986130
18.784512,0.022491,-0.032471,-0.986816
18.784553,0.023575,-0.034958,-0.987701
18.784590,0.024704,-0.037018,-0.988815
18.794179,0.025879,-0.038635,-0.990143
18.794283,0.027069,-0.039841,-0.991699
18.794319,0.028275,-0.040634,-0.993484
18.794350,0.029434,-0.040985,-0.995529
18.794382,0.030472,-0.040894,-0.997849
18.794410,0.031311,-0.040344,-1.000473
18.794438,0.031860,-0.039352,-1.003387
18.794478,0.032043,-0.037949,-1.006546
18.804326,0.031830,-0.036194,-1.009827
18.804416,0.031219,-0.034195,-1.013123
18.804445,0.030228,-0.032059,-1.016251
18.804469,0.028915,-0.029907,-1.019012
18.804494,0.027328,-0.027878,-1.021255
18.804518,0.025574,-0.026077,-1.022766
18.804541,0.023773,-0.024628,-1.023453
18.804575,0.022034,-0.023575,-1.023239
18.814444,0.020493,-0.022934,-1.022110
18.814887,0.019287,-0.022705,-1.020157
18.814920,0.018478,-0.022781,-1.017502
18.814946,0.018158,-0.023102,-1.014297
18.815068,0.018356,-0.023529,-1.010742
18.815108,0.019028,-0.024002,-1.007050
18.815136,0.020126,-0.024414,-1.003357
18.815160,0.021515,-0.024719,-0.999802
18.824404,0.023056,-0.024933,-0.996460
18.824748,0.024628,-0.025055,-0.993362
18.824783,0.026077,-0.025101,-0.990494
18.824810,0.027359,-0.025101,-0.987823
18.824835,0.028427,-0.025116,-0.985336
18.824860,0.029312,-0.025131,-0.982971
18.824885,0.029999,-0.025192,-0.980728
18.824909,0.030548,-0.025314,-0.978607
18.834554,0.030975,-0.025513,-0.976624
18.834685,0.031296,-0.025757,-0.974838
18.834730,0.031509,-0.026047,-0.973282
18.834762,0.031586,-0.026367,-0.971954
18.835046,0.031525,-0.026703,-0.970917
18.835097,0.031342,-0.026993,-0.970184
18.835144,0.031052,-0.027267,-0.969772
18.835177,0.030624,-0.027512,-0.969696
18.844071,0.030090,-0.027710,-0.969986
18.844192,0.029495,-0.027832,-0.970657
18.844235,0.028854,-0.027847,-0.971741
18.844267,0.028229,-0.027710,-0.973190
18.844296,0.027649,-0.027420,-0.975037
18.844336,0.027130,-0.026962,-0.977234
18.844366,0.026688,-0.026352,-0.979736
18.844395,0.026337,-0.025635,-0.982498
18.854088,0.026077,-0.024887,-0.985428
18.854189,0.025940,-0.024170,-0.988480
18.854216,0.025879,-0.023560,-0.991531
18.854241,0.025864,-0.023148,-0.994492
18.854265,0.025848,-0.022980,-0.997269
18.854291,0.025787,-0.023056,-0.999756
18.854315,0.025635,-0.023376,-1.001846
18.854340,0.025406,-0.023926,-1.003494
18.864070,0.025101,-0.024689,-1.004669
18.864202,0.024765,-0.025604,-1.005402
18.864238,0.024399,-0.026657,-1.005722
18.864296,0.024063,-0.027786,-1.005692
18.864345,0.023743,-0.028931,-1.005371
18.864376,0.023468,-0.030029,-1.004868
18.864406,0.023178,-0.031021,-1.004227
18.864436,0.022873,-0.031845,-1.003479
18.874048,0.022537,-0.032455,-1.002686
18.874193,0.022156,-0.032822,-1.001831
18.874230,0.021774,-0.032974,-1.000946
18.874263,0.021408,-0.032928,-1.000061
18.874293,0.021088,-0.032730,-0.999176
18.874323,0.020874,-0.032410,-0.998291
18.874360,0.020782,-0.031998,-0.997437
18.874391,0.020828,-0.031525,-0.996628
18.884019,0.021027,-0.031006,-0.995880
18.884114,0.021408,-0.030441,-0.995178
18.884144,0.021912,-0.029846,-0.994537
18.884170,0.022491,-0.029190,-0.993942
18.884195,0.023087,-0.028473,-0.993393
18.884221,0.023575,-0.027725,-0.992859
18.884246,0.023911,-0.026978,-0.992325
18.884271,0.024002,-0.026306,-0.991745
18.894037,0.023865,-0.025742,-0.991104
18.894162,0.023514,-0.025330,-0.990402
18.894227,0.023071,-0.025024,-0.989624
18.894260,0.022598,-0.024841,-0.988785
18.894287,0.022232,-0.024750,-0.987930
18.894311,0.022018,-0.024750,-0.987152
18.894337,0.022003,-0.024872,-0.986496
18.894360,0.022202,-0.025146,-0.986053
18.904027,0.022568,-0.025589,-0.985901
18.904124,0.023071,-0.026184,-0.986099
18.904159,0.023651,-0.026871,-0.986649
18.904190,0.024277,-0.027618,-0.987518
18.904228,0.024918,-0.028320,-0.988617
18.904259,0.025543,-0.028915,-0.989883
18.904289,0.026108,-0.029373,-0.991241
18.904319,0.026611,-0.029633,-0.992615
18.914013,0.027008,-0.029709,-0.993958
18.914133,0.027283,-0.029602,-0.995224
18.914175,0.027435,-0.029312,-0.996368
18.914209,0.027496,-0.028885,-0.997360
18.914240,0.027466,-0.028366,-0.998184
18.914269,0.027344,-0.027802,-0.998840
18.914450,0.027115,-0.027222,-0.999329
18.914494,0.026779,-0.026672,-0.999649
18.924004,0.026337,-0.026138,-0.999802
18.924109,0.025833,-0.025665,-0.999817
18.924140,0.025314,-0.025238,-0.999695
18.924165,0.024811,-0.024902,-0.999466
18.924232,0.024368,-0.024658,-0.999176
18.924260,0.024002,-0.024506,-0.998779
18.924284,0.023727,-0.024475,-0.998322
18.924308,0.023529,-0.024567,-0.997818
18.934019,0.023407,-0.024750,-0.997314
18.934238,0.023331,-0.025009,-0.996841
18.934382,0.023300,-0.025330,-0.996490
18.934416,0.023270,-0.025696,-0.996231
18.934441,0.023209,-0.026093,-0.996063
18.934467,0.023102,-0.026505,-0.995972
18.934509,0.022903,-0.026886,-0.995880
18.934550,0.022598,-0.027206,-0.995743
18.943979,0.022202,-0.027451,-0.995514
18.944126,0.021790,-0.027557,-0.995209
18.944156,0.021439,-0.027527,-0.994904
18.944183,0.021210,-0.027344,-0.994629
18.944209,0.021149,-0.027008,-0.994461
18.944233,0.021255,-0.026535,-0.994385
18.944258,0.021530,-0.025986,-0.994354
18.944283,0.021927,-0.025436,-0.994263
18.953984,0.022400,-0.024979,-0.994049
18.954067,0.022919,-0.024689,-0.993683
18.954103,0.023407,-0.024597,-0.993149
18.954133,0.023865,-0.024780,-0.992538
18.954163,0.024261,-0.025208,-0.991913
18.954192,0.024597,-0.025894,-0.991394
18.954222,0.024902,-0.026764,-0.991028
18.954251,0.025208,-0.027725,-0.990845
18.963919,0.025482,-0.028656,-0.990845
18.964058,0.025726,-0.029388,-0.990967
18.964104,0.025864,-0.029861,-0.991150
18.964380,0.025818,-0.029999,-0.991302
18.964418,0.025528,-0.029816,-0.991394
18.964458,0.024994,-0.029327,-0.991364
18.964489,0.024277,-0.028595,-0.991257
18.964519,0.023560,-0.027679,-0.991135
18.974059,0.022964,-0.026627,-0.991074
18.974215,0.022629,-0.025482,-0.991150
18.974252,0.022614,-0.024368,-0.991364
18.974283,0.022903,-0.023361,-0.991699
18.974311,0.023453,-0.022537,-0.992111
18.974351,0.024170,-0.021942,-0.992538
18.974381,0.024994,-0.021606,-0.992950
18.974410,0.025864,-0.021545,-0.993332
18.983906,0.026749,-0.021744,-0.993668
18.984023,0.027603,-0.022186,-0.994019
18.984052,0.028397,-0.022827,-0.994370
18.984092,0.029083,-0.023636,-0.994766
18.984167,0.029617,-0.024582,-0.995209
18.984193,0.029984,-0.025620,-0.995697
18.984218,0.030182,-0.026718,-0.996201
18.984242,0.030212,-0.027863,-0.996674
18.993917,0.030121,-0.028961,-0.997070
18.994031,0.029938,-0.029968,-0.997360
18.994066,0.029694,-0.030807,-0.997528
18.994099,0.029419,-0.031433,-0.997589
18.994129,0.029129,-0.031769,-0.997559
18.994161,0.028809,-0.031815,-0.997482
18.994191,0.028458,-0.031525,-0.997360
18.994223,0.028076,-0.030884,-0.997147
19.003920,0.027649,-0.029938,-0.996826
19.004039,0.027161,-0.028748,-0.996353
19.004070,0.026642,-0.027420,-0.995682
19.004095,0.026108,-0.026077,-0.994827
19.004119,0.025604,-0.024887,-0.993790
19.004144,0.025146,-0.023941,-0.992630
19.004212,0.024780,-0.023315,-0.991425
19.004250,0.024506,-0.023041,-0.990250
19.014272,0.024338,-0.023087,-0.989197
19.014726,0.024246,-0.023422,-0.988342
19.014777,0.024185,-0.023972,-0.987732
19.014921,0.024109,-0.024612,-0.987381
19.014977,0.024033,-0.025314,-0.987274
19.014991,0.023926,-0.026016,-0.987366
19.015002,0.023819,-0.026688,-0.987640
19.015012,0.023666,-0.027298,-0.988083
19.025338,0.023499,-0.027817,-0.988693
19.025481,0.023254,-0.028259,-0.989441
19.025512,0.022903,-0.028641,-0.990280
19.025537,0.022369,-0.029068,-0.991135
19.025562,0.021667,-0.029602,-0.991913
19.025596,0.020813,-0.030273,-0.992569
19.025620,0.019867,-0.031082,-0.993073
19.025647,0.018906,-0.031967,-0.993408
19.033876,0.018021,-0.032822,-0.993637
19.033981,0.017303,-0.033539,-0.993805
19.034025,0.016800,-0.034042,-0.994003
19.034072,0.016510,-0.034271,-0.994278
19.034112,0.016373,-0.034180,-0.994644
19.034151,0.016342,-0.033844,-0.995041
19.034187,0.016342,-0.033310,-0.995453
19.034222,0.016357,-0.032700,-0.995834
19.043884,0.016434,-0.032059,-0.996216
19.044011,0.016617,-0.031448,-0.996567
19.044046,0.016953,-0.030899,-0.996933
19.044078,0.017502,-0.030380,-0.997299
19.044107,0.018219,-0.029892,-0.997650
19.044136,0.019119,-0.029388,-0.997955
19.044174,0.020142,-0.028854,-0.998184
19.044205,0.021240,-0.028229,-0.998306
19.053845,0.022354,-0.027527,-0.998306
19.053907,0.023407,-0.026749,-0.998230
19.053924,0.024353,-0.026001,-0.998077
19.053936,0.025131,-0.025391,-0.997894
19.053946,0.025696,-0.025101,-0.997757
19.053958,0.025986,-0.025253,-0.997650
19.053968,0.025986,-0.025970,-0.997559
19.053978,0.025681,-0.027267,-0.997482
19.063847,0.025116,-0.029022,-0.997391
19.063917,0.024353,-0.031036,-0.997299
19.063933,0.023514,-0.033066,-0.997223
19.063945,0.022720,-0.034851,-0.997147
19.063956,0.022034,-0.036179,-0.997055
19.063966,0.021545,-0.036819,-0.996933
19.063976,0.021301,-0.036682,-0.996750
19.063986,0.021286,-0.035721,-0.996490
19.073839,0.021454,-0.034027,-0.996109
19.073977,0.021744,-0.031769,-0.995605
19.074013,0.022095,-0.029114,-0.994965
19.074053,0.022491,-0.026291,-0.994247
19.074085,0.022949,-0.023438,-0.993530
19.074117,0.023560,-0.020676,-0.992874
19.074148,0.024323,-0.018082,-0.992294
19.075529,0.025284,-0.015732,-0.991837
19.083823,0.026413,-0.013672,-0.991501
19.084205,0.027664,-0.011978,-0.991257
19.084234,0.028946,-0.010712,-0.991089
19.084259,0.030182,-0.009903,-0.990952
19.084292,0.031296,-0.009613,-0.990829
19.084317,0.032227,-0.009872,-0.990723
19.084341,0.032883,-0.010696,-0.990601
19.084373,0.033234,-0.012085,-0.990448
19.093800,0.033295,-0.013992,-0.990265
19.093924,0.033081,-0.016342,-0.990082
19.093954,0.032700,-0.018951,-0.989975
19.093978,0.032242,-0.021622,-0.990036
19.094010,0.031799,-0.024170,-0.990295
19.094037,0.031387,-0.026382,-0.990753
19.094061,0.031021,-0.028183,-0.991348
19.094084,0.030685,-0.029526,-0.992035
19.103796,0.030350,-0.030396,-0.992722
19.103900,0.030029,-0.030869,-0.993347
19.103940,0.029709,-0.031006,-0.993866
19.103973,0.029373,-0.030914,-0.994278
19.104003,0.029037,-0.030731,-0.994553
19.104033,0.028687,-0.030548,-0.994751
19.104062,0.028336,-0.030411,-0.994919
19.104090,0.027985,-0.030350,-0.995117
19.113766,0.027649,-0.030365,-0.995392
19.113893,0.027328,-0.030350,-0.995743
19.113930,0.027054,-0.030258,-0.996140
19.113959,0.026810,-0.030045,-0.996567
19.113997,0.026550,-0.029678,-0.996948
19.114028,0.026260,-0.029160,-0.997238
19.114056,0.025894,-0.028534,-0.997375
19.114086,0.025452,-0.027863,-0.997345
19.124231,0.024887,-0.027176,-0.997131
19.124382,0.024261,-0.026550,-0.996765
19.124458,0.023590,-0.025986,-0.996277
19.124501,0.022934,-0.025543,-0.995743
19.124540,0.022278,-0.025223,-0.995209
19.124577,0.021667,-0.025070,-0.994720
19.124614,0.021088,-0.025101,-0.994293
19.124652,0.020538,-0.025375,-0.993927
19.134572,0.019989,-0.025894,-0.993668
19.134694,0.019424,-0.026642,-0.993469
19.134725,0.018860,-0.027603,-0.993332
19.134752,0.018295,-0.028702,-0.993225
19.134777,0.017700,-0.029938,-0.993149
19.134803,0.017059,-0.031265,-0.993057
19.134828,0.016418,-0.032608,-0.992935
19.134853,0.015900,-0.033844,-0.992844
19.143806,0.015610,-0.034821,-0.992874
19.143888,0.015656,-0.035385,-0.993073
19.143903,0.016129,-0.035431,-0.993469
19.143914,0.017044,-0.034927,-0.994049
19.143925,0.018341,-0.033905,-0.994766
19.143935,0.019943,-0.032486,-0.995529
19.143946,0.021698,-0.030762,-0.996231
19.143955,0.023483,-0.028915,-0.996780
19.153779,0.025177,-0.027069,-0.997086
19.153831,0.026688,-0.025375,-0.997162
19.153845,0.027939,-0.023941,-0.996979
19.153856,0.028839,-0.022903,-0.996582
19.153866,0.029327,-0.022339,-0.996002
19.153876,0.029373,-0.022324,-0.995239
19.153886,0.029022,-0.022812,-0.994324
19.153899,0.028412,-0.023636,-0.993362
19.163708,0.027710,-0.024597,-0.992432
19.163768,0.027084,-0.025482,-0.991653
19.163780,0.026688,-0.026108,-0.991089
19.163792,0.026550,-0.026352,-0.990753
19.163801,0.026688,-0.026184,-0.990631
19.163811,0.027039,-0.025650,-0.990646
19.163820,0.027542,-0.024857,-0.990723
19.163830,0.028152,-0.023941,-0.990799
19.173699,0.028824,-0.023087,-0.990845
19.173767,0.029480,-0.022430,-0.990891
19.173782,0.030106,-0.022079,-0.990997
19.173794,0.030655,-0.022141,-0.991196
19.173805,0.031143,-0.022614,-0.991547
19.173815,0.031555,-0.023438,-0.992065
19.173825,0.031906,-0.024490,-0.992706
19.173835,0.032166,-0.025635,-0.993408
19.183716,0.032272,-0.026733,-0.994019
19.183771,0.032196,-0.027710,-0.994431
19.183787,0.031845,-0.028519,-0.994537
19.183799,0.031174,-0.029114,-0.994247
19.183809,0.030167,-0.029510,-0.993576
19.183819,0.028885,-0.029694,-0.992584
19.183829,0.027420,-0.029633,-0.991379
19.183839,0.025833,-0.029327,-0.990097
19.193699,0.024277,-0.028778,-0.988922
19.193784,0.022842,-0.028046,-0.987976
19.193799,0.021606,-0.027191,-0.987335
19.193812,0.020584,-0.026321,-0.987045
19.193824,0.019821,-0.025513,-0.987137
19.193836,0.019318,-0.024841,-0.987579
19.193846,0.019073,-0.024368,-0.988358
19.193855,0.019058,-0.024139,-0.989410
19.203673,0.019272,-0.024170,-0.990631
19.203774,0.019653,-0.024445,-0.991959
19.203791,0.020172,-0.024948,-0.993317
19.203804,0.020782,-0.025620,-0.994675
19.203815,0.021439,-0.026398,-0.995956
19.203827,0.022110,-0.027222,-0.997147
19.203838,0.022766,-0.028015,-0.998184
19.203850,0.023376,-0.028748,-0.999069
19.213679,0.023911,-0.029343,-0.999802
19.213726,0.024384,-0.029785,-1.000381
19.213737,0.024811,-0.030060,-1.000809
19.213747,0.025208,-0.030151,-1.001144
19.213756,0.025574,-0.030060,-1.001358
19.213765,0.025894,-0.029770,-1.001495
19.213774,0.026169,-0.029282,-1.001526
19.213783,0.026321,-0.028625,-1.001404
19.224029,0.026337,-0.027878,-1.001068
19.224232,0.026154,-0.027130,-1.000519
19.224287,0.025742,-0.026505,-0.999725
19.224328,0.025055,-0.026077,-0.998718
19.224365,0.024155,-0.025925,-0.997543
19.224401,0.023102,-0.026047,-0.996292
19.224437,0.021988,-0.026367,-0.995026
19.224476,0.020950,-0.026764,-0.993820
19.233834,0.020065,-0.027130,-0.992767
19.233962,0.019409,-0.027405,-0.991928
19.233994,0.018997,-0.027573,-0.991333
19.234019,0.018860,-0.027634,-0.991013
19.234243,0.018936,-0.027679,-0.990921
19.234277,0.019211,-0.027710,-0.991028
19.234305,0.019623,-0.027817,-0.991241
19.234330,0.020142,-0.028030,-0.991501
19.243633,0.020676,-0.028397,-0.991699
19.243754,0.021103,-0.028961,-0.991806
19.243783,0.021332,-0.029694,-0.991760
19.243808,0.021286,-0.030609,-0.991562
19.243843,0.020981,-0.031601,-0.991241
19.243869,0.020508,-0.032501,-0.990891
19.243893,0.020050,-0.033142,-0.990585
19.243920,0.019791,-0.033386,-0.990433
19.253628,0.019852,-0.033157,-0.990509
19.253742,0.020248,-0.032410,-0.990799
19.253769,0.020981,-0.031204,-0.991302
19.253794,0.021988,-0.029648,-0.991959
19.253827,0.023193,-0.027863,-0.992676
19.253853,0.024521,-0.026016,-0.993378
19.253920,0.025879,-0.024246,-0.994003
19.253951,0.027145,-0.022705,-0.994537
19.264398,0.028259,-0.021530,-0.994965
19.264527,0.029175,-0.020782,-0.995316
19.266676,0.029831,-0.020508,-0.995621
19.266720,0.030243,-0.020676,-0.995865
19.266752,0.030457,-0.021240,-0.996094
19.266784,0.030457,-0.022125,-0.996231
19.266815,0.030243,-0.023254,-0.996216
19.266883,0.029816,-0.024567,-0.996033
19.277681,0.029175,-0.025970,-0.995636
19.277982,0.028397,-0.027390,-0.995102
19.278025,0.027573,-0.028702,-0.994522
19.278053,0.026779,-0.029816,-0.994003
19.278079,0.026108,-0.030594,-0.993637
19.278103,0.025620,-0.031006,-0.993484
19.278127,0.025360,-0.030975,-0.993530
19.278153,0.025345,-0.030563,-0.993744
19.283586,0.025482,-0.029861,-0.994080
19.283689,0.025742,-0.028976,-0.994446
19.283732,0.026016,-0.028061,-0.994766
19.283768,0.026260,-0.027206,-0.994995
19.283795,0.026413,-0.026505,-0.995132
19.283820,0.026474,-0.025970,-0.995193
19.283844,0.026443,-0.025620,-0.995178
19.283867,0.026352,-0.025421,-0.995102
19.293585,0.026199,-0.025360,-0.994995
19.293651,0.026031,-0.025391,-0.994843
19.293754,0.025803,-0.025497,-0.994614
19.293783,0.025543,-0.025665,-0.994324
19.293798,0.025223,-0.025909,-0.993958
19.293810,0.024826,-0.026215,-0.993546
19.293822,0.024353,-0.026596,-0.993118
19.293833,0.023849,-0.027039,-0.992737
19.303664,0.023361,-0.027527,-0.992462
19.303794,0.022934,-0.028000,-0.992371
19.303830,0.022629,-0.028397,-0.992462
19.303858,0.022491,-0.028671,-0.992752
19.303885,0.022507,-0.028732,-0.993195
19.303910,0.022690,-0.028580,-0.993759
19.303936,0.023026,-0.028198,-0.994431
19.303960,0.023468,-0.027618,-0.995148
19.313979,0.023972,-0.026901,-0.995880
19.314261,0.024445,-0.026108,-0.996536
19.314293,0.024826,-0.025345,-0.997101
19.314319,0.025040,-0.024689,-0.997498
19.314343,0.025055,-0.024200,-0.997742
19.314374,0.024841,-0.023926,-0.997818
19.314401,0.024399,-0.023926,-0.997726
19.314426,0.023743,-0.024200,-0.997498
19.323553,0.022934,-0.024734,-0.997131
19.323697,0.022064,-0.025467,-0.996689
19.323729,0.021286,-0.026306,-0.996231
19.323754,0.020645,-0.027145,-0.995834
19.323778,0.020218,-0.027908,-0.995590
19.323907,0.019989,-0.028564,-0.995499
19.323949,0.019958,-0.029083,-0.995575
19.323979,0.020096,-0.029465,-0.995758
19.333837,0.020370,-0.029724,-0.996033
19.333972,0.020767,-0.029831,-0.996323
19.334018,0.021271,-0.029800,-0.996613
19.335802,0.021927,-0.029602,-0.996857
19.335908,0.022705,-0.029236,-0.997055
19.335936,0.023636,-0.028748,-0.997208
19.335961,0.024704,-0.028107,-0.997299
19.335985,0.025879,-0.027359,-0.997375
19.344235,0.027100,-0.026520,-0.997452
19.344343,0.028320,-0.025604,-0.997498
19.344378,0.029480,-0.024658,-0.997482
19.344870,0.030457,-0.023743,-0.997406
19.344932,0.031174,-0.022919,-0.997208
19.344964,0.031570,-0.022263,-0.996887
19.344993,0.031570,-0.021805,-0.996384
19.345050,0.031174,-0.021576,-0.995743
19.353507,0.030426,-0.021637,-0.994995
19.353604,0.029419,-0.021973,-0.994171
19.353639,0.028229,-0.022568,-0.993347
19.353668,0.026978,-0.023392,-0.992584
19.353697,0.025757,-0.024368,-0.991943
19.353726,0.024612,-0.025452,-0.991455
19.353775,0.023605,-0.026596,-0.991119
19.353816,0.022751,-0.027710,-0.990967
19.363524,0.022095,-0.028732,-0.991013
19.363643,0.021637,-0.029648,-0.991226
19.363680,0.021393,-0.030396,-0.991608
19.363711,0.021347,-0.030945,-0.992142
19.363742,0.021500,-0.031281,-0.992767
19.363771,0.021805,-0.031418,-0.993454
19.363799,0.022232,-0.031357,-0.994125
19.363837,0.022736,-0.031128,-0.994720
19.373599,0.023239,-0.030746,-0.995178
19.373752,0.023697,-0.030258,-0.995468
19.373780,0.024078,-0.029709,-0.995575
19.373901,0.024323,-0.029099,-0.995499
19.373946,0.024460,-0.028473,-0.995255
19.373975,0.024460,-0.027878,-0.994873
19.374003,0.024384,-0.027359,-0.994400
19.374027,0.024246,-0.026947,-0.993881
19.383728,0.024063,-0.026642,-0.993393
19.385020,0.023911,-0.026443,-0.992950
19.385058,0.023773,-0.026367,-0.992584
19.385086,0.023697,-0.026382,-0.992340
19.385111,0.023682,-0.026474,-0.992218
19.385138,0.023727,-0.026627,-0.992203
19.385165,0.023834,-0.026840,-0.992294
19.385193,0.023987,-0.027115,-0.992493
19.393499,0.024200,-0.027435,-0.992767
19.393618,0.024414,-0.027817,-0.993134
19.393651,0.024628,-0.028229,-0.993530
19.393678,0.024857,-0.028656,-0.993958
19.393703,0.025055,-0.029053,-0.994339
19.393728,0.025208,-0.029358,-0.994659
19.393752,0.025284,-0.029556,-0.994858
19.393776,0.025284,-0.029633,-0.994919
19.403476,0.025177,-0.029587,-0.994827
19.403591,0.024963,-0.029404,-0.994568
19.403620,0.024658,-0.029144,-0.994202
19.403645,0.024307,-0.028839,-0.993774
19.403669,0.023956,-0.028549,-0.993317
19.403693,0.023590,-0.028290,-0.992859
19.403719,0.023300,-0.028091,-0.992462
19.403749,0.023071,-0.027939,-0.992111
19.413516,0.022964,-0.027847,-0.991837
19.413636,0.022964,-0.027786,-0.991638
19.413668,0.023041,-0.027771,-0.991531
19.413707,0.023193,-0.027817,-0.991516
19.413745,0.023392,-0.027939,-0.991592
19.413783,0.023590,-0.028152,-0.991760
19.413821,0.023743,-0.028412,-0.992020
19.413859,0.023819,-0.028702,-0.992340
19.423525,0.023819,-0.028915,-0.992691
19.424160,0.023697,-0.029022,-0.993057
19.424202,0.023483,-0.028976,-0.993439
19.424239,0.023148,-0.028763,-0.993805
19.424273,0.022720,-0.028412,-0.994141
19.424314,0.022232,-0.028046,-0.994385
19.424354,0.021713,-0.027725,-0.994522
19.424388,0.021255,-0.027527,-0.994583
19.433806,0.020905,-0.027496,-0.994568
19.433926,0.020767,-0.027649,-0.994522
19.433966,0.020859,-0.027908,-0.994476
19.433996,0.021225,-0.028244,-0.994507
19.434102,0.021835,-0.028564,-0.994629
19.434144,0.022644,-0.028763,-0.994873
19.434181,0.023575,-0.028793,-0.995239
19.434209,0.024536,-0.028641,-0.995682
19.443442,0.025467,-0.028305,-0.996155
19.443570,0.026260,-0.027832,-0.996567
19.443609,0.026871,-0.027313,-0.996841
19.443636,0.027283,-0.026810,-0.996979
19.443662,0.027451,-0.026413,-0.996902
19.443689,0.027405,-0.026154,-0.996628
19.443715,0.027191,-0.026031,-0.996170
19.443741,0.026886,-0.026016,-0.995575
19.453443,0.026520,-0.026077,-0.994934
19.453570,0.026154,-0.026138,-0.994278
19.453601,0.025787,-0.026215,-0.993668
19.453628,0.025452,-0.026245,-0.993103
19.453657,0.025162,-0.026245,-0.992645
19.453683,0.024902,-0.026276,-0.992310
19.453709,0.024658,-0.026321,-0.992096
19.453735,0.024475,-0.026413,-0.992020
19.463441,0.024323,-0.026550,-0.992050
19.463555,0.024231,-0.026718,-0.992157
19.463600,0.024200,-0.026917,-0.992325
19.463628,0.024261,-0.027100,-0.992508
19.463653,0.024368,-0.027252,-0.992706
19.463678,0.024521,-0.027359,-0.992889
19.463713,0.024673,-0.027466,-0.993057
19.463739,0.024826,-0.027527,-0.993240
19.473437,0.024948,-0.027573,-0.993408
19.473668,0.025040,-0.027603,-0.993591
19.473708,0.025101,-0.027618,-0.993759
19.473736,0.025116,-0.027649,-0.993927
19.473762,0.025085,-0.027695,-0.994049
19.473786,0.024979,-0.027771,-0.994125
19.473819,0.024796,-0.027878,-0.994141
19.473846,0.024536,-0.028000,-0.994095
19.483409,0.024216,-0.028152,-0.994019
19.483554,0.023865,-0.028320,-0.993927
19.483600,0.023499,-0.028488,-0.993835
19.483642,0.023163,-0.028656,-0.993774
19.483682,0.022873,-0.028763,-0.993744
19.483720,0.022675,-0.028793,-0.993790
19.483760,0.022552,-0.028717,-0.993912
19.483798,0.022507,-0.028549,-0.994095
19.493419,0.022537,-0.028275,-0.994339
19.493525,0.022629,-0.027924,-0.994629
19.493556,0.022766,-0.027557,-0.994919
19.493583,0.022934,-0.027222,-0.995178
19.493618,0.023117,-0.026947,-0.995392
19.493644,0.023331,-0.026749,-0.995529
19.493669,0.023544,-0.026611,-0.995590
19.493695,0.023773,-0.026550,-0.995560
19.503378,0.024002,-0.026535,-0.995499
19.503486,0.024246,-0.026535,-0.995407
19.503521,0.024460,-0.026550,-0.995300
19.503552,0.024628,-0.026566,-0.995132
19.503625,0.024719,-0.026611,-0.994934
19.503728,0.024734,-0.026703,-0.994690
19.503803,0.024658,-0.026825,-0.994385
19.503835,0.024521,-0.026993,-0.994049
19.514476,0.024338,-0.027206,-0.993698
19.514593,0.024170,-0.027466,-0.993378
19.514625,0.024048,-0.027740,-0.993149
19.514639,0.023987,-0.028000,-0.993042
19.514652,0.024002,-0.028198,-0.993073
19.514664,0.024078,-0.028336,-0.993225
19.514675,0.024231,-0.028381,-0.993439
19.514685,0.024429,-0.028336,-0.993668
19.523380,0.024643,-0.028259,-0.993896
19.525894,0.024857,-0.028168,-0.994064
19.525944,0.025040,-0.028061,-0.994186
19.525973,0.025146,-0.027985,-0.994232
19.526000,0.025192,-0.027924,-0.994232
19.526025,0.025146,-0.027893,-0.994186
19.526051,0.025024,-0.027908,-0.994095
19.526076,0.024872,-0.027924,-0.993958
19.533369,0.024689,-0.027954,-0.993790
19.533479,0.024521,-0.027985,-0.993607
19.533527,0.024384,-0.028015,-0.993423
19.533555,0.024277,-0.028000,-0.993271
19.533589,0.024170,-0.027969,-0.993164
19.533616,0.024078,-0.027924,-0.993103
19.533643,0.024017,-0.027832,-0.993103
19.533671,0.023956,-0.027725,-0.993164
19.543694,0.023926,-0.027588,-0.993256
19.543825,0.023911,-0.027420,-0.993362
19.543860,0.023895,-0.027237,-0.993484
19.543889,0.023941,-0.027054,-0.993622
19.543932,0.024033,-0.026901,-0.993774
19.543960,0.024200,-0.026779,-0.993927
19.543987,0.024399,-0.026703,-0.994110
19.544063,0.024628,-0.026688,-0.994293
19.553501,0.024857,-0.026733,-0.994492
19.553614,0.025040,-0.026794,-0.994690
19.553645,0.025177,-0.026855,-0.994843
19.553672,0.025253,-0.026932,-0.994919
19.553708,0.025269,-0.027023,-0.994934
19.553735,0.025177,-0.027115,-0.994843
19.553762,0.025024,-0.027222,-0.994644
19.553787,0.024796,-0.027359,-0.994354
19.563661,0.024506,-0.027481,-0.993988
19.563876,0.024185,-0.027603,-0.993591
19.563913,0.023880,-0.027679,-0.993210
19.563944,0.023621,-0.027710,-0.992859
19.564270,0.023438,-0.027664,-0.992584
19.564309,0.023331,-0.027542,-0.992416
19.564379,0.023331,-0.027344,-0.992340
19.564416,0.023438,-0.027100,-0.992401
19.577313,0.023636,-0.026840,-0.992554
19.577452,0.023911,-0.026611,-0.992798
19.577483,0.024200,-0.026459,-0.993103
19.577515,0.024475,-0.026413,-0.993423
19.577547,0.024689,-0.026505,-0.993713
19.577583,0.024826,-0.026703,-0.993927
19.577621,0.024887,-0.026978,-0.994049
19.577649,0.024857,-0.027267,-0.994110
19.583338,0.024765,-0.027557,-0.994125
19.583432,0.024612,-0.027802,-0.994125
19.583463,0.024399,-0.027985,-0.994125
19.583492,0.024170,-0.028061,-0.994171
19.583520,0.023941,-0.028061,-0.994232
19.583547,0.023727,-0.028000,-0.994370
19.583573,0.023590,-0.027924,-0.994553
19.583599,0.023514,-0.027863,-0.994781
19.593312,0.023514,-0.027832,-0.995026
19.593412,0.023590,-0.027832,-0.995270
19.593443,0.023712,-0.027863,-0.995483
19.593472,0.023849,-0.027908,-0.995636
19.593499,0.024002,-0.027939,-0.995758
19.593526,0.024139,-0.027939,-0.995804
19.593559,0.024231,-0.027908,-0.995773
19.593585,0.024292,-0.027847,-0.995682
19.603245,0.024277,-0.027756,-0.995529
19.603332,0.024185,-0.027649,-0.995331
19.603363,0.024063,-0.027557,-0.995102
19.603469,0.023911,-0.027466,-0.994858
19.603508,0.023773,-0.027374,-0.994614
19.603535,0.023651,-0.027283,-0.994370
19.603561,0.023575,-0.027191,-0.994186
19.603587,0.023544,-0.027084,-0.994049
19.613368,0.023544,-0.027008,-0.993942
19.613484,0.023560,-0.026947,-0.993912
19.613516,0.023590,-0.026917,-0.993912
19.613545,0.023636,-0.026932,-0.993942
19.613573,0.023697,-0.026962,-0.993988
19.613601,0.023773,-0.027008,-0.994019
19.613626,0.023849,-0.027084,-0.994064
19.613651,0.023941,-0.027130,-0.994095
19.623257,0.024048,-0.027145,-0.994110
19.623368,0.024170,-0.027145,-0.994125
19.623398,0.024307,-0.027145,-0.994141
19.623424,0.024414,-0.027145,-0.994141
19.623449,0.024521,-0.027130,-0.994141
19.623512,0.024582,-0.027145,-0.994110
19.623541,0.024597,-0.027191,-0.994080
19.623566,0.024597,-0.027252,-0.994049
19.633311,0.024567,-0.027313,-0.994064
19.633430,0.024536,-0.027344,-0.994095
19.633463,0.024521,-0.027313,-0.994186
19.633488,0.024536,-0.027176,-0.994278
19.633513,0.024582,-0.026978,-0.994370
19.633537,0.024643,-0.026779,-0.994461
19.633561,0.024719,-0.026596,-0.994522
19.633588,0.024811,-0.026474,-0.994568
19.643264,0.024887,-0.026428,-0.994583
19.643376,0.024948,-0.026443,-0.994568
19.643407,0.024963,-0.026535,-0.994537
19.643434,0.024948,-0.026672,-0.994522
19.643466,0.024887,-0.026871,-0.994492
19.643490,0.024811,-0.027100,-0.994461
19.643516,0.024704,-0.027344,-0.994415
19.643542,0.024582,-0.027603,-0.994339
19.653251,0.024429,-0.027863,-0.994247
19.653349,0.024261,-0.028107,-0.994125
19.653381,0.024048,-0.028305,-0.993973
19.653410,0.023834,-0.028427,-0.993805
19.653437,0.023605,-0.028427,-0.993637
19.653464,0.023392,-0.028305,-0.993484
19.653498,0.023193,-0.028061,-0.993362
19.653524,0.023010,-0.027695,-0.993225
19.663205,0.022888,-0.027267,-0.993118
19.663295,0.022812,-0.026840,-0.993042
19.663328,0.022827,-0.026474,-0.992966
19.663355,0.022949,-0.026230,-0.992935
19.663386,0.023193,-0.026108,-0.992966
19.663415,0.023544,-0.026093,-0.993073
19.663442,0.024017,-0.026199,-0.993256
19.663466,0.024521,-0.026367,-0.993500
19.673300,0.025055,-0.026581,-0.993805
19.673534,0.025513,-0.026794,-0.994125
19.673914,0.025833,-0.027008,-0.994492
19.673948,0.026001,-0.027237,-0.994827
19.673975,0.025986,-0.027466,-0.995102
19.674001,0.025787,-0.027710,-0.995285
19.674047,0.025421,-0.027969,-0.995377
19.674075,0.024918,-0.028244,-0.995361
19.684345,0.024368,-0.028519,-0.995270
19.684482,0.023834,-0.028763,-0.995102
19.684516,0.023361,-0.028931,-0.994904
19.684553,0.022995,-0.028992,-0.994690
19.684584,0.022736,-0.028931,-0.994507
19.684610,0.022629,-0.028778,-0.994354
19.684639,0.022644,-0.028549,-0.994247
19.684665,0.022781,-0.028259,-0.994156
19.693240,0.022995,-0.027969,-0.994110
19.693346,0.023254,-0.027664,-0.994049
19.693376,0.023514,-0.027359,-0.993973
19.693404,0.023743,-0.027100,-0.993881
19.693431,0.023911,-0.026855,-0.993774
19.693459,0.024048,-0.026672,-0.993652
19.693488,0.024094,-0.026520,-0.993546
19.693514,0.024094,-0.026428,-0.993515
19.703171,0.024033,-0.026413,-0.993561
19.703264,0.023956,-0.026505,-0.993668
19.703295,0.023880,-0.026672,-0.993820
19.703324,0.023849,-0.026947,-0.993942
19.703351,0.023834,-0.027252,-0.994019
19.703378,0.023834,-0.027573,-0.994034
19.703403,0.023834,-0.027863,-0.993958
19.703428,0.023849,-0.028061,-0.993805
19.713188,0.023880,-0.028152,-0.993607
19.713300,0.023895,-0.028137,-0.993408
19.713330,0.023911,-0.028030,-0.993240
19.713358,0.023956,-0.027863,-0.993103
19.713386,0.024063,-0.027695,-0.992996
19.713413,0.024216,-0.027542,-0.992935
19.713440,0.024384,-0.027435,-0.992874
19.713467,0.024567,-0.027374,-0.992828
19.723148,0.024750,-0.027374,-0.992783
19.723254,0.024887,-0.027405,-0.992722
19.723285,0.025009,-0.027435,-0.992645
19.723314,0.025085,-0.027466,-0.992584
19.723341,0.025131,-0.027512,-0.992569
19.723366,0.025131,-0.027527,-0.992615
19.723392,0.025101,-0.027557,-0.992752
19.723419,0.025024,-0.027618,-0.992950
19.733150,0.024918,-0.027695,-0.993210
19.733300,0.024750,-0.027802,-0.993500
19.733331,0.024567,-0.027939,-0.993774
19.733357,0.024384,-0.028046,-0.994019
19.733382,0.024231,-0.028107,-0.994232
19.733407,0.024094,-0.028076,-0.994415
19.733439,0.024002,-0.027985,-0.994568
19.733466,0.023941,-0.027817,-0.994690
19.743122,0.023895,-0.027634,-0.994781
19.743253,0.023880,-0.027451,-0.994873
19.743283,0.023880,-0.027267,-0.994980
19.743308,0.023911,-0.027100,-0.995102
19.743332,0.023956,-0.026993,-0.995209
19.743359,0.024048,-0.026901,-0.995331
19.743384,0.024170,-0.026840,-0.995453
19.743409,0.024307,-0.026825,-0.995575
19.753123,0.024460,-0.026840,-0.995667
19.753634,0.024567,-0.026917,-0.995712
19.753680,0.024612,-0.027023,-0.995682
19.753707,0.024582,-0.027206,-0.995560
19.753735,0.024490,-0.027420,-0.995331
19.753762,0.024338,-0.027695,-0.994965
19.753825,0.024139,-0.027969,-0.994522
19.753851,0.023956,-0.028214,-0.994049
19.764203,0.023804,-0.028412,-0.993607
19.764452,0.023727,-0.028503,-0.993271
19.764487,0.023712,-0.028503,-0.993042
19.764515,0.023804,-0.028427,-0.992950
19.764680,0.023956,-0.028275,-0.992966
19.764722,0.024170,-0.028091,-0.993042
19.764750,0.024445,-0.027893,-0.993164
19.764776,0.024704,-0.027710,-0.993317
19.775871,0.024948,-0.027557,-0.993469
19.775994,0.025131,-0.027451,-0.993622
19.776026,0.025253,-0.027359,-0.993744
19.776150,0.025330,-0.027283,-0.993851
19.776193,0.025330,-0.027222,-0.993912
19.776283,0.025284,-0.027161,-0.993942
19.776312,0.025177,-0.027100,-0.993958
19.776337,0.024994,-0.027069,-0.993958
19.783190,0.024765,-0.027084,-0.993973
19.783940,0.024506,-0.027145,-0.994003
19.783997,0.024231,-0.027267,-0.994049
19.784034,0.024017,-0.027420,-0.994095
19.784063,0.023865,-0.027603,-0.994171
19.784102,0.023788,-0.027771,-0.994232
19.784137,0.023758,-0.027954,-0.994278
19.784166,0.023758,-0.028122,-0.994278
19.793487,0.023758,-0.028259,-0.994247
19.801945,0.023727,-0.028381,-0.994186
19.802046,0.023697,-0.028473,-0.994125
19.802073,0.023682,-0.028534,-0.994080
19.802099,0.023697,-0.028534,-0.994095
19.802152,0.023758,-0.028473,-0.994171
19.802180,0.023834,-0.028366,-0.994293
19.802204,0.023956,-0.028214,-0.994415
19.803047,0.024109,-0.028015,-0.994507
19.803083,0.024246,-0.027802,-0.994553
19.803107,0.024338,-0.027588,-0.994522
19.803179,0.024384,-0.027420,-0.994400
19.803205,0.024384,-0.027283,-0.994186
19.803228,0.024323,-0.027206,-0.993896
19.803295,0.024216,-0.027206,-0.993576
19.803321,0.024078,-0.027283,-0.993210
19.813163,0.023941,-0.027420,-0.992859
19.813282,0.023788,-0.027573,-0.992554
19.813314,0.023666,-0.027756,-0.992340
19.813344,0.023560,-0.027924,-0.992233
19.813610,0.023499,-0.028061,-0.992249
19.813639,0.023483,-0.028168,-0.992401
19.813667,0.023529,-0.028244,-0.992661
19.813693,0.023621,-0.028275,-0.993011
19.823181,0.023773,-0.028259,-0.993408
19.823625,0.023956,-0.028244,-0.993805
19.824199,0.024155,-0.028198,-0.994186
19.824241,0.024338,-0.028122,-0.994522
19.824269,0.024490,-0.028015,-0.994812
19.824304,0.024567,-0.027878,-0.995071
19.824332,0.024551,-0.027710,-0.995316
19.824359,0.024490,-0.027542,-0.995544
19.833966,0.024414,-0.027390,-0.995773
19.835198,0.024368,-0.027313,-0.995956
19.835275,0.024368,-0.027313,-0.996078
19.835305,0.024399,-0.027405,-0.996124
19.835331,0.024460,-0.027573,-0.996078
19.835358,0.024490,-0.027740,-0.995941
19.835384,0.024506,-0.027878,-0.995728
19.835715,0.024475,-0.027985,-0.995483
19.843000,0.024399,-0.028046,-0.995209
19.843134,0.024261,-0.028076,-0.994965
19.843164,0.024109,-0.028076,-0.994736
19.843191,0.023956,-0.028076,-0.994568
19.843215,0.023788,-0.028076,-0.994461
19.843241,0.023666,-0.028091,-0.994370
19.843266,0.023560,-0.028107,-0.994324
19.843290,0.023483,-0.028137,-0.994308
19.853021,0.023438,-0.028152,-0.994293
19.853188,0.023407,-0.028122,-0.994278
19.853220,0.023438,-0.028030,-0.994217
19.853246,0.023499,-0.027863,-0.994110
19.853270,0.023621,-0.027649,-0.993958
19.853295,0.023788,-0.027420,-0.993790
19.853322,0.023987,-0.027176,-0.993622
19.853346,0.024200,-0.026978,-0.993500
19.862994,0.024399,-0.026825,-0.993454
19.863090,0.024582,-0.026733,-0.993469
19.863126,0.024719,-0.026688,-0.993561
19.863157,0.024826,-0.026688,-0.993698
19.863186,0.024887,-0.026733,-0.993866
19.863211,0.024933,-0.026810,-0.994034
19.863248,0.024979,-0.026886,-0.994186
19.863277,0.025024,-0.026978,-0.994324
19.872964,0.025055,-0.027084,-0.994431
19.873069,0.025101,-0.027191,-0.994507
19.873101,0.025116,-0.027298,-0.994522
19.873131,0.025131,-0.027359,-0.994507
19.873160,0.025101,-0.027359,-0.994461
19.873188,0.025040,-0.027313,-0.994370
19.873214,0.024918,-0.027191,-0.994263
19.873241,0.024765,-0.027023,-0.994141
19.882983,0.024582,-0.026855,-0.994019
19.883094,0.024384,-0.026703,-0.993866
19.883126,0.024200,-0.026611,-0.993713
19.883153,0.024033,-0.026581,-0.993546
19.883178,0.023880,-0.026627,-0.993423
19.883204,0.023743,-0.026733,-0.993347
19.883228,0.023636,-0.026901,-0.993332
19.883252,0.023544,-0.027100,-0.993393
19.892953,0.023453,-0.027313,-0.993515
19.893073,0.023361,-0.027512,-0.993698
19.893107,0.023300,-0.027695,-0.993896
19.893135,0.023285,-0.027878,-0.994125
19.893163,0.023315,-0.028076,-0.994339
19.893210,0.023376,-0.028290,-0.994507
19.893261,0.023483,-0.028503,-0.994568
19.893331,0.023621,-0.028717,-0.994568
19.902984,0.023788,-0.028900,-0.994476
19.903119,0.023972,-0.029022,-0.994324
19.903150,0.024139,-0.029068,-0.994141
19.903293,0.024307,-0.029037,-0.993942
19.903319,0.024429,-0.028931,-0.993759
19.903343,0.024506,-0.028763,-0.993622
19.903368,0.024536,-0.028595,-0.993515
19.903395,0.024521,-0.028458,-0.993469
19.913109,0.024490,-0.028366,-0.993469
19.913216,0.024506,-0.028290,-0.993515
19.913248,0.024582,-0.028244,-0.993622
19.913275,0.024734,-0.028168,-0.993790
19.913303,0.024948,-0.028091,-0.994003
19.913330,0.025208,-0.027985,-0.994217
19.913359,0.025482,-0.027847,-0.994400
19.913387,0.025711,-0.027679,-0.994537
19.925104,0.025818,-0.027496,-0.994598
19.926330,0.025787,-0.027298,-0.994537
19.926378,0.025589,-0.027115,-0.994385
19.926407,0.025284,-0.026978,-0.994125
19.926438,0.024902,-0.026886,-0.993820
19.926467,0.024506,-0.026855,-0.993484
19.926493,0.024155,-0.026855,-0.993164
19.926518,0.023849,-0.026855,-0.992905
19.933029,0.023636,-0.026855,-0.992722
19.936443,0.023483,-0.026825,-0.992645
19.936510,0.023392,-0.026794,-0.992661
19.936536,0.023346,-0.026779,-0.992783
19.936701,0.023331,-0.026825,-0.992981
19.936726,0.023361,-0.026932,-0.993256
19.936749,0.023422,-0.027100,-0.993561
19.936772,0.023514,-0.027313,-0.993927
19.942991,0.023651,-0.027542,-0.994339
19.943132,0.023804,-0.027802,-0.994781
19.943162,0.023972,-0.028030,-0.995209
19.943188,0.024155,-0.028244,-0.995621
19.943220,0.024292,-0.028412,-0.995956
19.943247,0.024399,-0.028534,-0.996201
19.943272,0.024460,-0.028564,-0.996323
19.943297,0.024460,-0.028534,-0.996338
19.953161,0.024399,-0.028458,-0.996292
19.953284,0.024307,-0.028336,-0.996216
19.953316,0.024200,-0.028168,-0.996109
19.953341,0.024078,-0.027985,-0.996002
19.953509,0.023926,-0.027817,-0.995865
19.953537,0.023758,-0.027679,-0.995712
19.953561,0.023560,-0.027634,-0.995560
19.953586,0.023376,-0.027679,-0.995377
19.963008,0.023224,-0.027817,-0.995148
19.963118,0.023102,-0.028000,-0.994873
19.963148,0.023041,-0.028198,-0.994537
19.963175,0.023071,-0.028381,-0.994186
19.963200,0.023178,-0.028503,-0.993820
19.963234,0.023346,-0.028549,-0.993454
19.963262,0.023544,-0.028519,-0.993103
19.963292,0.023758,-0.028397,-0.992783
19.975044,0.023956,-0.028198,-0.992554
19.975190,0.024094,-0.027939,-0.992416
19.975222,0.024185,-0.027679,-0.992371
19.975831,0.024246,-0.027435,-0.992401
19.975895,0.024292,-0.027206,-0.992508
19.975927,0.024368,-0.027054,-0.992661
19.975986,0.024475,-0.026932,-0.992813
19.976012,0.024612,-0.026855,-0.992981
19.983014,0.024780,-0.026810,-0.993134
19.983131,0.024948,-0.026794,-0.993240
19.983162,0.025085,-0.026810,-0.993301
19.983189,0.025177,-0.026871,-0.993317
19.983215,0.025223,-0.026978,-0.993317
19.983241,0.025223,-0.027145,-0.993317
19.983265,0.025162,-0.027359,-0.993347
19.983291,0.025070,-0.027573,-0.993408
19.993222,0.024948,-0.027786,-0.993546
19.993359,0.024780,-0.027939,-0.993713
19.993390,0.024567,-0.028015,-0.993881
19.993416,0.024353,-0.028015,-0.994049
19.993441,0.024155,-0.027954,-0.994202
19.993466,0.023972,-0.027878,-0.994354
19.993491,0.023834,-0.027786,-0.994461
19.993524,0.023743,-0.027695,-0.994537
20.003108,0.023682,-0.027634,-0.994568
20.003233,0.023636,-0.027634,-0.994537
20.003264,0.023621,-0.027710,-0.994461
20.003419,0.023590,-0.027878,-0.994354
20.003448,0.023544,-0.028122,-0.994202
20.003473,0.023483,-0.028427,-0.994019
20.003548,0.023407,-0.028717,-0.993820
20.003577,0.023315,-0.028992,-0.993622
20.013587,0.023209,-0.029175,-0.993454
20.014096,0.023132,-0.029251,-0.993286
20.014144,0.023087,-0.029221,-0.993134
20.014172,0.023071,-0.029068,-0.993011
20.014200,0.023102,-0.028839,-0.992966
20.014225,0.023178,-0.028549,-0.992996
20.014260,0.023270,-0.028244,-0.993088
20.014285,0.023422,-0.027924,-0.993271
20.022950,0.023636,-0.027588,-0.993500
20.023057,0.023941,-0.027283,-0.993759
20.023089,0.024292,-0.027008,-0.994049
20.023114,0.024643,-0.026794,-0.994308
20.023139,0.024994,-0.026657,-0.994522
20.023163,0.025299,-0.026596,-0.994690
20.023188,0.025528,-0.026627,-0.994827
20.023214,0.025665,-0.026718,-0.994949
20.032903,0.025696,-0.026840,-0.995071
20.033005,0.025620,-0.026978,-0.995209
20.033034,0.025452,-0.027100,-0.995361
20.033060,0.025238,-0.027237,-0.995529
20.033086,0.025009,-0.027374,-0.995682
20.033110,0.024780,-0.027557,-0.995834
20.033134,0.024582,-0.027771,-0.995926
20.033160,0.024414,-0.028015,-0.995987
20.042924,0.024261,-0.028275,-0.996002
20.043054,0.024124,-0.028503,-0.995956
20.043086,0.024033,-0.028702,-0.995895
20.043113,0.023972,-0.028824,-0.995789
20.043139,0.023941,-0.028839,-0.995682
20.043164,0.023972,-0.028748,-0.995544
20.043189,0.024033,-0.028595,-0.995377
20.043214,0.024109,-0.028412,-0.995209
20.053038,0.024216,-0.028244,-0.995026
20.053130,0.024338,-0.028122,-0.994843
20.053295,0.024460,-0.028046,-0.994659
20.053322,0.024597,-0.028000,-0.994431
20.053348,0.024704,-0.027985,-0.994171
20.053374,0.024780,-0.027954,-0.993881
20.053401,0.024841,-0.027878,-0.993591
20.053426,0.024887,-0.027786,-0.993332
20.063144,0.024918,-0.027679,-0.993088
20.063330,0.024918,-0.027588,-0.992905
20.063364,0.024887,-0.027527,-0.992767
20.063391,0.024826,-0.027542,-0.992661
20.063418,0.024734,-0.027634,-0.992584
20.063443,0.024643,-0.027786,-0.992569
20.063468,0.024597,-0.027924,-0.992630
20.063495,0.024582,-0.028030,-0.992752
20.075919,0.024597,-0.028030,-0.992966
20.076053,0.024612,-0.027908,-0.993256
20.076083,0.024628,-0.027695,-0.993591
20.076108,0.024643,-0.027420,-0.993942
20.076134,0.024612,-0.027145,-0.994293
20.076160,0.024582,-0.026886,-0.994583
20.076186,0.024536,-0.026718,-0.994766
20.076211,0.024475,-0.026611,-0.994843
20.082920,0.024399,-0.026596,-0.994797
20.083041,0.024323,-0.026611,-0.994675
20.083071,0.024261,-0.026642,-0.994507
20.083097,0.024216,-0.026688,-0.994339
20.083122,0.024170,-0.026733,-0.994186
20.083147,0.024124,-0.026779,-0.994064
20.083173,0.024063,-0.026840,-0.993973
20.083197,0.024002,-0.026932,-0.993912
20.092851,0.023926,-0.027039,-0.993866
20.092977,0.023880,-0.027161,-0.993866
20.093007,0.023895,-0.027283,-0.993881
20.093034,0.023956,-0.027374,-0.993927
20.093062,0.024063,-0.027451,-0.994003
20.093087,0.024200,-0.027496,-0.994095
20.093112,0.024338,-0.027496,-0.994202
20.093369,0.024460,-0.027435,-0.994324
20.102934,0.024567,-0.027344,-0.994446
20.103034,0.024673,-0.027237,-0.994537
20.103064,0.024765,-0.027115,-0.994614
20.103092,0.024857,-0.026993,-0.994644
20.103117,0.024948,-0.026917,-0.994629
20.103143,0.025055,-0.026855,-0.994583
20.103169,0.025146,-0.026810,-0.994476
20.103195,0.025223,-0.026810,-0.994308
20.112856,0.025253,-0.026840,-0.994080
20.112990,0.025238,-0.026917,-0.993774
20.113020,0.025146,-0.027039,-0.993439
20.113046,0.024994,-0.027206,-0.993073
20.113072,0.024796,-0.027405,-0.992691
20.113106,0.024582,-0.027618,-0.992340
20.113132,0.024384,-0.027817,-0.992035
20.113157,0.024246,-0.027969,-0.991821
20.122913,0.024155,-0.028061,-0.991714
20.122999,0.024094,-0.028091,-0.991745
20.123027,0.024063,-0.028046,-0.991898
20.123056,0.024048,-0.027954,-0.992157
20.123082,0.024002,-0.027847,-0.992493
20.123106,0.023941,-0.027725,-0.992828
20.123130,0.023849,-0.027634,-0.993164
20.123154,0.023758,-0.027573,-0.993439
20.132920,0.023651,-0.027542,-0.993652
20.133042,0.023575,-0.027527,-0.993805
20.133072,0.023544,-0.027527,-0.993896
20.133170,0.023575,-0.027527,-0.993988
20.133201,0.023682,-0.027542,-0.994034
20.133227,0.023834,-0.027542,-0.994049
20.133261,0.023987,-0.027557,-0.994019
20.133288,0.024124,-0.027573,-0.993912
20.142793,0.024231,-0.027618,-0.993790
20.142924,0.024323,-0.027725,-0.993652
20.142953,0.024384,-0.027878,-0.993546
20.142978,0.024460,-0.028046,-0.993484
20.143185,0.024536,-0.028198,-0.993454
20.143560,0.024628,-0.028320,-0.993454
20.143821,0.024704,-0.028397,-0.993454
20.143849,0.024750,-0.028397,-0.993454
20.153311,0.024765,-0.028336,-0.993439
20.153415,0.024719,-0.028244,-0.993439
20.153443,0.024628,-0.028137,-0.993469
20.153470,0.024490,-0.028046,-0.993561
20.153496,0.024323,-0.027954,-0.993744
20.153521,0.024155,-0.027908,-0.994003
20.153546,0.024033,-0.027924,-0.994324
20.153572,0.023972,-0.028015,-0.994644
20.162760,0.024002,-0.028168,-0.994934
20.162866,0.024078,-0.028366,-0.995117
20.162907,0.024200,-0.028519,-0.995163
20.162934,0.024353,-0.028610,-0.995071
20.162960,0.024490,-0.028610,-0.994827
20.162987,0.024628,-0.028503,-0.994476
20.163012,0.024704,-0.028336,-0.994034
20.163036,0.024750,-0.028137,-0.993561
20.172767,0.024765,-0.027924,-0.993134
20.172881,0.024780,-0.027756,-0.992767
20.172910,0.024811,-0.027649,-0.992493
20.172937,0.024872,-0.027603,-0.992294
20.172963,0.024933,-0.027634,-0.992203
20.172990,0.025024,-0.027740,-0.992203
20.173015,0.025146,-0.027893,-0.992294
20.173038,0.025269,-0.028091,-0.992447
20.182807,0.025391,-0.028320,-0.992645
20.182935,0.025482,-0.028564,-0.992889
20.182965,0.025543,-0.028793,-0.993164
20.183430,0.025574,-0.028992,-0.993469
20.183482,0.025558,-0.029160,-0.993774
20.183510,0.025528,-0.029236,-0.994049
20.183544,0.025467,-0.029221,-0.994247
20.183572,0.025360,-0.029144,-0.994339
20.192787,0.025253,-0.028992,-0.994339
20.192928,0.025146,-0.028809,-0.994263
20.192960,0.025040,-0.028610,-0.994110
20.192988,0.024948,-0.028427,-0.993912
20.193017,0.024826,-0.028275,-0.993729
20.193042,0.024704,-0.028137,-0.993576
20.193066,0.024582,-0.027985,-0.993500
20.193093,0.024475,-0.027786,-0.993500
20.202611,0.024414,-0.027527,-0.993607
20.202976,0.024384,-0.027222,-0.993790
20.203010,0.024353,-0.026886,-0.994049
20.203038,0.024353,-0.026581,-0.994354
20.203064,0.024323,-0.026352,-0.994644
20.203090,0.024261,-0.026230,-0.994888
20.203114,0.024185,-0.026199,-0.995087
20.203147,0.024078,-0.026260,-0.995239
20.212600,0.023987,-0.026428,-0.995361
20.212736,0.023911,-0.026657,-0.995468
20.212768,0.023911,-0.026962,-0.995560
20.212796,0.023972,-0.027298,-0.995621
20.212823,0.024078,-0.027649,-0.995651
20.212857,0.024200,-0.028000,-0.995636
20.212884,0.024338,-0.028366,-0.995560
20.212918,0.024445,-0.028702,-0.995422
20.222580,0.024536,-0.029007,-0.995224
20.222709,0.024597,-0.029221,-0.994949
20.222739,0.024643,-0.029358,-0.994614
20.222767,0.024673,-0.029358,-0.994247
20.222794,0.024689,-0.029236,-0.993912
20.222821,0.024719,-0.029007,-0.993637
20.222848,0.024750,-0.028702,-0.993454
20.222874,0.024796,-0.028336,-0.993362
20.232732,0.024826,-0.027954,-0.993378
20.232867,0.024857,-0.027603,-0.993439
20.232896,0.024872,-0.027313,-0.993576
20.232922,0.024887,-0.027115,-0.993729
20.232949,0.024902,-0.027008,-0.993912
20.233037,0.024902,-0.026993,-0.994095
20.233061,0.024902,-0.027039,-0.994247
20.233085,0.024902,-0.027130,-0.994400
20.242581,0.024857,-0.027252,-0.994492
20.242826,0.024796,-0.027374,-0.994492
20.242871,0.024673,-0.027512,-0.994400
20.242899,0.024521,-0.027649,-0.994186
20.242923,0.024323,-0.027786,-0.993866
20.242948,0.024109,-0.027924,-0.993439
20.242993,0.023911,-0.028046,-0.992935
20.243019,0.023743,-0.028183,-0.992386
20.252574,0.023605,-0.028305,-0.991837
20.252739,0.023529,-0.028397,-0.991333
20.252771,0.023514,-0.028488,-0.990891
20.252799,0.023514,-0.028564,-0.990540
20.252826,0.023575,-0.028671,-0.990326
20.252882,0.023651,-0.028809,-0.990295
20.253008,0.023758,-0.028961,-0.990479
20.253037,0.023895,-0.029129,-0.990875
20.263173,0.024063,-0.029251,-0.991455
20.263306,0.024261,-0.029343,-0.992203
20.263337,0.024475,-0.029343,-0.993027
20.263365,0.024658,-0.029236,-0.993896
20.263392,0.024811,-0.029022,-0.994720
20.263417,0.024857,-0.028702,-0.995453
20.263449,0.024811,-0.028320,-0.996017
20.263475,0.024643,-0.027893,-0.996384
20.272545,0.024368,-0.027466,-0.996536
20.272664,0.023987,-0.027023,-0.996506
20.272693,0.023529,-0.026550,-0.996368
20.272725,0.023010,-0.026031,-0.996185
20.272752,0.022446,-0.025497,-0.996017
20.272776,0.021851,-0.024948,-0.995865
20.272800,0.021240,-0.024399,-0.995743
20.272824,0.020599,-0.023865,-0.995621
20.282597,0.019958,-0.023407,-0.995453
20.282714,0.019379,-0.023041,-0.995270
20.282743,0.018875,-0.022827,-0.995056
20.282768,0.018524,-0.022781,-0.994858
20.282792,0.018341,-0.022919,-0.994690
20.282816,0.018402,-0.023239,-0.994583
20.282840,0.018723,-0.023697,-0.994568
20.282864,0.019287,-0.024277,-0.994659
20.292502,0.020081,-0.024933,-0.994843
20.292643,0.021088,-0.025604,-0.995102
20.292674,0.022232,-0.026291,-0.995422
20.292701,0.023468,-0.026932,-0.995773
20.292725,0.024719,-0.027512,-0.996124
20.292751,0.025925,-0.028030,-0.996429
20.292775,0.026993,-0.028488,-0.996674
20.292801,0.027847,-0.028854,-0.996826
20.302523,0.028412,-0.029160,-0.996841
20.302663,0.028656,-0.029373,-0.996674
20.302695,0.028595,-0.029541,-0.996338
20.302720,0.028244,-0.029633,-0.995804
20.302744,0.027679,-0.029663,-0.995148
20.302768,0.026932,-0.029617,-0.994370
20.302792,0.026062,-0.029480,-0.993561
20.302817,0.025131,-0.029236,-0.992798
20.312527,0.024231,-0.028900,-0.992096
20.312672,0.023422,-0.028519,-0.991516
20.312703,0.022751,-0.028091,-0.991089
20.312731,0.022278,-0.027649,-0.990829
20.312758,0.022003,-0.027206,-0.990723
20.312783,0.021896,-0.026779,-0.990738
20.312809,0.021957,-0.026398,-0.990845
20.312833,0.022141,-0.026123,-0.991013
20.322667,0.022400,-0.025955,-0.991241
20.322809,0.022705,-0.025909,-0.991562
20.322843,0.023026,-0.025970,-0.991959
20.322869,0.023346,-0.026108,-0.992447
20.322895,0.023651,-0.026276,-0.992981
20.322919,0.023956,-0.026459,-0.993546
20.323077,0.024231,-0.026657,-0.994095
20.323642,0.024460,-0.026840,-0.994598
20.332663,0.024658,-0.027039,-0.995026
20.334060,0.024780,-0.027252,-0.995346
20.334118,0.024857,-0.027481,-0.995514
20.334147,0.024857,-0.027771,-0.995529
20.334283,0.024841,-0.028107,-0.995377
20.334328,0.024780,-0.028473,-0.995087
20.334357,0.024658,-0.028839,-0.994675
20.334385,0.024475,-0.029175,-0.994232
20.342650,0.024246,-0.029480,-0.993774
20.342822,0.023987,-0.029678,-0.993362
20.342852,0.023727,-0.029770,-0.993042
20.342877,0.023483,-0.029739,-0.992813
20.342901,0.023315,-0.029602,-0.992661
20.342927,0.023239,-0.029373,-0.992569
20.342953,0.023270,-0.029022,-0.992538
20.342979,0.023392,-0.028580,-0.992523
20.352473,0.023575,-0.028076,-0.992538
20.352613,0.023819,-0.027527,-0.992538
20.352644,0.024078,-0.026978,-0.992554
20.352671,0.024338,-0.026489,-0.992615
20.352695,0.024567,-0.026108,-0.992706
20.352719,0.024765,-0.025833,-0.992844
20.352745,0.024887,-0.025681,-0.993011
20.352771,0.024933,-0.025635,-0.993179
20.362491,0.024872,-0.025711,-0.993301
20.362672,0.024719,-0.025848,-0.993347
20.362704,0.024506,-0.026062,-0.993332
20.362730,0.024292,-0.026291,-0.993240
20.362756,0.024094,-0.026566,-0.993088
20.362780,0.023941,-0.026825,-0.992935
20.362804,0.023849,-0.027054,-0.992783
20.362828,0.023834,-0.027222,-0.992676
20.372442,0.023895,-0.027313,-0.992615
20.374628,0.024017,-0.027298,-0.992584
20.374908,0.024200,-0.027176,-0.992584
20.374941,0.024399,-0.026978,-0.992584
20.374966,0.024612,-0.026703,-0.992599
20.374991,0.024780,-0.026398,-0.992630
20.375027,0.024902,-0.026108,-0.992661
20.375052,0.024963,-0.025864,-0.992722
20.382450,0.024963,-0.025726,-0.992767
20.382578,0.024857,-0.025726,-0.992783
20.382608,0.024689,-0.025894,-0.992737
20.382634,0.024445,-0.026215,-0.992630
20.382659,0.024155,-0.026688,-0.992447
20.382682,0.023849,-0.027267,-0.992233
20.382708,0.023560,-0.027924,-0.991989
20.382733,0.023331,-0.028610,-0.991760
20.393370,0.023178,-0.029282,-0.991592
20.393523,0.023132,-0.029861,-0.991516
20.393554,0.023163,-0.030289,-0.991547
20.393582,0.023270,-0.030533,-0.991699
20.393607,0.023438,-0.030533,-0.991974
20.393633,0.023651,-0.030304,-0.992325
20.393657,0.023865,-0.029846,-0.992737
20.393689,0.024078,-0.029144,-0.993195
20.402416,0.024261,-0.028244,-0.993668
20.402547,0.024368,-0.027191,-0.994095
20.402583,0.024399,-0.026062,-0.994461
20.402611,0.024307,-0.024948,-0.994720
20.402637,0.024094,-0.023941,-0.994888
20.402661,0.023788,-0.023102,-0.994949
20.402687,0.023422,-0.022491,-0.994919
20.402710,0.023041,-0.022141,-0.994843
20.412414,0.022659,-0.022034,-0.994736
20.412480,0.022339,-0.022171,-0.994644
20.412494,0.022079,-0.022476,-0.994583
20.412506,0.021896,-0.022919,-0.994583
20.412517,0.021835,-0.023438,-0.994659
20.412528,0.021942,-0.024002,-0.994797
20.412538,0.022202,-0.024612,-0.995026
20.412547,0.022583,-0.025269,-0.995300
20.422382,0.023087,-0.025970,-0.995636
20.422491,0.023636,-0.026749,-0.996033
20.422521,0.024185,-0.027588,-0.996429
20.422555,0.024704,-0.028442,-0.996826
20.422582,0.025162,-0.029282,-0.997192
20.422606,0.025543,-0.030090,-0.997452
20.422630,0.025787,-0.030792,-0.997589
20.422655,0.025909,-0.031357,-0.997543
20.432344,0.025894,-0.031708,-0.997345
20.432423,0.025757,-0.031799,-0.996994
20.432439,0.025528,-0.031570,-0.996567
20.432451,0.025223,-0.031067,-0.996094
20.432462,0.024857,-0.030365,-0.995575
20.432473,0.024414,-0.029617,-0.995010
20.432483,0.023941,-0.028961,-0.994370
20.432493,0.023453,-0.028488,-0.993668
20.442365,0.022980,-0.028229,-0.992920
20.442429,0.022552,-0.028122,-0.992172
20.442443,0.022186,-0.028076,-0.991486
20.442454,0.021881,-0.027939,-0.990906
20.442465,0.021667,-0.027618,-0.990479
20.442475,0.021530,-0.027039,-0.990204
20.442484,0.021469,-0.026184,-0.990067
20.442494,0.021530,-0.025085,-0.990082
20.452353,0.021698,-0.023834,-0.990189
20.452537,0.021942,-0.022552,-0.990372
20.452556,0.022232,-0.021347,-0.990601
20.452569,0.022537,-0.020325,-0.990875
20.452580,0.022812,-0.019577,-0.991150
20.452590,0.023056,-0.019135,-0.991440
20.452611,0.023224,-0.019058,-0.991745
20.452637,0.023331,-0.019333,-0.992065
20.462338,0.023376,-0.019928,-0.992371
20.462458,0.023407,-0.020813,-0.992691
20.462485,0.023468,-0.021927,-0.992996
20.462496,0.023560,-0.023239,-0.993317
20.462509,0.023712,-0.024689,-0.993637
20.462520,0.023941,-0.026169,-0.994003
20.462529,0.024231,-0.027618,-0.994446
20.462539,0.024582,-0.028931,-0.995102
20.472345,0.024979,-0.029999,-0.996094
20.472407,0.025421,-0.030746,-0.997528
20.472423,0.025925,-0.031113,-0.999298
20.472435,0.026443,-0.031082,-1.001160
20.472446,0.026855,-0.030716,-1.002823
20.472493,0.026978,-0.030151,-1.003906
20.472519,0.026657,-0.029556,-1.004074
20.472532,0.025803,-0.029022,-1.003235
20.482369,0.024475,-0.028625,-1.001495
20.482438,0.022827,-0.028275,-0.999069
20.482452,0.021133,-0.027893,-0.996246
20.482464,0.019638,-0.027420,-0.993378
20.482474,0.018539,-0.026840,-0.990768
20.482484,0.017929,-0.026230,-0.988541
20.482502,0.017792,-0.025742,-0.986771
20.482512,0.018082,-0.025467,-0.985535
20.492283,0.018677,-0.025482,-0.984772
20.492345,0.019547,-0.025742,-0.984406
20.492359,0.020599,-0.026169,-0.984406
20.492371,0.021790,-0.026627,-0.984726
20.492382,0.023071,-0.027008,-0.985306
20.492392,0.024338,-0.027222,-0.986099
20.492401,0.025497,-0.027298,-0.987076
20.492411,0.026459,-0.027222,-0.988190
20.502332,0.027145,-0.027084,-0.989380
20.502421,0.027557,-0.026932,-0.990570
20.502436,0.027710,-0.026825,-0.991684
20.502448,0.027634,-0.026840,-0.992691
20.502458,0.027344,-0.027008,-0.993515
20.502468,0.026871,-0.027344,-0.994186
20.502500,0.026260,-0.027847,-0.994736
20.502511,0.025543,-0.028519,-0.995193
20.512283,0.024811,-0.029236,-0.995605
20.512346,0.024109,-0.029938,-0.996002
20.512360,0.023499,-0.030518,-0.996414
20.512372,0.023026,-0.030914,-0.996811
20.512382,0.022690,-0.031082,-0.997223
20.512392,0.022430,-0.031021,-0.997635
20.512402,0.022217,-0.030746,-0.998047
20.512412,0.022018,-0.030289,-0.998413
20.522267,0.021820,-0.029694,-0.998734
20.522339,0.021622,-0.028961,-0.999008
20.522354,0.021484,-0.028183,-0.999207
20.522367,0.021393,-0.027390,-0.999329
20.522379,0.021378,-0.026627,-0.999359
20.522391,0.021408,-0.026001,-0.999268
20.522401,0.021454,-0.025513,-0.999039
20.522412,0.021500,-0.025208,-0.998672
20.532314,0.021515,-0.025101,-0.998184
20.532381,0.021561,-0.025146,-0.997620
20.532395,0.021637,-0.025330,-0.997040
20.532407,0.021744,-0.025604,-0.996475
20.532418,0.021896,-0.025986,-0.995956
20.532429,0.022064,-0.026459,-0.995529
20.532473,0.022263,-0.026993,-0.995209
20.532487,0.022476,-0.027588,-0.994980
20.542222,0.022736,-0.028168,-0.994827
20.542279,0.023041,-0.028702,-0.994720
20.542293,0.023376,-0.029114,-0.994614
20.542304,0.023743,-0.029373,-0.994492
20.542315,0.024155,-0.029449,-0.994354
20.542324,0.024567,-0.029327,-0.994156
20.542334,0.024948,-0.029068,-0.993927
20.542344,0.025314,-0.028702,-0.993668
20.552268,0.025604,-0.028305,-0.993408
20.552351,0.025848,-0.027939,-0.993164
20.552368,0.026047,-0.027634,-0.992950
20.552380,0.026184,-0.027420,-0.992752
20.552393,0.026306,-0.027313,-0.992569
20.552406,0.026398,-0.027313,-0.992416
20.552416,0.026489,-0.027359,-0.992279
20.552426,0.026566,-0.027420,-0.992111
20.562249,0.026611,-0.027481,-0.991913
20.562326,0.026596,-0.027512,-0.991684
20.562340,0.026474,-0.027527,-0.991409
20.562352,0.026215,-0.027542,-0.991119
20.562362,0.025818,-0.027542,-0.990814
20.562372,0.025314,-0.027542,-0.990540
20.562381,0.024750,-0.027527,-0.990326
20.562391,0.024170,-0.027451,-0.990158
20.572213,0.023605,-0.027344,-0.990082
20.572287,0.023087,-0.027191,-0.990112
20.572302,0.022629,-0.026978,-0.990250
20.572314,0.022232,-0.026733,-0.990479
20.572325,0.021881,-0.026489,-0.990799
20.572335,0.021576,-0.026276,-0.991165
20.572345,0.021301,-0.026093,-0.991577
20.572355,0.021088,-0.025986,-0.992004
20.582223,0.020920,-0.025925,-0.992416
20.582281,0.020844,-0.025940,-0.992813
20.582295,0.020874,-0.026016,-0.993179
20.582306,0.021027,-0.026108,-0.993561
20.582316,0.021271,-0.026245,-0.993942
20.582326,0.021591,-0.026413,-0.994339
20.582352,0.021957,-0.026627,-0.994736
20.582362,0.022354,-0.026886,-0.995132
20.592285,0.022766,-0.027176,-0.995499
20.592346,0.023178,-0.027496,-0.995804
20.592362,0.023575,-0.027817,-0.996078
20.592373,0.023972,-0.028107,-0.996323
20.592383,0.024368,-0.028366,-0.996552
20.592393,0.024765,-0.028564,-0.996780
20.592404,0.025162,-0.028717,-0.997009
20.592414,0.025543,-0.028809,-0.997269
20.602281,0.025894,-0.028915,-0.997589
20.602323,0.026215,-0.029083,-0.998001
20.602337,0.026474,-0.029373,-0.998474
20.602348,0.026657,-0.029816,-0.998932
20.602358,0.026749,-0.030380,-0.999329
20.602368,0.026733,-0.030960,-0.999588
20.602440,0.026566,-0.031448,-0.999619
20.602457,0.026245,-0.031693,-0.999405
20.612193,0.025711,-0.031601,-0.998901
20.612255,0.024994,-0.031082,-0.998123
20.612269,0.024094,-0.030121,-0.997116
20.612280,0.023071,-0.028778,-0.995956
20.612291,0.021942,-0.027161,-0.994690
20.612300,0.020828,-0.025375,-0.993393
20.612310,0.019791,-0.023621,-0.992157
20.612320,0.018951,-0.022049,-0.991074
20.622222,0.018372,-0.020782,-0.990219
20.622272,0.018097,-0.019928,-0.989639
20.622287,0.018143,-0.019501,-0.989334
20.622299,0.018478,-0.019501,-0.989288
20.622309,0.019058,-0.019897,-0.989502
20.622319,0.019821,-0.020660,-0.989899
20.622328,0.020691,-0.021729,-0.990479
20.622338,0.021606,-0.023026,-0.991150
20.632182,0.022522,-0.024460,-0.991928
20.632235,0.023376,-0.025909,-0.992798
20.632248,0.024139,-0.027283,-0.993744
20.632259,0.024750,-0.028473,-0.994736
20.632269,0.025192,-0.029434,-0.995728
20.632279,0.025482,-0.030106,-0.996689
20.632288,0.025604,-0.030502,-0.997589
20.632297,0.025574,-0.030655,-0.998398
20.642198,0.025436,-0.030609,-0.999039
20.642253,0.025223,-0.030411,-0.999481
20.642267,0.024979,-0.030106,-0.999710
20.642278,0.024734,-0.029709,-0.999680
20.642288,0.024506,-0.029236,-0.999420
20.642298,0.024292,-0.028671,-0.998917
20.642308,0.024063,-0.028076,-0.998215
20.642317,0.023834,-0.027435,-0.997345
20.652153,0.023560,-0.026794,-0.996414
20.652202,0.023224,-0.026184,-0.995468
20.652217,0.022812,-0.025635,-0.994431
20.652228,0.022263,-0.025253,-0.992950
20.652239,0.021545,-0.025299,-0.990372
20.652249,0.020660,-0.026154,-0.985687
20.652259,0.019745,-0.028214,-0.978165
20.652268,0.018951,-0.031631,-0.967697
20.662572,0.018555,-0.036087,-0.955002
20.662694,0.018738,-0.040909,-0.941788
20.662724,0.019638,-0.045212,-0.930222
20.662753,0.021271,-0.048203,-0.922150
20.662848,0.023560,-0.049377,-0.918655
20.662892,0.026276,-0.048645,-0.919952
20.662919,0.029129,-0.046280,-0.925659
20.662945,0.031769,-0.042786,-0.934921
