t,x,y,z
0.006959,0.027145,-0.028015,-0.996750
0.007182,0.026138,-0.027954,-0.995728
0.007201,0.025009,-0.027786,-0.994629
0.007214,0.023849,-0.027527,-0.993576
0.007232,0.022766,-0.027206,-0.992599
0.007252,0.021790,-0.026855,-0.991760
0.007264,0.020966,-0.026489,-0.991104
0.016797,0.020325,-0.026108,-0.990646
0.016875,0.019882,-0.025772,-0.990402
0.016906,0.019653,-0.025497,-0.990356
0.016921,0.019592,-0.025330,-0.990494
0.016984,0.019669,-0.025299,-0.990768
0.017105,0.019836,-0.025421,-0.991165
0.017126,0.020065,-0.025681,-0.991653
0.017141,0.020309,-0.026093,-0.992233
0.026768,0.020569,-0.026627,-0.992844
0.026825,0.020828,-0.027222,-0.993469
0.026847,0.021088,-0.027847,-0.994080
0.026872,0.021362,-0.028473,-0.994675
0.026890,0.021698,-0.029007,-0.995224
0.026902,0.022049,-0.029434,-0.995712
0.026915,0.022446,-0.029678,-0.996078
0.026929,0.022858,-0.029739,-0.996323
0.036721,0.023239,-0.029602,-0.996414
0.036810,0.023560,-0.029282,-0.996353
0.036831,0.023819,-0.028778,-0.996140
0.036854,0.024017,-0.028152,-0.995804
0.036873,0.024139,-0.027451,-0.995392
0.036886,0.024216,-0.026764,-0.994949
0.036898,0.024246,-0.026108,-0.994507
0.036921,0.024231,-0.025528,-0.994125
0.046732,0.024170,-0.025070,-0.993790
0.046784,0.024048,-0.024719,-0.993515
0.046801,0.023880,-0.024490,-0.993332
0.046813,0.023666,-0.024384,-0.993195
0.046826,0.023438,-0.024384,-0.993118
0.046838,0.023178,-0.024506,-0.993073
0.046851,0.022919,-0.024704,-0.993057
0.046863,0.022659,-0.024994,-0.993057
0.056721,0.022430,-0.025360,-0.993088
0.056779,0.022232,-0.025772,-0.993134
0.056802,0.022064,-0.026260,-0.993225
0.056834,0.021896,-0.026764,-0.993347
0.056852,0.021713,-0.027283,-0.993484
0.056864,0.021545,-0.027740,-0.993607
0.056878,0.021408,-0.028137,-0.993729
0.056898,0.021362,-0.028412,-0.993881
0.066745,0.021408,-0.028564,-0.994095
0.066800,0.021469,-0.028625,-0.994308
0.066820,0.021469,-0.028656,-0.994354
0.066839,0.021286,-0.028732,-0.994125
0.066853,0.020889,-0.028870,-0.993515
0.066870,0.020248,-0.029068,-0.992554
0.066881,0.019470,-0.029266,-0.991348
0.066894,0.018723,-0.029297,-0.990128
0.076748,0.018173,-0.029007,-0.989136
0.076782,0.017944,-0.028290,-0.988602
0.076800,0.018112,-0.027176,-0.988663
0.076816,0.018661,-0.025772,-0.989349
0.076830,0.019470,-0.024292,-0.990570
0.076841,0.020447,-0.023026,-0.992142
0.076853,0.021454,-0.022156,-0.993881
0.076863,0.022430,-0.021851,-0.995560
0.086680,0.023361,-0.022186,-0.997025
0.086741,0.024246,-0.023117,-0.998169
0.086759,0.025101,-0.024521,-0.998932
0.086784,0.025864,-0.026260,-0.999374
0.086807,0.026535,-0.028122,-0.999512
0.086827,0.027039,-0.029907,-0.999451
0.086843,0.027344,-0.031418,-0.999207
0.086855,0.027390,-0.032562,-0.998795
0.096650,0.027145,-0.033249,-0.998230
0.096715,0.026581,-0.033463,-0.997498
0.096732,0.025696,-0.033218,-0.996613
0.096746,0.024521,-0.032608,-0.995544
0.096758,0.023132,-0.031708,-0.994324
0.096769,0.021667,-0.030594,-0.992996
0.096782,0.020218,-0.029358,-0.991608
0.096832,0.018921,-0.028061,-0.990265
0.106656,0.017853,-0.026779,-0.989014
0.106714,0.017120,-0.025558,-0.987976
0.106738,0.016724,-0.024490,-0.987213
0.106755,0.016693,-0.023621,-0.986755
0.106766,0.017014,-0.023010,-0.986679
0.106776,0.017624,-0.022690,-0.986954
0.106804,0.018494,-0.022675,-0.987610
0.106815,0.019562,-0.022949,-0.988556
0.116663,0.020767,-0.023483,-0.989761
0.116720,0.022064,-0.024231,-0.991150
0.116735,0.023346,-0.025131,-0.992615
0.116749,0.024551,-0.026123,-0.994034
0.116761,0.025604,-0.027161,-0.995346
0.116772,0.026443,-0.028168,-0.996445
0.116783,0.027039,-0.029114,-0.997299
0.116794,0.027390,-0.029922,-0.997864
0.126642,0.027496,-0.030548,-0.998154
0.126693,0.027344,-0.030914,-0.998184
0.126714,0.026978,-0.031067,-0.998001
0.126733,0.026382,-0.030991,-0.997604
0.126747,0.025635,-0.030746,-0.997055
0.126758,0.024734,-0.030380,-0.996353
0.126772,0.023743,-0.029953,-0.995544
0.126786,0.022705,-0.029510,-0.994644
0.136628,0.021667,-0.029083,-0.993729
0.136669,0.020676,-0.028687,-0.992813
0.136685,0.019775,-0.028320,-0.991989
0.136697,0.018997,-0.028000,-0.991287
0.136708,0.018387,-0.027710,-0.990753
0.136725,0.017944,-0.027435,-0.990433
0.136741,0.017670,-0.027176,-0.990341
0.136759,0.017563,-0.026901,-0.990479
0.146570,0.017593,-0.026627,-0.990845
0.146606,0.017761,-0.026382,-0.991394
0.146619,0.018066,-0.026154,-0.992081
0.146629,0.018524,-0.025955,-0.992859
0.146639,0.019104,-0.025803,-0.993713
0.146648,0.019852,-0.025696,-0.994614
0.146661,0.020737,-0.025635,-0.995499
0.146671,0.021729,-0.025620,-0.996338
0.156587,0.022797,-0.025681,-0.997055
0.156639,0.023849,-0.025833,-0.997604
0.156652,0.024826,-0.026031,-0.997910
0.156663,0.025665,-0.026276,-0.997910
0.156695,0.026276,-0.026535,-0.997528
0.156705,0.026611,-0.026764,-0.996796
0.156714,0.026672,-0.026932,-0.995743
0.156723,0.026459,-0.026993,-0.994461
0.166672,0.026047,-0.026886,-0.993118
0.166840,0.025467,-0.026611,-0.991837
0.166890,0.024841,-0.026215,-0.990784
0.166930,0.024231,-0.025726,-0.990067
0.166969,0.023697,-0.025253,-0.989731
0.167007,0.023270,-0.024872,-0.989807
0.167046,0.022980,-0.024658,-0.990234
0.167086,0.022827,-0.024689,-0.990967
0.176573,0.022766,-0.025024,-0.991898
0.176804,0.022781,-0.025635,-0.992950
0.176852,0.022827,-0.026474,-0.994019
0.176895,0.022873,-0.027420,-0.995026
0.176942,0.022873,-0.028351,-0.995895
0.176979,0.022797,-0.029129,-0.996582
0.177017,0.022614,-0.029694,-0.997101
0.177057,0.022308,-0.029984,-0.997406
0.186795,0.021927,-0.030014,-0.997513
0.186939,0.021484,-0.029800,-0.997437
0.186969,0.020996,-0.029373,-0.997192
0.187098,0.020523,-0.028809,-0.996826
0.187129,0.020096,-0.028152,-0.996368
0.187155,0.019791,-0.027451,-0.995834
0.187179,0.019623,-0.026749,-0.995270
0.187203,0.019608,-0.026062,-0.994736
0.196517,0.019760,-0.025436,-0.994263
0.196640,0.020081,-0.024872,-0.993896
0.196697,0.020554,-0.024384,-0.993652
0.196742,0.021133,-0.023956,-0.993561
0.196773,0.021774,-0.023621,-0.993591
0.196804,0.022415,-0.023376,-0.993729
0.196870,0.023010,-0.023178,-0.993942
0.196909,0.023529,-0.023041,-0.994202
0.206517,0.023926,-0.022919,-0.994461
0.206623,0.024200,-0.022842,-0.994690
0.206652,0.024368,-0.022812,-0.994858
0.206690,0.024399,-0.022903,-0.994965
0.206715,0.024323,-0.023132,-0.994965
0.206739,0.024139,-0.023514,-0.994858
0.206770,0.023880,-0.024002,-0.994644
0.206795,0.023544,-0.024597,-0.994308
0.216617,0.023178,-0.025223,-0.993896
0.216804,0.022827,-0.025833,-0.993439
0.216904,0.022522,-0.026367,-0.992981
0.216976,0.022278,-0.026779,-0.992538
0.217032,0.022141,-0.027069,-0.992157
0.217084,0.022095,-0.027252,-0.991852
0.217137,0.022141,-0.027390,-0.991669
0.217188,0.022263,-0.027512,-0.991592
0.226660,0.022446,-0.027649,-0.991653
0.226788,0.022659,-0.027802,-0.991806
0.226821,0.022888,-0.027954,-0.992050
0.226851,0.023102,-0.028076,-0.992355
0.226880,0.023285,-0.028152,-0.992722
0.226908,0.023407,-0.028168,-0.993088
0.226936,0.023453,-0.028152,-0.993454
0.226963,0.023453,-0.028091,-0.993774
0.236535,0.023376,-0.028000,-0.994049
0.236674,0.023254,-0.027863,-0.994278
0.236703,0.023102,-0.027695,-0.994446
0.236748,0.022888,-0.027451,-0.994537
0.236773,0.022675,-0.027130,-0.994583
0.236802,0.022461,-0.026733,-0.994568
0.236830,0.022278,-0.026245,-0.994553
0.236854,0.022141,-0.025696,-0.994522
0.246483,0.022064,-0.025085,-0.994507
0.246578,0.022034,-0.024414,-0.994507
0.246608,0.022018,-0.023712,-0.994537
0.246636,0.022003,-0.023026,-0.994583
0.246672,0.021973,-0.022400,-0.994644
0.246696,0.021927,-0.021896,-0.994751
0.246722,0.021866,-0.021576,-0.994904
0.246747,0.021774,-0.021469,-0.995102
0.256469,0.021683,-0.021591,-0.995331
0.256655,0.021606,-0.021942,-0.995529
0.256695,0.021515,-0.022491,-0.995651
0.256727,0.021393,-0.023209,-0.995621
0.256757,0.021210,-0.024033,-0.995392
0.256899,0.020981,-0.024887,-0.994965
0.256952,0.020691,-0.025726,-0.994370
0.257007,0.020401,-0.026520,-0.993652
0.266505,0.020126,-0.027222,-0.992935
0.266641,0.019943,-0.027832,-0.992294
0.266670,0.019882,-0.028366,-0.991806
0.266715,0.019974,-0.028809,-0.991531
0.266740,0.020233,-0.029221,-0.991486
0.266764,0.020660,-0.029602,-0.991653
0.266788,0.021225,-0.029984,-0.991989
0.267788,0.021896,-0.030350,-0.992416
0.278458,0.022629,-0.030701,-0.992874
0.278676,0.023361,-0.031021,-0.993332
0.278710,0.024094,-0.031281,-0.993729
0.278736,0.024811,-0.031494,-0.994049
0.278760,0.025497,-0.031631,-0.994263
0.278784,0.026154,-0.031738,-0.994370
0.278808,0.026764,-0.031784,-0.994400
0.278831,0.027267,-0.031784,-0.994370
0.286426,0.027634,-0.031738,-0.994278
0.286523,0.027832,-0.031693,-0.994141
0.286554,0.027832,-0.031647,-0.993958
0.286598,0.027634,-0.031616,-0.993698
0.286627,0.027267,-0.031616,-0.993393
0.286652,0.026810,-0.031631,-0.993042
0.286676,0.026291,-0.031601,-0.992691
0.286707,0.025772,-0.031525,-0.992325
0.296399,0.025269,-0.031342,-0.991989
0.296530,0.024796,-0.031052,-0.991684
0.296571,0.024323,-0.030655,-0.991409
0.296599,0.023865,-0.030136,-0.991180
0.296624,0.023392,-0.029572,-0.990982
0.296674,0.022934,-0.028946,-0.990860
0.296699,0.022507,-0.028305,-0.990784
0.296726,0.022110,-0.027649,-0.990768
0.306522,0.021774,-0.026962,-0.990829
0.306630,0.021530,-0.026260,-0.990952
0.306668,0.021362,-0.025528,-0.991180
0.306692,0.021301,-0.024811,-0.991516
0.306724,0.021317,-0.024155,-0.991943
0.306750,0.021393,-0.023605,-0.992447
0.306774,0.021515,-0.023224,-0.992981
0.306799,0.021652,-0.023026,-0.993530
0.316472,0.021805,-0.023026,-0.994034
0.316513,0.021927,-0.023178,-0.994492
0.316527,0.021973,-0.023468,-0.994843
0.316538,0.021896,-0.023834,-0.995071
0.316549,0.021698,-0.024231,-0.995148
0.316559,0.021362,-0.024582,-0.995041
0.316568,0.020950,-0.024857,-0.994797
0.316578,0.020523,-0.025009,-0.994461
0.326718,0.020142,-0.025055,-0.994125
0.326830,0.019867,-0.024979,-0.993851
0.327172,0.019730,-0.024841,-0.993729
0.327220,0.019760,-0.024658,-0.993790
0.327250,0.019943,-0.024460,-0.994019
0.327279,0.020264,-0.024292,-0.994339
0.327333,0.020721,-0.024185,-0.994705
0.327361,0.021271,-0.024185,-0.994995
0.336534,0.021866,-0.024292,-0.995163
0.336672,0.022491,-0.024567,-0.995209
0.336732,0.023102,-0.024994,-0.995163
0.336770,0.023697,-0.025620,-0.995087
0.336804,0.024261,-0.026398,-0.995026
0.336839,0.024780,-0.027313,-0.995010
0.336868,0.025223,-0.028305,-0.995087
0.336897,0.025558,-0.029343,-0.995209
0.346340,0.025757,-0.030365,-0.995346
0.346454,0.025818,-0.031311,-0.995453
0.346484,0.025787,-0.032181,-0.995499
0.346517,0.025665,-0.032928,-0.995453
0.346543,0.025497,-0.033569,-0.995300
0.346567,0.025375,-0.034058,-0.995071
0.346591,0.025299,-0.034363,-0.994812
0.346624,0.025299,-0.034454,-0.994553
0.356352,0.025360,-0.034286,-0.994324
0.356463,0.025482,-0.033844,-0.994141
0.356507,0.025589,-0.033142,-0.993988
0.356546,0.025650,-0.032181,-0.993881
0.356585,0.025635,-0.031021,-0.993790
0.356622,0.025543,-0.029724,-0.993759
0.356660,0.025406,-0.028381,-0.993774
0.356708,0.025238,-0.027084,-0.993866
0.366357,0.025085,-0.025940,-0.994003
0.366489,0.024933,-0.025024,-0.994171
0.366534,0.024796,-0.024368,-0.994354
0.366575,0.024643,-0.023972,-0.994522
0.366613,0.024445,-0.023819,-0.994659
0.366659,0.024170,-0.023895,-0.994720
0.366699,0.023819,-0.024155,-0.994690
0.366738,0.023392,-0.024567,-0.994583
0.376484,0.022919,-0.025101,-0.994415
0.376612,0.022415,-0.025742,-0.994217
0.376656,0.021942,-0.026443,-0.994049
0.376695,0.021530,-0.027176,-0.993942
0.376732,0.021225,-0.027908,-0.993927
0.376769,0.021027,-0.028595,-0.994003
0.376805,0.020935,-0.029190,-0.994141
0.376841,0.020950,-0.029633,-0.994339
0.386334,0.021057,-0.029892,-0.994553
0.386548,0.021225,-0.029968,-0.994766
0.386581,0.021439,-0.029877,-0.994995
0.386621,0.021713,-0.029633,-0.995224
0.386649,0.022018,-0.029282,-0.995453
0.386673,0.022369,-0.028854,-0.995651
0.386697,0.022751,-0.028397,-0.995834
0.386721,0.023132,-0.027954,-0.995956
0.396295,0.023499,-0.027573,-0.996002
0.396393,0.023819,-0.027252,-0.995956
0.396422,0.024033,-0.027039,-0.995789
0.396447,0.024139,-0.026886,-0.995499
0.396472,0.024155,-0.026779,-0.995087
0.396499,0.024048,-0.026718,-0.994629
0.396524,0.023880,-0.026657,-0.994156
0.396548,0.023682,-0.026627,-0.993713
0.406329,0.023514,-0.026596,-0.993332
0.406448,0.023376,-0.026596,-0.993042
0.406485,0.023300,-0.026627,-0.992828
0.406516,0.023254,-0.026688,-0.992676
0.406546,0.023224,-0.026779,-0.992554
0.406612,0.023178,-0.026886,-0.992416
0.406650,0.023056,-0.026962,-0.992249
0.406681,0.022858,-0.027008,-0.992111
0.416305,0.022614,-0.026978,-0.992004
0.416417,0.022354,-0.026886,-0.991959
0.416459,0.022125,-0.026749,-0.992035
0.416493,0.022018,-0.026550,-0.992233
0.416523,0.022034,-0.026306,-0.992554
0.416561,0.022217,-0.026031,-0.992935
0.416598,0.022507,-0.025772,-0.993362
0.416627,0.022903,-0.025589,-0.993744
0.426354,0.023331,-0.025528,-0.994034
0.426504,0.023727,-0.025650,-0.994202
0.426550,0.024033,-0.025986,-0.994217
0.426588,0.024231,-0.026505,-0.994064
0.426627,0.024307,-0.027161,-0.993790
0.426669,0.024323,-0.027863,-0.993439
0.426707,0.024307,-0.028519,-0.993057
0.426743,0.024292,-0.029037,-0.992706
0.437570,0.024323,-0.029327,-0.992416
0.437680,0.024353,-0.029373,-0.992203
0.437708,0.024414,-0.029160,-0.992065
0.437734,0.024445,-0.028763,-0.992035
0.437760,0.024429,-0.028259,-0.992111
0.437792,0.024353,-0.027756,-0.992249
0.437822,0.024200,-0.027298,-0.992447
0.437850,0.023987,-0.027008,-0.992676
0.446278,0.023743,-0.026932,-0.992889
0.446389,0.023483,-0.027069,-0.993073
0.446457,0.023254,-0.027374,-0.993225
0.446508,0.023041,-0.027786,-0.993362
0.446572,0.022873,-0.028183,-0.993500
0.446642,0.022736,-0.028458,-0.993652
0.446702,0.022568,-0.028564,-0.993790
0.446756,0.022385,-0.028442,-0.993927
0.456219,0.022141,-0.028168,-0.994003
0.456310,0.021881,-0.027786,-0.994019
0.456338,0.021622,-0.027390,-0.993942
0.456363,0.021423,-0.027039,-0.993820
0.456387,0.021332,-0.026810,-0.993668
0.456418,0.021347,-0.026703,-0.993530
0.456444,0.021454,-0.026688,-0.993423
0.456468,0.021637,-0.026688,-0.993332
0.466255,0.021866,-0.026642,-0.993256
0.466320,0.022095,-0.026535,-0.993179
0.466385,0.022324,-0.026367,-0.993088
0.466438,0.022537,-0.026154,-0.992996
0.466488,0.022720,-0.025955,-0.992874
0.466625,0.022858,-0.025818,-0.992752
0.466658,0.022903,-0.025787,-0.992645
0.467000,0.022858,-0.025909,-0.992569
0.476262,0.022690,-0.026169,-0.992538
0.476401,0.022415,-0.026535,-0.992599
0.476471,0.022095,-0.026962,-0.992767
0.476524,0.021759,-0.027359,-0.993042
0.476563,0.021439,-0.027695,-0.993423
0.476603,0.021179,-0.027939,-0.993835
0.476639,0.020981,-0.028061,-0.994247
0.476675,0.020859,-0.028107,-0.994644
0.486517,0.020813,-0.028061,-0.994980
0.486652,0.020798,-0.027954,-0.995224
0.486699,0.020828,-0.027786,-0.995346
0.486741,0.020889,-0.027542,-0.995361
0.486780,0.021027,-0.027267,-0.995300
0.486954,0.021225,-0.026978,-0.995193
0.486997,0.021469,-0.026672,-0.995026
0.487030,0.021759,-0.026398,-0.994843
0.496176,0.022079,-0.026169,-0.994629
0.496284,0.022385,-0.025955,-0.994431
0.496313,0.022690,-0.025772,-0.994263
0.496343,0.022980,-0.025620,-0.994156
0.496376,0.023300,-0.025543,-0.994110
0.496402,0.023636,-0.025528,-0.994156
0.496426,0.024002,-0.025574,-0.994293
0.496452,0.024384,-0.025650,-0.994507
0.506230,0.024704,-0.025772,-0.994781
0.506393,0.024948,-0.025879,-0.995087
0.506713,0.025070,-0.025940,-0.995407
0.506781,0.025101,-0.025909,-0.995667
0.506836,0.025040,-0.025757,-0.995804
0.506898,0.024933,-0.025482,-0.995804
0.506950,0.024887,-0.025116,-0.995697
0.507015,0.024948,-0.024719,-0.995544
0.516254,0.025177,-0.024338,-0.995377
0.516381,0.025558,-0.024017,-0.995224
0.516417,0.025986,-0.023819,-0.995117
0.516449,0.026367,-0.023804,-0.995056
0.516480,0.026566,-0.023987,-0.995041
0.516645,0.026535,-0.024399,-0.995026
0.516667,0.026230,-0.025040,-0.994949
0.516679,0.025635,-0.025848,-0.994720
0.528667,0.024796,-0.026749,-0.994324
0.528803,0.023788,-0.027649,-0.993759
0.528833,0.022690,-0.028473,-0.993057
0.528860,0.021606,-0.029160,-0.992279
0.528890,0.020599,-0.029694,-0.991547
0.528916,0.019714,-0.030060,-0.990952
0.528941,0.018982,-0.030304,-0.990524
0.528964,0.018433,-0.030426,-0.990295
0.536166,0.018082,-0.030441,-0.990280
0.536274,0.017929,-0.030334,-0.990433
0.536310,0.017944,-0.030121,-0.990723
0.536350,0.018112,-0.029785,-0.991104
0.536382,0.018341,-0.029312,-0.991531
0.536414,0.018616,-0.028763,-0.991959
0.536444,0.018875,-0.028152,-0.992371
0.536475,0.019119,-0.027466,-0.992722
0.546161,0.019318,-0.026733,-0.993057
0.546259,0.019501,-0.025986,-0.993378
0.546288,0.019638,-0.025253,-0.993683
0.546322,0.019745,-0.024597,-0.993973
0.546349,0.019852,-0.024063,-0.994217
0.546374,0.019928,-0.023682,-0.994431
0.546407,0.019989,-0.023499,-0.994614
0.546433,0.020050,-0.023529,-0.994766
0.556267,0.020157,-0.023788,-0.994904
0.556370,0.020325,-0.024231,-0.995041
0.556401,0.020569,-0.024826,-0.995178
0.556429,0.020920,-0.025558,-0.995331
0.556456,0.021362,-0.026367,-0.995483
0.556482,0.021851,-0.027206,-0.995605
0.556508,0.022385,-0.028015,-0.995682
0.556531,0.022903,-0.028732,-0.995712
0.566269,0.023422,-0.029327,-0.995728
0.566394,0.023941,-0.029739,-0.995758
0.566424,0.024475,-0.029922,-0.995834
0.566450,0.024994,-0.029861,-0.996002
0.566484,0.025482,-0.029633,-0.996246
0.566509,0.025894,-0.029297,-0.996490
0.566535,0.026184,-0.028992,-0.996674
0.566563,0.026337,-0.028854,-0.996735
0.577852,0.026367,-0.028961,-0.996628
0.577968,0.026260,-0.029388,-0.996353
0.577999,0.026047,-0.030106,-0.995941
0.578027,0.025711,-0.031036,-0.995392
0.578052,0.025269,-0.032089,-0.994736
0.578077,0.024750,-0.033173,-0.994019
0.578101,0.024155,-0.034286,-0.993225
0.578125,0.023560,-0.035385,-0.992432
0.586160,0.023026,-0.036423,-0.991699
0.586434,0.022598,-0.037277,-0.991104
0.586507,0.022308,-0.037735,-0.990738
0.586549,0.022156,-0.037613,-0.990677
0.586586,0.022125,-0.036758,-0.990936
0.586634,0.022171,-0.035095,-0.991486
0.586671,0.022232,-0.032669,-0.992264
0.586717,0.022232,-0.029587,-0.993149
0.597995,0.022171,-0.026093,-0.994034
0.598107,0.022049,-0.022446,-0.994812
0.598144,0.021851,-0.018921,-0.995392
0.598174,0.021561,-0.015793,-0.995712
0.598202,0.021179,-0.013260,-0.995712
0.598231,0.020660,-0.011429,-0.995407
0.598269,0.020004,-0.010330,-0.994858
0.598300,0.019180,-0.009903,-0.994171
0.606110,0.018234,-0.010056,-0.993454
0.606168,0.017212,-0.010773,-0.992813
0.606182,0.016220,-0.011978,-0.992325
0.606193,0.015366,-0.013641,-0.992050
0.606203,0.014755,-0.015717,-0.992035
0.606212,0.014496,-0.018112,-0.992249
0.606223,0.014572,-0.020767,-0.992645
0.606236,0.014969,-0.023560,-0.993164
0.616170,0.015656,-0.026352,-0.993729
0.616267,0.016541,-0.028992,-0.994308
0.616284,0.017578,-0.031311,-0.994888
0.616295,0.018707,-0.033173,-0.995483
0.616306,0.019852,-0.034546,-0.996094
0.616315,0.020996,-0.035431,-0.996735
0.616325,0.022079,-0.035873,-0.997375
0.616334,0.023102,-0.035950,-0.997955
0.626116,0.024048,-0.035767,-0.998428
0.626169,0.024887,-0.035400,-0.998749
0.626184,0.025635,-0.034927,-0.998856
0.626196,0.026230,-0.034378,-0.998764
0.626206,0.026657,-0.033813,-0.998398
0.626217,0.026901,-0.033234,-0.997772
0.626227,0.026947,-0.032639,-0.996887
0.626236,0.026810,-0.032043,-0.995789
0.636154,0.026489,-0.031509,-0.994522
0.636198,0.026047,-0.031052,-0.993179
0.636211,0.025513,-0.030762,-0.991806
0.636221,0.024963,-0.030716,-0.990494
0.636231,0.024506,-0.031036,-0.989288
0.636241,0.024185,-0.031799,-0.988297
0.636250,0.024048,-0.032959,-0.987579
0.636259,0.024139,-0.034302,-0.987244
0.646137,0.024414,-0.035583,-0.987320
0.646188,0.024826,-0.036499,-0.987839
0.646202,0.025299,-0.036774,-0.988770
0.646212,0.025757,-0.036255,-0.990021
0.646223,0.026093,-0.034897,-0.991486
0.646232,0.026276,-0.032791,-0.993011
0.646241,0.026230,-0.030136,-0.994446
0.646251,0.025955,-0.027237,-0.995651
0.656060,0.025467,-0.024414,-0.996521
0.656112,0.024796,-0.022064,-0.996994
0.656124,0.024017,-0.020477,-0.997009
0.656134,0.023193,-0.019806,-0.996582
0.656143,0.022354,-0.020004,-0.995789
0.656152,0.021530,-0.020874,-0.994751
0.656161,0.020737,-0.022141,-0.993622
0.656170,0.020004,-0.023453,-0.992630
0.666010,0.019348,-0.024582,-0.991882
0.666050,0.018829,-0.025299,-0.991455
0.666063,0.018478,-0.025543,-0.991394
0.666073,0.018311,-0.025314,-0.991653
0.666082,0.018311,-0.024765,-0.992142
0.666092,0.018433,-0.024048,-0.992783
0.666101,0.018570,-0.023331,-0.993439
0.666111,0.018677,-0.022720,-0.994049
0.676065,0.018723,-0.022232,-0.994522
0.676119,0.018738,-0.021866,-0.994873
0.676132,0.018768,-0.021545,-0.995117
0.676144,0.018845,-0.021240,-0.995316
0.676168,0.019012,-0.020935,-0.995560
0.676179,0.019302,-0.020691,-0.995880
0.676189,0.019730,-0.020569,-0.996277
0.676198,0.020233,-0.020660,-0.996704
0.685999,0.020752,-0.021042,-0.997131
0.686046,0.021225,-0.021774,-0.997482
0.686058,0.021606,-0.022858,-0.997650
0.686068,0.021866,-0.024261,-0.997620
0.686078,0.022003,-0.025940,-0.997360
0.686088,0.022018,-0.027740,-0.996918
0.686097,0.021973,-0.029541,-0.996368
0.686107,0.021927,-0.031158,-0.995789
0.696021,0.021927,-0.032471,-0.995270
0.696073,0.021988,-0.033371,-0.994873
0.696090,0.022156,-0.033859,-0.994598
0.696101,0.022430,-0.034042,-0.994476
0.696112,0.022827,-0.034119,-0.994446
0.696122,0.023376,-0.034332,-0.994461
0.696132,0.024109,-0.034897,-0.994522
0.696142,0.024994,-0.035858,-0.994629
0.706014,0.026016,-0.037125,-0.994781
0.706070,0.027084,-0.038452,-0.994995
0.706086,0.028107,-0.039581,-0.995316
0.706097,0.028976,-0.040283,-0.995682
0.706107,0.029617,-0.040482,-0.996048
0.706117,0.029999,-0.040207,-0.996353
0.706126,0.030136,-0.039520,-0.996567
0.706135,0.030014,-0.038498,-0.996643
0.715986,0.029678,-0.037231,-0.996597
0.716013,0.029144,-0.035751,-0.996414
0.716027,0.028412,-0.034180,-0.996078
0.716037,0.027527,-0.032593,-0.995621
0.716046,0.026520,-0.031052,-0.995056
0.716055,0.025497,-0.029526,-0.994446
0.716064,0.024521,-0.028015,-0.993866
0.716074,0.023651,-0.026443,-0.993378
0.725971,0.022903,-0.024857,-0.992996
0.726013,0.022263,-0.023315,-0.992767
0.726026,0.021713,-0.021851,-0.992661
0.726037,0.021210,-0.020493,-0.992615
0.726047,0.020721,-0.019241,-0.992630
0.726057,0.020172,-0.018021,-0.992676
0.726066,0.019547,-0.016800,-0.992767
0.726076,0.018829,-0.015564,-0.992844
0.735965,0.018005,-0.014297,-0.992905
0.735994,0.017105,-0.013077,-0.992905
0.736007,0.016159,-0.011963,-0.992813
0.736017,0.015198,-0.011002,-0.992630
0.736027,0.014267,-0.010300,-0.992401
0.736036,0.013428,-0.009903,-0.992142
0.736046,0.012726,-0.009872,-0.991928
0.736055,0.012207,-0.010300,-0.991776
0.745936,0.011917,-0.011185,-0.991699
0.745975,0.011902,-0.012512,-0.991730
0.745989,0.012192,-0.014206,-0.991867
0.746000,0.012833,-0.016190,-0.992126
0.746010,0.013794,-0.018372,-0.992554
0.746019,0.015076,-0.020691,-0.993134
0.746029,0.016586,-0.023041,-0.993851
0.746038,0.018250,-0.025330,-0.994675
0.756000,0.019943,-0.027451,-0.995590
0.756078,0.021606,-0.029327,-0.996567
0.756094,0.023102,-0.030838,-0.997574
0.756107,0.024384,-0.031952,-0.998535
0.756121,0.025375,-0.032623,-0.999359
0.756134,0.026077,-0.032852,-1.000000
0.756148,0.026505,-0.032684,-1.000351
0.756163,0.026657,-0.032181,-1.000397
0.765922,0.026627,-0.031387,-1.000122
0.765983,0.026428,-0.030396,-0.999573
0.765996,0.026138,-0.029251,-0.998749
0.766006,0.025742,-0.028030,-0.997726
0.766016,0.025284,-0.026779,-0.996567
0.766026,0.024750,-0.025574,-0.995361
0.766035,0.024185,-0.024460,-0.994141
0.766044,0.023590,-0.023468,-0.992966
0.775959,0.022995,-0.022629,-0.991913
0.776019,0.022415,-0.022003,-0.990997
0.776032,0.021866,-0.021576,-0.990234
0.776044,0.021347,-0.021393,-0.989639
0.776055,0.020905,-0.021439,-0.989212
0.776064,0.020554,-0.021713,-0.988983
0.776074,0.020294,-0.022186,-0.988937
0.776084,0.020157,-0.022812,-0.989075
0.785916,0.020126,-0.023575,-0.989349
0.785948,0.020218,-0.024399,-0.989761
0.785962,0.020416,-0.025238,-0.990265
0.785974,0.020752,-0.026062,-0.990860
0.785987,0.021164,-0.026810,-0.991547
0.785998,0.021637,-0.027466,-0.992310
0.786010,0.022125,-0.027985,-0.993103
0.786021,0.022552,-0.028366,-0.993866
0.795928,0.022903,-0.028595,-0.994583
0.795968,0.023178,-0.028702,-0.995193
0.795980,0.023346,-0.028687,-0.995667
0.795991,0.023438,-0.028610,-0.996002
0.796003,0.023407,-0.028503,-0.996155
0.796013,0.023285,-0.028412,-0.996155
0.796022,0.023056,-0.028351,-0.996002
0.796032,0.022766,-0.028305,-0.995712
0.805976,0.022461,-0.028290,-0.995331
0.806015,0.022156,-0.028275,-0.994934
0.806028,0.021912,-0.028229,-0.994537
0.806039,0.021713,-0.028122,-0.994217
0.806049,0.021606,-0.027939,-0.994003
0.806058,0.021576,-0.027649,-0.993912
0.806068,0.021622,-0.027298,-0.993942
0.806077,0.021698,-0.026901,-0.994080
0.815927,0.021820,-0.026505,-0.994308
0.815966,0.021957,-0.026138,-0.994583
0.815979,0.022095,-0.025848,-0.994888
0.815990,0.022217,-0.025650,-0.995178
0.816000,0.022308,-0.025574,-0.995422
0.816009,0.022385,-0.025620,-0.995575
0.816019,0.022400,-0.025772,-0.995636
0.816028,0.022400,-0.026001,-0.995621
0.825943,0.022354,-0.026306,-0.995499
0.825973,0.022293,-0.026657,-0.995316
0.825988,0.022232,-0.027023,-0.995056
0.826000,0.022141,-0.027390,-0.994736
0.826010,0.022049,-0.027740,-0.994400
0.826019,0.021957,-0.028061,-0.994019
0.826029,0.021881,-0.028320,-0.993622
0.826038,0.021820,-0.028519,-0.993210
0.835865,0.021759,-0.028610,-0.992813
0.835902,0.021729,-0.028610,-0.992432
0.835917,0.021713,-0.028473,-0.992111
0.835929,0.021729,-0.028244,-0.991852
0.835939,0.021774,-0.027939,-0.991684
0.835948,0.021851,-0.027573,-0.991623
0.835957,0.021973,-0.027191,-0.991653
0.835966,0.022125,-0.026825,-0.991760
0.845870,0.022324,-0.026459,-0.991959
0.846012,0.022552,-0.026123,-0.992233
0.846067,0.022827,-0.025818,-0.992554
0.846099,0.023102,-0.025528,-0.992905
0.846126,0.023361,-0.025253,-0.993256
0.846154,0.023529,-0.024994,-0.993561
0.846177,0.023621,-0.024765,-0.993805
0.846200,0.023621,-0.024551,-0.993958
0.855802,0.023499,-0.024429,-0.994034
0.855904,0.023285,-0.024384,-0.994019
0.855932,0.023010,-0.024445,-0.993958
0.855963,0.022690,-0.024628,-0.993851
0.855988,0.022369,-0.024948,-0.993744
0.856012,0.022049,-0.025345,-0.993668
0.856038,0.021759,-0.025803,-0.993652
0.856061,0.021515,-0.026291,-0.993713
0.865846,0.021301,-0.026764,-0.993835
0.865990,0.021149,-0.027206,-0.994034
0.866029,0.021042,-0.027588,-0.994247
0.866067,0.021011,-0.027893,-0.994476
0.866098,0.021042,-0.028107,-0.994705
0.866128,0.021149,-0.028229,-0.994919
0.866158,0.021332,-0.028244,-0.995132
0.866186,0.021576,-0.028137,-0.995316
0.875904,0.021881,-0.027924,-0.995499
0.876415,0.022232,-0.027618,-0.995636
0.876473,0.022614,-0.027237,-0.995697
0.876514,0.022980,-0.026825,-0.995667
0.876566,0.023300,-0.026428,-0.995560
0.876606,0.023560,-0.026062,-0.995392
0.876643,0.023743,-0.025757,-0.995209
0.876680,0.023880,-0.025497,-0.995026
0.885914,0.023987,-0.025314,-0.994873
0.886107,0.024078,-0.025192,-0.994751
0.886469,0.024124,-0.025131,-0.994675
0.886508,0.024124,-0.025146,-0.994614
0.886533,0.024033,-0.025208,-0.994537
0.886558,0.023849,-0.025314,-0.994415
0.886583,0.023590,-0.025482,-0.994217
0.886608,0.023270,-0.025711,-0.993927
0.895786,0.022949,-0.026001,-0.993530
0.895886,0.022629,-0.026337,-0.993088
0.895923,0.022385,-0.026657,-0.992630
0.896019,0.022217,-0.026962,-0.992249
0.896050,0.022110,-0.027206,-0.991959
0.896091,0.022064,-0.027359,-0.991791
0.896121,0.022064,-0.027435,-0.991745
0.896150,0.022079,-0.027451,-0.991821
0.905778,0.022141,-0.027420,-0.992004
0.905943,0.022247,-0.027344,-0.992249
0.905985,0.022415,-0.027252,-0.992554
0.906015,0.022629,-0.027130,-0.992874
0.906045,0.022873,-0.026993,-0.993225
0.906084,0.023117,-0.026871,-0.993546
0.906114,0.023331,-0.026764,-0.993835
0.906145,0.023499,-0.026688,-0.994019
0.915784,0.023590,-0.026642,-0.994080
0.915888,0.023560,-0.026642,-0.994003
0.915925,0.023438,-0.026703,-0.993805
0.915957,0.023224,-0.026840,-0.993515
0.915987,0.022919,-0.027054,-0.993179
0.916018,0.022583,-0.027328,-0.992874
0.916048,0.022263,-0.027634,-0.992661
0.916079,0.022018,-0.027924,-0.992554
0.926143,0.021896,-0.028183,-0.992599
0.926290,0.021896,-0.028381,-0.992783
0.926327,0.021988,-0.028503,-0.993073
0.926357,0.022156,-0.028549,-0.993423
0.926386,0.022339,-0.028503,-0.993835
0.926416,0.022522,-0.028351,-0.994247
0.926446,0.022675,-0.028152,-0.994629
0.926475,0.022827,-0.027939,-0.994980
0.936278,0.022964,-0.027710,-0.995270
0.936402,0.023087,-0.027481,-0.995514
0.936433,0.023209,-0.027267,-0.995682
0.936458,0.023331,-0.027069,-0.995804
0.936585,0.023438,-0.026871,-0.995850
0.936624,0.023514,-0.026672,-0.995834
0.936696,0.023529,-0.026489,-0.995773
0.936737,0.023453,-0.026321,-0.995651
0.945743,0.023270,-0.026199,-0.995499
0.945836,0.023010,-0.026154,-0.995331
0.945864,0.022675,-0.026169,-0.995132
0.945890,0.022308,-0.026276,-0.994919
0.945943,0.021912,-0.026428,-0.994659
0.945969,0.021530,-0.026657,-0.994400
0.945992,0.021179,-0.026917,-0.994125
0.946032,0.020905,-0.027222,-0.993820
0.955749,0.020737,-0.027557,-0.993515
0.955811,0.020691,-0.027924,-0.993240
0.955825,0.020767,-0.028320,-0.993011
0.955836,0.020920,-0.028702,-0.992859
0.955846,0.021133,-0.029022,-0.992767
0.955856,0.021378,-0.029236,-0.992798
0.955867,0.021667,-0.029312,-0.992935
0.955877,0.021957,-0.029221,-0.993164
0.965752,0.022263,-0.028976,-0.993469
0.965816,0.022537,-0.028580,-0.993774
0.965831,0.022766,-0.028061,-0.994080
0.965842,0.022949,-0.027435,-0.994339
0.965856,0.023041,-0.026794,-0.994522
0.965869,0.023071,-0.026169,-0.994614
0.965878,0.022995,-0.025635,-0.994629
0.965888,0.022827,-0.025208,-0.994598
0.975729,0.022583,-0.024887,-0.994507
0.975775,0.022278,-0.024689,-0.994415
0.975787,0.021942,-0.024597,-0.994324
0.975797,0.021622,-0.024612,-0.994232
0.975807,0.021332,-0.024719,-0.994125
0.975817,0.021133,-0.024918,-0.994019
0.975826,0.021027,-0.025208,-0.993942
0.975835,0.021027,-0.025574,-0.993927
0.985694,0.021103,-0.026016,-0.994003
0.985728,0.021286,-0.026489,-0.994141
0.985740,0.021530,-0.026962,-0.994339
0.985750,0.021805,-0.027405,-0.994568
0.985760,0.022095,-0.027756,-0.994781
0.985769,0.022354,-0.027985,-0.994949
0.985778,0.022583,-0.028076,-0.995026
0.985787,0.022751,-0.028015,-0.995041
0.995723,0.022842,-0.027847,-0.994980
0.995781,0.022873,-0.027634,-0.994888
0.995796,0.022842,-0.027451,-0.994797
0.995808,0.022751,-0.027328,-0.994736
0.995819,0.022598,-0.027252,-0.994675
0.995830,0.022415,-0.027252,-0.994629
0.995839,0.022232,-0.027283,-0.994614
0.995849,0.022064,-0.027344,-0.994598
1.005700,0.021957,-0.027374,-0.994583
1.005775,0.021896,-0.027390,-0.994568
1.005788,0.021896,-0.027390,-0.994522
1.005799,0.021896,-0.027390,-0.994446
1.005809,0.021912,-0.027374,-0.994339
1.005818,0.021942,-0.027374,-0.994232
1.005828,0.021988,-0.027344,-0.994141
1.005837,0.022064,-0.027313,-0.994064
1.015682,0.022217,-0.027237,-0.994034
1.015732,0.022415,-0.027115,-0.994034
1.015745,0.022659,-0.026947,-0.994049
1.015756,0.022903,-0.026733,-0.994064
1.015766,0.023132,-0.026474,-0.994080
1.015777,0.023300,-0.026199,-0.994125
1.015786,0.023376,-0.025909,-0.994186
1.015796,0.023392,-0.025665,-0.994232
1.025667,0.023331,-0.025497,-0.994278
1.025719,0.023270,-0.025406,-0.994308
1.025733,0.023209,-0.025421,-0.994324
1.025745,0.023178,-0.025497,-0.994278
1.025754,0.023148,-0.025650,-0.994202
1.025764,0.023132,-0.025864,-0.994034
1.025773,0.023102,-0.026093,-0.993820
1.025782,0.023041,-0.026352,-0.993561
1.035646,0.022964,-0.026611,-0.993286
1.035686,0.022903,-0.026886,-0.993011
1.035698,0.022873,-0.027145,-0.992798
1.035709,0.022888,-0.027374,-0.992676
1.035719,0.022964,-0.027588,-0.992645
1.035728,0.023132,-0.027740,-0.992767
1.035738,0.023361,-0.027817,-0.992981
1.035747,0.023651,-0.027817,-0.993301
1.045645,0.023941,-0.027725,-0.993668
1.045674,0.024170,-0.027542,-0.994019
1.045685,0.024307,-0.027298,-0.994308
1.045695,0.024292,-0.027023,-0.994522
1.045705,0.024139,-0.026749,-0.994629
1.045715,0.023834,-0.026505,-0.994659
1.045724,0.023422,-0.026306,-0.994598
1.045733,0.022919,-0.026169,-0.994492
1.055695,0.022369,-0.026093,-0.994324
1.055728,0.021835,-0.026047,-0.994125
1.055740,0.021347,-0.026077,-0.993896
1.055749,0.020935,-0.026184,-0.993668
1.055759,0.020630,-0.026382,-0.993454
1.055770,0.020432,-0.026672,-0.993240
1.055780,0.020370,-0.027023,-0.993057
1.055790,0.020462,-0.027405,-0.992935
1.065666,0.020706,-0.027756,-0.992889
1.065709,0.021072,-0.028046,-0.992966
1.065723,0.021576,-0.028214,-0.993179
1.065733,0.022141,-0.028259,-0.993484
1.065744,0.022720,-0.028183,-0.993851
1.065755,0.023285,-0.027985,-0.994202
1.065765,0.023773,-0.027710,-0.994476
1.065775,0.024139,-0.027405,-0.994629
1.075708,0.024384,-0.027115,-0.994629
1.075738,0.024475,-0.026825,-0.994476
1.075750,0.024399,-0.026550,-0.994232
1.075761,0.024200,-0.026306,-0.993942
1.075771,0.023880,-0.026123,-0.993622
1.075781,0.023468,-0.025986,-0.993301
1.075790,0.022995,-0.025909,-0.992996
1.075836,0.022476,-0.025909,-0.992737
1.085603,0.021957,-0.026031,-0.992493
1.085637,0.021484,-0.026260,-0.992279
1.085650,0.021072,-0.026611,-0.992096
1.085660,0.020737,-0.027023,-0.991943
1.085669,0.020523,-0.027481,-0.991821
1.085678,0.020432,-0.027924,-0.991791
1.085688,0.020477,-0.028290,-0.991837
1.085697,0.020645,-0.028549,-0.991989
1.095612,0.020935,-0.028625,-0.992249
1.095668,0.021301,-0.028549,-0.992599
1.095681,0.021713,-0.028336,-0.992996
1.095692,0.022125,-0.028000,-0.993423
1.095703,0.022522,-0.027588,-0.993851
1.095713,0.022873,-0.027115,-0.994232
1.095723,0.023178,-0.026642,-0.994583
1.095733,0.023392,-0.026184,-0.994873
1.105572,0.023529,-0.025772,-0.995071
1.105617,0.023560,-0.025406,-0.995148
1.105628,0.023483,-0.025101,-0.995087
1.105638,0.023300,-0.024887,-0.994888
1.105648,0.023041,-0.024765,-0.994537
1.105658,0.022705,-0.024765,-0.994080
1.105667,0.022339,-0.024872,-0.993576
1.105677,0.021973,-0.025085,-0.993057
1.115552,0.021622,-0.025360,-0.992584
1.115598,0.021317,-0.025696,-0.992203
1.115609,0.021103,-0.026047,-0.991959
1.115619,0.021011,-0.026367,-0.991867
1.115628,0.021042,-0.026642,-0.991913
1.115640,0.021194,-0.026825,-0.992096
1.115650,0.021469,-0.026932,-0.992386
1.115660,0.021820,-0.026978,-0.992752
1.125549,0.022217,-0.026993,-0.993164
1.125592,0.022644,-0.026962,-0.993607
1.125605,0.023071,-0.026886,-0.994064
1.125616,0.023438,-0.026794,-0.994537
1.125627,0.023727,-0.026672,-0.994995
1.125637,0.023926,-0.026505,-0.995407
1.125646,0.024002,-0.026306,-0.995743
1.125655,0.023972,-0.026047,-0.995956
1.135566,0.023834,-0.025742,-0.996017
1.135596,0.023621,-0.025421,-0.995926
1.135608,0.023361,-0.025146,-0.995697
1.135619,0.023041,-0.024948,-0.995377
1.135629,0.022705,-0.024872,-0.995010
1.135638,0.022354,-0.024887,-0.994644
1.135648,0.022003,-0.024979,-0.994308
1.135657,0.021637,-0.025131,-0.994003
1.145531,0.021301,-0.025314,-0.993744
1.145562,0.020996,-0.025513,-0.993515
1.145573,0.020721,-0.025742,-0.993347
1.145583,0.020554,-0.025970,-0.993225
1.145593,0.020477,-0.026230,-0.993149
1.145602,0.020523,-0.026505,-0.993103
1.145611,0.020706,-0.026764,-0.993088
1.145620,0.020981,-0.026978,-0.993134
1.155528,0.021393,-0.027115,-0.993240
1.155567,0.021881,-0.027145,-0.993439
1.155580,0.022446,-0.027039,-0.993729
1.155591,0.023010,-0.026810,-0.994080
1.155601,0.023575,-0.026489,-0.994492
1.155612,0.024078,-0.026123,-0.994919
1.155621,0.024475,-0.025757,-0.995300
1.155632,0.024734,-0.025467,-0.995605
1.165504,0.024826,-0.025253,-0.995834
1.165528,0.024780,-0.025177,-0.995926
1.165538,0.024597,-0.025253,-0.995850
1.165551,0.024277,-0.025452,-0.995605
1.165561,0.023895,-0.025726,-0.995209
1.165571,0.023468,-0.026047,-0.994705
1.165580,0.023056,-0.026398,-0.994186
1.165589,0.022675,-0.026733,-0.993713
1.175522,0.022354,-0.027054,-0.993332
1.175556,0.022095,-0.027359,-0.993073
1.175568,0.021942,-0.027618,-0.992950
1.175578,0.021881,-0.027817,-0.992950
1.175588,0.021912,-0.027954,-0.993057
1.175597,0.022018,-0.027985,-0.993256
1.175606,0.022202,-0.027924,-0.993500
1.175615,0.022446,-0.027771,-0.993774
1.185489,0.022751,-0.027527,-0.994049
1.186000,0.023071,-0.027237,-0.994308
1.186068,0.023392,-0.026901,-0.994522
1.186116,0.023666,-0.026596,-0.994659
1.186152,0.023865,-0.026321,-0.994690
1.186184,0.024002,-0.026123,-0.994614
1.186212,0.024017,-0.026001,-0.994461
1.186241,0.023941,-0.025940,-0.994247
1.195858,0.023743,-0.025940,-0.994019
1.196045,0.023483,-0.025955,-0.993790
1.196082,0.023148,-0.026016,-0.993591
1.196130,0.022797,-0.026123,-0.993408
1.196161,0.022461,-0.026276,-0.993286
1.196189,0.022156,-0.026489,-0.993210
1.196218,0.021896,-0.026733,-0.993179
1.196247,0.021744,-0.027008,-0.993225
1.205509,0.021667,-0.027298,-0.993362
1.205596,0.021698,-0.027573,-0.993561
1.205623,0.021835,-0.027786,-0.993790
1.205648,0.022079,-0.027908,-0.994064
1.205672,0.022415,-0.027908,-0.994339
1.205695,0.022812,-0.027817,-0.994583
1.205718,0.023254,-0.027618,-0.994812
1.205742,0.023697,-0.027359,-0.995010
1.215511,0.024094,-0.027069,-0.995163
1.215613,0.024414,-0.026779,-0.995255
1.215643,0.024612,-0.026535,-0.995270
1.215705,0.024689,-0.026352,-0.995239
1.215731,0.024628,-0.026260,-0.995132
1.215755,0.024460,-0.026230,-0.994965
1.215779,0.024200,-0.026260,-0.994736
1.215803,0.023911,-0.026352,-0.994476
1.225484,0.023590,-0.026489,-0.994171
1.225600,0.023285,-0.026642,-0.993835
1.225634,0.022995,-0.026779,-0.993484
1.225664,0.022751,-0.026932,-0.993134
1.225693,0.022537,-0.027054,-0.992813
1.225722,0.022385,-0.027161,-0.992569
1.225750,0.022308,-0.027252,-0.992401
1.225779,0.022324,-0.027298,-0.992325
1.235493,0.022415,-0.027298,-0.992340
1.235639,0.022598,-0.027222,-0.992447
1.235684,0.022858,-0.027069,-0.992661
1.235724,0.023163,-0.026871,-0.992920
1.235762,0.023483,-0.026657,-0.993240
1.235798,0.023773,-0.026459,-0.993561
1.235835,0.024002,-0.026306,-0.993866
1.235871,0.024170,-0.026230,-0.994141
1.245443,0.024261,-0.026199,-0.994339
1.245592,0.024261,-0.026230,-0.994507
1.245689,0.024185,-0.026291,-0.994598
1.245722,0.024033,-0.026352,-0.994629
1.245754,0.023819,-0.026443,-0.994568
1.245782,0.023560,-0.026520,-0.994446
1.245822,0.023270,-0.026627,-0.994232
1.245850,0.022980,-0.026733,-0.993958
1.255430,0.022690,-0.026901,-0.993652
1.255570,0.022415,-0.027100,-0.993332
1.255629,0.022186,-0.027344,-0.993057
1.255673,0.022018,-0.027573,-0.992844
1.255802,0.021957,-0.027802,-0.992722
1.255835,0.021973,-0.027954,-0.992722
1.255866,0.022064,-0.028030,-0.992828
1.255897,0.022186,-0.028015,-0.993011
1.265466,0.022324,-0.027908,-0.993256
1.265648,0.022446,-0.027710,-0.993515
1.265716,0.022552,-0.027481,-0.993774
1.265768,0.022629,-0.027237,-0.993988
1.265781,0.022675,-0.027023,-0.994156
1.265792,0.022705,-0.026886,-0.994247
1.265802,0.022720,-0.026794,-0.994293
1.265813,0.022736,-0.026764,-0.994308
1.275361,0.022736,-0.026764,-0.994278
1.275413,0.022720,-0.026825,-0.994217
1.275427,0.022675,-0.026901,-0.994156
1.275438,0.022614,-0.027008,-0.994080
1.275448,0.022522,-0.027100,-0.993988
1.275458,0.022430,-0.027191,-0.993896
1.275467,0.022324,-0.027252,-0.993805
1.275477,0.022217,-0.027298,-0.993744
1.285410,0.022125,-0.027298,-0.993698
1.285547,0.022064,-0.027237,-0.993652
1.285583,0.022034,-0.027130,-0.993637
1.285610,0.022049,-0.026978,-0.993622
1.285647,0.022095,-0.026825,-0.993591
1.285672,0.022171,-0.026672,-0.993546
1.285697,0.022278,-0.026566,-0.993515
1.285722,0.022385,-0.026505,-0.993469
1.296998,0.022522,-0.026505,-0.993439
1.297161,0.022644,-0.026581,-0.993423
1.297236,0.022751,-0.026703,-0.993439
1.297334,0.022842,-0.026855,-0.993469
1.297391,0.022919,-0.026993,-0.993546
1.297456,0.023010,-0.027084,-0.993652
1.297489,0.023071,-0.027130,-0.993774
1.297522,0.023087,-0.027130,-0.993881
1.305387,0.023056,-0.027100,-0.993973
1.305484,0.022964,-0.027023,-0.994034
1.305514,0.022827,-0.026932,-0.994064
1.305540,0.022659,-0.026840,-0.994049
1.305565,0.022491,-0.026749,-0.994003
1.305589,0.022324,-0.026657,-0.993896
1.305613,0.022171,-0.026566,-0.993744
1.305639,0.022018,-0.026489,-0.993561
1.315725,0.021896,-0.026398,-0.993393
1.315851,0.021805,-0.026306,-0.993225
1.315883,0.021744,-0.026230,-0.993057
1.315913,0.021713,-0.026154,-0.992935
1.315953,0.021713,-0.026123,-0.992813
1.315981,0.021759,-0.026154,-0.992752
1.316009,0.021790,-0.026260,-0.992737
1.316049,0.021835,-0.026413,-0.992798
1.325431,0.021881,-0.026611,-0.992935
1.325494,0.021912,-0.026840,-0.993164
1.325509,0.021942,-0.027100,-0.993439
1.325521,0.021988,-0.027359,-0.993729
1.325533,0.022049,-0.027618,-0.994003
1.325544,0.022156,-0.027878,-0.994217
1.325555,0.022324,-0.028137,-0.994385
1.325565,0.022507,-0.028320,-0.994461
1.335358,0.022705,-0.028427,-0.994507
1.335842,0.022903,-0.028442,-0.994522
1.335885,0.023102,-0.028351,-0.994537
1.335912,0.023285,-0.028152,-0.994553
1.335940,0.023468,-0.027878,-0.994568
1.335964,0.023590,-0.027573,-0.994583
1.335989,0.023636,-0.027252,-0.994598
1.336012,0.023605,-0.026962,-0.994614
1.345423,0.023514,-0.026733,-0.994614
1.345577,0.023376,-0.026550,-0.994583
1.345611,0.023209,-0.026428,-0.994553
1.345637,0.023056,-0.026367,-0.994507
1.345663,0.022964,-0.026382,-0.994476
1.345688,0.022919,-0.026428,-0.994431
1.345713,0.022934,-0.026520,-0.994415
1.345766,0.022964,-0.026627,-0.994385
1.355509,0.023010,-0.026749,-0.994370
1.355601,0.023056,-0.026886,-0.994370
1.355631,0.023102,-0.027023,-0.994339
1.355657,0.023148,-0.027161,-0.994324
1.355680,0.023209,-0.027298,-0.994324
1.355713,0.023300,-0.027435,-0.994354
1.355738,0.023407,-0.027557,-0.994415
1.355763,0.023514,-0.027664,-0.994476
1.365364,0.023575,-0.027740,-0.994537
1.365503,0.023590,-0.027786,-0.994629
1.365545,0.023529,-0.027802,-0.994690
1.365578,0.023392,-0.027817,-0.994720
1.365613,0.023178,-0.027817,-0.994705
1.365645,0.022919,-0.027817,-0.994614
1.365682,0.022644,-0.027817,-0.994446
1.365735,0.022415,-0.027817,-0.994232
1.375309,0.022232,-0.027786,-0.993988
1.375429,0.022095,-0.027710,-0.993744
1.375472,0.021988,-0.027603,-0.993530
1.375511,0.021896,-0.027435,-0.993378
1.375549,0.021835,-0.027252,-0.993256
1.375586,0.021774,-0.027069,-0.993164
1.375623,0.021713,-0.026917,-0.993118
1.375822,0.021652,-0.026810,-0.993103
1.385295,0.021622,-0.026764,-0.993103
1.385402,0.021622,-0.026733,-0.993134
1.385431,0.021667,-0.026733,-0.993179
1.385456,0.021759,-0.026749,-0.993271
1.385490,0.021881,-0.026733,-0.993347
1.385870,0.022064,-0.026688,-0.993408
1.385904,0.022263,-0.026611,-0.993408
1.385930,0.022461,-0.026535,-0.993393
1.395730,0.022659,-0.026443,-0.993347
1.395862,0.022842,-0.026398,-0.993301
1.395906,0.023010,-0.026398,-0.993286
1.396161,0.023163,-0.026443,-0.993332
1.396212,0.023270,-0.026550,-0.993423
1.396253,0.023361,-0.026718,-0.993591
1.396293,0.023422,-0.026901,-0.993805
1.396329,0.023438,-0.027100,-0.994049
1.405277,0.023438,-0.027283,-0.994293
1.405374,0.023392,-0.027466,-0.994522
1.405411,0.023315,-0.027618,-0.994720
1.405444,0.023193,-0.027756,-0.994888
1.405473,0.023041,-0.027908,-0.994995
1.405501,0.022888,-0.028061,-0.995056
1.405530,0.022720,-0.028198,-0.995026
1.405570,0.022552,-0.028275,-0.994949
1.415306,0.022385,-0.028244,-0.994812
1.415427,0.022217,-0.028061,-0.994675
1.415464,0.022018,-0.027710,-0.994522
1.415501,0.021835,-0.027206,-0.994354
1.415531,0.021637,-0.026627,-0.994186
1.415571,0.021454,-0.026001,-0.994019
1.415605,0.021301,-0.025391,-0.993881
1.415635,0.021210,-0.024872,-0.993774
1.425246,0.021179,-0.024460,-0.993729
1.425362,0.021240,-0.024155,-0.993713
1.425401,0.021362,-0.023956,-0.993698
1.425437,0.021561,-0.023834,-0.993683
1.425480,0.021790,-0.023819,-0.993668
1.425513,0.022034,-0.023880,-0.993668
1.425542,0.022232,-0.024078,-0.993652
1.425576,0.022354,-0.024414,-0.993652
1.435267,0.022430,-0.024887,-0.993683
1.435393,0.022430,-0.025467,-0.993759
1.435440,0.022430,-0.026123,-0.993866
1.435477,0.022430,-0.026779,-0.994019
1.435527,0.022476,-0.027405,-0.994186
1.435564,0.022598,-0.027939,-0.994354
1.435785,0.022720,-0.028381,-0.994522
1.435832,0.022858,-0.028717,-0.994690
1.445373,0.022964,-0.028946,-0.994858
1.446038,0.023026,-0.029053,-0.995010
1.446087,0.023056,-0.029022,-0.995178
1.446253,0.023026,-0.028900,-0.995316
1.446293,0.022980,-0.028656,-0.995422
1.446324,0.022903,-0.028336,-0.995468
1.446365,0.022858,-0.027939,-0.995468
1.446405,0.022842,-0.027512,-0.995377
1.455275,0.022858,-0.027054,-0.995239
1.455396,0.022903,-0.026642,-0.995056
1.455442,0.022934,-0.026276,-0.994858
1.455484,0.022949,-0.025986,-0.994644
1.455525,0.022934,-0.025787,-0.994431
1.455566,0.022858,-0.025681,-0.994217
1.455603,0.022751,-0.025681,-0.994003
1.455648,0.022614,-0.025757,-0.993790
1.465242,0.022461,-0.025894,-0.993607
1.465374,0.022324,-0.026093,-0.993423
1.465420,0.022232,-0.026291,-0.993256
1.465462,0.022171,-0.026505,-0.993149
1.465504,0.022171,-0.026733,-0.993103
1.465543,0.022247,-0.026993,-0.993118
1.465582,0.022354,-0.027267,-0.993210
1.465618,0.022491,-0.027557,-0.993332
1.475244,0.022659,-0.027832,-0.993500
1.475360,0.022812,-0.028076,-0.993668
1.475404,0.022949,-0.028275,-0.993866
1.475442,0.023087,-0.028427,-0.994064
1.475479,0.023193,-0.028519,-0.994263
1.475521,0.023285,-0.028549,-0.994476
1.475564,0.023331,-0.028503,-0.994675
1.475606,0.023331,-0.028397,-0.994812
1.485228,0.023254,-0.028229,-0.994888
1.485342,0.023117,-0.028000,-0.994904
1.485388,0.022919,-0.027695,-0.994812
1.485462,0.022675,-0.027344,-0.994659
1.485511,0.022400,-0.026932,-0.994446
1.485560,0.022125,-0.026474,-0.994171
1.485601,0.021851,-0.026001,-0.993866
1.485638,0.021606,-0.025543,-0.993546
1.495199,0.021378,-0.025116,-0.993256
1.495410,0.021194,-0.024765,-0.992996
1.495444,0.021057,-0.024521,-0.992783
1.495476,0.020966,-0.024414,-0.992615
1.495505,0.020950,-0.024414,-0.992493
1.495529,0.021011,-0.024551,-0.992462
1.495553,0.021118,-0.024780,-0.992493
1.495582,0.021286,-0.025101,-0.992630
1.505184,0.021469,-0.025467,-0.992844
1.505342,0.021652,-0.025833,-0.993118
1.505382,0.021866,-0.026169,-0.993439
1.505425,0.022079,-0.026474,-0.993744
1.505575,0.022278,-0.026779,-0.994034
1.505623,0.022461,-0.027084,-0.994263
1.505663,0.022644,-0.027420,-0.994415
1.505695,0.022797,-0.027756,-0.994492
1.515191,0.022934,-0.028076,-0.994507
1.515316,0.023071,-0.028320,-0.994492
1.515360,0.023193,-0.028473,-0.994476
1.515395,0.023285,-0.028473,-0.994476
1.515423,0.023361,-0.028336,-0.994492
1.515453,0.023407,-0.028061,-0.994522
1.515483,0.023438,-0.027664,-0.994553
1.515514,0.023422,-0.027191,-0.994568
1.525160,0.023346,-0.026688,-0.994598
1.525272,0.023224,-0.026215,-0.994614
1.525355,0.023041,-0.025787,-0.994659
1.525383,0.022812,-0.025467,-0.994720
1.525409,0.022568,-0.025238,-0.994812
1.525433,0.022339,-0.025101,-0.994904
1.525457,0.022125,-0.025055,-0.994965
1.525480,0.021927,-0.025070,-0.994995
1.535146,0.021759,-0.025146,-0.994965
1.535266,0.021606,-0.025284,-0.994919
1.535296,0.021469,-0.025452,-0.994843
1.535323,0.021362,-0.025665,-0.994751
1.535371,0.021301,-0.025894,-0.994659
1.535447,0.021271,-0.026138,-0.994598
1.535477,0.021286,-0.026398,-0.994568
1.535504,0.021317,-0.026657,-0.994598
1.545148,0.021378,-0.026871,-0.994659
1.545274,0.021454,-0.027069,-0.994781
1.545310,0.021484,-0.027237,-0.994919
1.545473,0.021500,-0.027374,-0.995087
1.545515,0.021469,-0.027466,-0.995239
1.545547,0.021423,-0.027542,-0.995361
1.545605,0.021408,-0.027588,-0.995438
1.545637,0.021439,-0.027603,-0.995453
1.555102,0.021561,-0.027588,-0.995407
1.555230,0.021744,-0.027512,-0.995270
1.555265,0.022018,-0.027359,-0.995071
1.555294,0.022324,-0.027161,-0.994812
1.555324,0.022659,-0.026917,-0.994568
1.555363,0.022964,-0.026688,-0.994370
1.555393,0.023239,-0.026459,-0.994263
1.555423,0.023438,-0.026260,-0.994263
1.565459,0.023544,-0.026138,-0.994339
1.565603,0.023560,-0.026077,-0.994476
1.565658,0.023468,-0.026093,-0.994614
1.565745,0.023300,-0.026154,-0.994736
1.565958,0.023071,-0.026276,-0.994812
1.565993,0.022842,-0.026398,-0.994827
1.566026,0.022629,-0.026505,-0.994797
1.566056,0.022461,-0.026581,-0.994690
1.575345,0.022339,-0.026627,-0.994537
1.575472,0.022247,-0.026642,-0.994370
1.575508,0.022186,-0.026657,-0.994232
1.575541,0.022125,-0.026688,-0.994125
1.575571,0.022064,-0.026718,-0.994034
1.575602,0.022003,-0.026718,-0.993973
1.575630,0.021927,-0.026718,-0.993927
1.575659,0.021866,-0.026703,-0.993896
1.585094,0.021851,-0.026703,-0.993866
1.585231,0.021881,-0.026718,-0.993820
1.585284,0.021957,-0.026764,-0.993744
1.585324,0.022095,-0.026810,-0.993637
1.585364,0.022278,-0.026871,-0.993530
1.585400,0.022491,-0.026947,-0.993408
1.585449,0.022720,-0.027023,-0.993317
1.585486,0.022934,-0.027100,-0.993286
1.595109,0.023117,-0.027176,-0.993301
1.595251,0.023270,-0.027237,-0.993332
1.595282,0.023392,-0.027283,-0.993378
1.595307,0.023499,-0.027283,-0.993393
1.595331,0.023575,-0.027267,-0.993423
1.595363,0.023605,-0.027237,-0.993454
1.595393,0.023575,-0.027206,-0.993500
1.595417,0.023499,-0.027161,-0.993576
1.605140,0.023392,-0.027100,-0.993652
1.605192,0.023254,-0.027039,-0.993759
1.605205,0.023102,-0.026947,-0.993912
1.605217,0.022949,-0.026855,-0.994095
1.605227,0.022797,-0.026779,-0.994278
1.605237,0.022659,-0.026718,-0.994415
1.605246,0.022522,-0.026657,-0.994461
1.605256,0.022400,-0.026627,-0.994431
1.615056,0.022263,-0.026627,-0.994308
1.615149,0.022156,-0.026672,-0.994141
1.615178,0.022095,-0.026733,-0.993927
1.615211,0.022079,-0.026840,-0.993713
1.615237,0.022125,-0.026962,-0.993576
1.615262,0.022202,-0.027069,-0.993515
1.615288,0.022308,-0.027161,-0.993561
1.615350,0.022400,-0.027206,-0.993713
1.625043,0.022446,-0.027191,-0.993973
1.625221,0.022400,-0.027115,-0.994308
1.626011,0.022293,-0.027008,-0.994644
1.626097,0.022125,-0.026901,-0.994949
1.626141,0.021912,-0.026810,-0.995178
1.626283,0.021713,-0.026733,-0.995285
1.626325,0.021576,-0.026703,-0.995316
1.626363,0.021530,-0.026688,-0.995239
1.635023,0.021576,-0.026703,-0.995087
1.635308,0.021729,-0.026703,-0.994888
1.635433,0.021957,-0.026688,-0.994675
1.635469,0.022217,-0.026688,-0.994446
1.635501,0.022476,-0.026703,-0.994247
1.635531,0.022705,-0.026749,-0.994095
1.635560,0.022888,-0.026855,-0.994019
1.635598,0.023010,-0.026993,-0.993973
1.645258,0.023071,-0.027145,-0.993988
1.645393,0.023087,-0.027313,-0.994019
1.645422,0.023056,-0.027466,-0.994064
1.645459,0.022995,-0.027573,-0.994080
1.645604,0.022934,-0.027664,-0.994080
1.645654,0.022888,-0.027740,-0.994019
1.645689,0.022873,-0.027817,-0.993942
1.645736,0.022903,-0.027939,-0.993835
1.655315,0.022995,-0.028107,-0.993729
1.655441,0.023117,-0.028305,-0.993637
1.655487,0.023285,-0.028503,-0.993591
1.655514,0.023453,-0.028671,-0.993622
1.655538,0.023605,-0.028778,-0.993729
1.655562,0.023727,-0.028793,-0.993896
1.655594,0.023788,-0.028671,-0.994095
1.655620,0.023773,-0.028458,-0.994308
1.665017,0.023697,-0.028168,-0.994492
1.665129,0.023575,-0.027817,-0.994614
1.665157,0.023422,-0.027435,-0.994644
1.665182,0.023285,-0.027069,-0.994614
1.665215,0.023163,-0.026749,-0.994507
1.665242,0.023056,-0.026489,-0.994339
1.665267,0.022964,-0.026291,-0.994156
1.665290,0.022873,-0.026184,-0.993973
1.675005,0.022797,-0.026154,-0.993790
1.675103,0.022705,-0.026154,-0.993652
1.675134,0.022614,-0.026184,-0.993530
1.675161,0.022507,-0.026245,-0.993454
1.675187,0.022400,-0.026321,-0.993439
1.675222,0.022324,-0.026398,-0.993469
1.675248,0.022263,-0.026428,-0.993546
1.675274,0.022232,-0.026413,-0.993652
1.685006,0.022186,-0.026337,-0.993774
1.685131,0.022141,-0.026215,-0.993881
1.685168,0.022064,-0.026077,-0.993942
1.685201,0.021957,-0.025925,-0.993973
1.685232,0.021805,-0.025803,-0.993988
1.685264,0.021652,-0.025742,-0.993973
1.685295,0.021515,-0.025757,-0.993958
1.685325,0.021408,-0.025864,-0.993942
1.695122,0.021362,-0.026077,-0.993927
1.695241,0.021378,-0.026367,-0.993881
1.695279,0.021454,-0.026672,-0.993835
1.695305,0.021591,-0.026917,-0.993774
1.695337,0.021774,-0.027084,-0.993698
1.695365,0.021973,-0.027161,-0.993622
1.695391,0.022186,-0.027161,-0.993546
1.695416,0.022400,-0.027100,-0.993500
1.705153,0.022583,-0.027008,-0.993484
1.705261,0.022720,-0.026901,-0.993530
1.705293,0.022827,-0.026810,-0.993622
1.705321,0.022873,-0.026733,-0.993729
1.705347,0.022842,-0.026672,-0.993805
1.705372,0.022751,-0.026627,-0.993835
1.705398,0.022583,-0.026627,-0.993820
1.705424,0.022385,-0.026657,-0.993774
1.715019,0.022171,-0.026688,-0.993668
1.715171,0.021988,-0.026733,-0.993546
1.715233,0.021835,-0.026764,-0.993439
1.715286,0.021729,-0.026810,-0.993378
1.715339,0.021622,-0.026855,-0.993362
1.715393,0.021561,-0.026917,-0.993423
1.715443,0.021545,-0.026962,-0.993500
1.715495,0.021576,-0.026978,-0.993607
1.725014,0.021683,-0.026932,-0.993683
1.725140,0.021835,-0.026840,-0.993759
1.725185,0.022049,-0.026718,-0.993790
1.725240,0.022308,-0.026566,-0.993820
1.725286,0.022568,-0.026398,-0.993851
1.725324,0.022812,-0.026245,-0.993912
1.725361,0.023010,-0.026108,-0.993988
1.725399,0.023163,-0.026001,-0.994110
1.735020,0.023239,-0.025925,-0.994278
1.735137,0.023254,-0.025879,-0.994476
1.735168,0.023224,-0.025848,-0.994675
1.735197,0.023148,-0.025833,-0.994873
1.735223,0.023010,-0.025833,-0.995056
1.735249,0.022827,-0.025879,-0.995178
1.735275,0.022598,-0.025955,-0.995255
1.735302,0.022339,-0.026077,-0.995270
1.745085,0.022095,-0.026276,-0.995270
1.745321,0.021881,-0.026520,-0.995209
1.745358,0.021698,-0.026810,-0.995102
1.745384,0.021576,-0.027115,-0.994965
1.745423,0.021530,-0.027405,-0.994781
1.745449,0.021545,-0.027649,-0.994568
1.745476,0.021606,-0.027802,-0.994370
1.745507,0.021713,-0.027832,-0.994202
1.755096,0.021835,-0.027771,-0.994110
1.755249,0.021988,-0.027649,-0.994080
1.755278,0.022156,-0.027496,-0.994141
1.755330,0.022339,-0.027313,-0.994263
1.755358,0.022552,-0.027130,-0.994461
1.755385,0.022781,-0.026932,-0.994659
1.755490,0.022980,-0.026718,-0.994858
1.755518,0.023148,-0.026535,-0.995026
1.765475,0.023270,-0.026382,-0.995132
1.765558,0.023331,-0.026260,-0.995163
1.765573,0.023315,-0.026215,-0.995087
1.765587,0.023239,-0.026260,-0.994919
1.765599,0.023071,-0.026382,-0.994675
1.765609,0.022842,-0.026550,-0.994400
1.765620,0.022568,-0.026749,-0.994110
1.765631,0.022293,-0.026917,-0.993866
1.774881,0.022003,-0.027008,-0.993668
1.774961,0.021759,-0.026993,-0.993530
1.774976,0.021545,-0.026871,-0.993423
1.774988,0.021423,-0.026688,-0.993362
1.774998,0.021393,-0.026505,-0.993301
1.775008,0.021439,-0.026337,-0.993240
1.775017,0.021530,-0.026260,-0.993179
1.775026,0.021667,-0.026245,-0.993118
1.784958,0.021835,-0.026306,-0.993042
1.785186,0.022034,-0.026443,-0.992966
1.785227,0.022263,-0.026627,-0.992874
1.785259,0.022491,-0.026810,-0.992783
1.785298,0.022705,-0.026978,-0.992676
1.785329,0.022858,-0.027130,-0.992599
1.785358,0.022919,-0.027252,-0.992523
1.785388,0.022903,-0.027374,-0.992508
1.795321,0.022842,-0.027466,-0.992508
1.795452,0.022766,-0.027527,-0.992569
1.795482,0.022720,-0.027573,-0.992630
1.795509,0.022720,-0.027588,-0.992737
1.795534,0.022766,-0.027573,-0.992844
1.795558,0.022888,-0.027496,-0.992981
1.795590,0.023026,-0.027390,-0.993134
1.795617,0.023193,-0.027237,-0.993317
1.804881,0.023346,-0.027069,-0.993546
1.804990,0.023468,-0.026917,-0.993820
1.805018,0.023529,-0.026794,-0.994110
1.805045,0.023560,-0.026733,-0.994431
1.805084,0.023529,-0.026703,-0.994751
1.805116,0.023468,-0.026672,-0.995071
1.805145,0.023376,-0.026657,-0.995331
1.805176,0.023239,-0.026627,-0.995544
1.815027,0.023056,-0.026596,-0.995667
1.815150,0.022858,-0.026535,-0.995667
1.815184,0.022629,-0.026489,-0.995575
1.815216,0.022400,-0.026443,-0.995392
1.815306,0.022186,-0.026443,-0.995148
1.815354,0.022018,-0.026459,-0.994904
1.815383,0.021881,-0.026489,-0.994675
1.815413,0.021805,-0.026535,-0.994461
1.825054,0.021790,-0.026611,-0.994308
1.825162,0.021835,-0.026718,-0.994202
1.825196,0.021927,-0.026855,-0.994095
1.825228,0.022034,-0.027008,-0.993973
1.825259,0.022156,-0.027191,-0.993851
1.825290,0.022278,-0.027390,-0.993713
1.825320,0.022385,-0.027573,-0.993576
1.825349,0.022446,-0.027725,-0.993408
1.834847,0.022476,-0.027832,-0.993225
1.834954,0.022491,-0.027893,-0.993027
1.835019,0.022476,-0.027878,-0.992813
1.835045,0.022461,-0.027817,-0.992630
1.835069,0.022446,-0.027679,-0.992493
1.835102,0.022446,-0.027481,-0.992401
1.835135,0.022461,-0.027237,-0.992386
1.835160,0.022476,-0.026962,-0.992416
1.845161,0.022476,-0.026703,-0.992493
1.845302,0.022385,-0.026489,-0.992599
1.845333,0.022125,-0.026306,-0.992828
1.845361,0.021667,-0.026108,-0.993805
1.845386,0.021240,-0.025635,-0.997330
1.845410,0.021469,-0.024445,-1.005829
1.845435,0.023087,-0.022110,-1.019943
1.845468,0.026550,-0.018692,-1.037033
1.855007,0.031570,-0.015121,-1.052658
1.855125,0.037155,-0.013168,-1.062744
1.855164,0.041748,-0.014786,-1.064117
1.855193,0.043777,-0.021362,-1.054855
1.855223,0.041931,-0.033218,-1.035110
1.855253,0.035736,-0.049423,-1.007217
1.855280,0.025772,-0.067795,-0.974747
1.855310,0.013580,-0.085342,-0.941528
1.864876,0.001236,-0.098801,-0.911163
1.865001,-0.009140,-0.105377,-0.886581
1.865040,-0.016022,-0.103485,-0.869827
1.865067,-0.018692,-0.093155,-0.861923
1.865094,-0.017212,-0.076004,-0.862595
1.865127,-0.012238,-0.054688,-0.870499
1.865155,-0.004547,-0.032028,-0.883911
1.865180,0.005173,-0.010452,-0.901474
1.874814,0.016495,0.008530,-0.922440
1.874958,0.029190,0.024353,-0.946350
1.875034,0.042938,0.036972,-0.972885
1.875091,0.057220,0.046585,-1.001556
1.875120,0.071121,0.053345,-1.031448
1.875145,0.083435,0.057144,-1.061157
1.875173,0.092834,0.057755,-1.089157
1.875198,0.098129,0.054855,-1.113968
1.884931,0.098572,0.048279,-1.134079
1.885062,0.093979,0.037994,-1.148056
1.885092,0.084702,0.024292,-1.154861
1.885118,0.071518,0.007797,-1.154007
1.885145,0.055450,-0.010574,-1.145630
1.885172,0.037582,-0.029785,-1.130280
1.885197,0.018951,-0.048721,-1.109009
1.885249,0.000473,-0.066345,-1.083115
1.895775,-0.016998,-0.081741,-1.054001
1.895897,-0.032761,-0.094055,-1.023071
1.895927,-0.046127,-0.102585,-0.991821
1.895954,-0.056503,-0.106796,-0.961884
1.895984,-0.063416,-0.106476,-0.934784
1.896025,-0.066528,-0.101746,-0.911850
1.896051,-0.065720,-0.093109,-0.893967
1.896157,-0.060989,-0.081329,-0.881714
1.904784,-0.052521,-0.067322,-0.875473
1.904910,-0.040619,-0.052063,-0.875275
1.904942,-0.025787,-0.036545,-0.880722
1.904970,-0.008636,-0.021683,-0.891083
1.904996,0.010056,-0.008362,-0.905334
1.905027,0.029358,0.002655,-0.922394
1.905055,0.048233,0.010818,-0.941101
1.905080,0.065628,0.015747,-0.960251
1.914779,0.080597,0.017319,-0.978760
1.915002,0.092377,0.015732,-0.995758
1.915034,0.100449,0.011398,-1.010529
1.915063,0.104553,0.005020,-1.022491
1.915090,0.104614,-0.002625,-1.031281
1.915119,0.100815,-0.010727,-1.036713
1.915147,0.093430,-0.018539,-1.038818
1.915173,0.082901,-0.025467,-1.037720
1.924812,0.069809,-0.031128,-1.033676
1.924988,0.054840,-0.035263,-1.027008
1.925021,0.038818,-0.037796,-1.018295
1.925107,0.022598,-0.038742,-1.008179
1.925163,0.007019,-0.038269,-0.997421
1.925194,-0.007111,-0.036606,-0.986694
1.925223,-0.019165,-0.034103,-0.976730
1.925250,-0.028595,-0.031113,-0.968155
1.934874,-0.035080,-0.028000,-0.961578
1.934990,-0.038391,-0.025085,-0.957428
1.935020,-0.038544,-0.022629,-0.955963
1.935048,-0.035629,-0.020844,-0.957291
1.935076,-0.029968,-0.019897,-0.961273
1.935102,-0.021973,-0.019882,-0.967651
1.935130,-0.012192,-0.020828,-0.975952
1.935157,-0.001312,-0.022690,-0.985626
1.944846,0.009964,-0.025330,-0.996033
1.944988,0.021027,-0.028534,-1.006531
1.945027,0.031235,-0.032028,-1.016510
1.945057,0.040115,-0.035477,-1.025391
1.945083,0.047272,-0.038589,-1.032684
1.945109,0.052444,-0.041077,-1.038040
1.945136,0.055496,-0.042679,-1.041275
1.945161,0.056396,-0.043274,-1.042313
1.954821,0.055283,-0.042755,-1.041199
1.954931,0.052353,-0.041153,-1.038101
1.954965,0.047913,-0.038544,-1.033234
1.954995,0.042358,-0.035080,-1.026917
1.955025,0.036102,-0.030960,-1.019531
1.955056,0.029602,-0.026459,-1.011414
1.955083,0.023270,-0.021851,-1.002975
1.955120,0.017502,-0.017441,-0.994614
1.964712,0.012604,-0.013489,-0.986740
1.964811,0.008820,-0.010254,-0.979660
1.964842,0.006332,-0.007904,-0.973633
1.964869,0.005219,-0.006577,-0.968903
1.964895,0.005493,-0.006363,-0.965591
1.964921,0.007034,-0.007248,-0.963730
1.964947,0.009659,-0.009140,-0.963303
1.964971,0.013062,-0.011948,-0.964172
1.974712,0.016953,-0.015488,-0.966202
1.974823,0.021027,-0.019562,-0.969193
1.974856,0.024979,-0.023926,-0.972885
1.974885,0.028519,-0.028351,-0.977020
1.974984,0.031464,-0.032578,-0.981339
1.975022,0.033630,-0.036392,-0.985626
1.975051,0.034912,-0.039642,-0.989655
1.975076,0.035233,-0.042206,-0.993286
1.984709,0.034576,-0.043945,-0.996323
1.985352,0.033005,-0.044830,-0.998734
1.985424,0.030655,-0.044830,-1.000504
1.985460,0.027679,-0.043976,-1.001678
1.985627,0.024307,-0.042313,-1.002335
1.985670,0.020798,-0.039932,-1.002563
1.985703,0.017410,-0.037018,-1.002487
1.985751,0.014359,-0.033722,-1.002197
1.996291,0.011856,-0.030228,-1.001816
1.996420,0.010086,-0.026718,-1.001389
1.996503,0.009140,-0.023376,-1.001022
1.996532,0.009094,-0.020325,-1.000748
1.996557,0.009949,-0.017731,-1.000595
1.996582,0.011627,-0.015671,-1.000580
1.996607,0.014023,-0.014236,-1.000702
1.996632,0.016983,-0.013474,-1.000961
2.004908,0.020294,-0.013367,-1.001297
2.005076,0.023743,-0.013840,-1.001678
2.005107,0.027100,-0.014862,-1.002014
2.005133,0.030182,-0.016327,-1.002243
2.005167,0.032806,-0.018158,-1.002304
2.005193,0.034866,-0.020264,-1.002167
2.005219,0.036224,-0.022507,-1.001801
2.005245,0.036804,-0.024811,-1.001190
2.014687,0.036575,-0.027054,-1.000336
2.014862,0.035553,-0.029160,-0.999222
2.014889,0.033798,-0.031021,-0.997864
2.014902,0.031403,-0.032578,-0.996307
2.014912,0.028503,-0.033798,-0.994553
2.014923,0.025269,-0.034668,-0.992691
2.014933,0.021896,-0.035202,-0.990784
2.014943,0.018555,-0.035416,-0.988892
2.024630,0.015442,-0.035355,-0.987091
2.024775,0.012726,-0.035049,-0.985474
2.024843,0.010559,-0.034500,-0.984100
2.024872,0.009064,-0.033722,-0.983047
2.024898,0.008286,-0.032745,-0.982407
2.024923,0.008270,-0.031570,-0.982178
2.024948,0.009003,-0.030197,-0.982376
2.024972,0.010437,-0.028717,-0.983002
2.034689,0.012451,-0.027161,-0.983994
2.034814,0.014969,-0.025650,-0.985275
2.034845,0.017807,-0.024246,-0.986786
2.034872,0.020859,-0.023026,-0.988434
2.034898,0.023941,-0.022049,-0.990143
2.034925,0.026917,-0.021317,-0.991821
2.034950,0.029648,-0.020874,-0.993423
2.034975,0.032013,-0.020691,-0.994843
2.044601,0.033859,-0.020782,-0.996063
2.044693,0.035110,-0.021133,-0.997025
2.044723,0.035660,-0.021759,-0.997681
2.044751,0.035507,-0.022614,-0.998047
2.044776,0.034653,-0.023697,-0.998108
2.044803,0.033173,-0.024963,-0.997894
2.044828,0.031158,-0.026337,-0.997467
2.044852,0.028732,-0.027771,-0.996887
2.054639,0.026077,-0.029160,-0.996201
2.054772,0.023331,-0.030411,-0.995468
2.054818,0.020676,-0.031418,-0.994781
2.054857,0.018234,-0.032135,-0.994171
2.054895,0.016129,-0.032532,-0.993698
2.054943,0.014404,-0.032562,-0.993408
2.054981,0.013138,-0.032242,-0.993301
2.055018,0.012375,-0.031616,-0.993378
2.064731,0.012115,-0.030746,-0.993607
2.064853,0.012344,-0.029694,-0.993912
2.064889,0.013016,-0.028519,-0.994278
2.064921,0.014053,-0.027267,-0.994659
2.064952,0.015411,-0.026001,-0.995056
2.064990,0.016953,-0.024780,-0.995468
2.065023,0.018616,-0.023651,-0.995850
2.065052,0.020294,-0.022705,-0.996185
2.074570,0.021912,-0.022003,-0.996445
2.074721,0.023392,-0.021591,-0.996582
2.074768,0.024689,-0.021500,-0.996552
2.074802,0.025772,-0.021744,-0.996368
2.074832,0.026672,-0.022293,-0.996033
2.074880,0.027374,-0.023087,-0.995575
2.074912,0.027878,-0.024048,-0.995026
2.074941,0.028198,-0.025146,-0.994431
2.084696,0.028320,-0.026291,-0.993835
2.084817,0.028244,-0.027405,-0.993256
2.084848,0.027969,-0.028427,-0.992783
2.084875,0.027496,-0.029266,-0.992401
2.084900,0.026871,-0.029907,-0.992126
2.084925,0.026123,-0.030304,-0.991974
2.084949,0.025330,-0.030426,-0.991928
2.084974,0.024551,-0.030273,-0.991959
2.094592,0.023834,-0.029861,-0.992096
2.094733,0.023178,-0.029236,-0.992355
2.094779,0.022614,-0.028458,-0.992722
2.094807,0.022095,-0.027618,-0.993179
2.094833,0.021622,-0.026779,-0.993698
2.094858,0.021164,-0.026001,-0.994232
2.094882,0.020706,-0.025330,-0.994720
2.094906,0.020248,-0.024811,-0.995163
2.104562,0.019821,-0.024460,-0.995529
2.104770,0.019455,-0.024292,-0.995834
2.104854,0.019165,-0.024277,-0.996063
2.104888,0.018951,-0.024399,-0.996231
2.104919,0.018814,-0.024673,-0.996368
2.104948,0.018768,-0.025085,-0.996475
2.104973,0.018799,-0.025604,-0.996536
2.105001,0.018951,-0.026154,-0.996582
2.114586,0.019226,-0.026733,-0.996613
2.114699,0.019623,-0.027267,-0.996643
2.114739,0.020126,-0.027725,-0.996704
2.114773,0.020721,-0.028076,-0.996765
2.114807,0.021393,-0.028275,-0.996872
2.114840,0.022095,-0.028305,-0.997009
2.114874,0.022812,-0.028183,-0.997177
2.114907,0.023468,-0.027878,-0.997345
2.124525,0.024033,-0.027451,-0.997467
2.124645,0.024536,-0.026917,-0.997498
2.124708,0.024948,-0.026352,-0.997437
2.124752,0.025284,-0.025803,-0.997238
2.124836,0.025543,-0.025314,-0.996872
2.124868,0.025696,-0.024948,-0.996353
2.124897,0.025742,-0.024689,-0.995712
2.124953,0.025620,-0.024567,-0.994980
2.135019,0.025330,-0.024567,-0.994232
2.135236,0.024841,-0.024658,-0.993500
2.135283,0.024185,-0.024841,-0.992798
2.135323,0.023392,-0.025101,-0.992157
2.135361,0.022537,-0.025421,-0.991577
2.135399,0.021683,-0.025818,-0.991104
2.135438,0.020905,-0.026276,-0.990723
2.135475,0.020309,-0.026779,-0.990448
2.145514,0.019943,-0.027283,-0.990265
2.145637,0.019821,-0.027756,-0.990189
2.145668,0.019913,-0.028168,-0.990204
2.145695,0.020187,-0.028519,-0.990341
2.145724,0.020554,-0.028778,-0.990555
2.145748,0.020950,-0.028946,-0.990845
2.145772,0.021378,-0.029037,-0.991180
2.145797,0.021805,-0.029022,-0.991562
2.154779,0.022217,-0.028900,-0.991943
2.155221,0.022629,-0.028671,-0.992310
2.155285,0.023010,-0.028336,-0.992645
2.155319,0.023376,-0.027924,-0.992950
2.155349,0.023697,-0.027435,-0.993210
2.155374,0.023972,-0.026917,-0.993378
2.155432,0.024170,-0.026382,-0.993454
2.155459,0.024277,-0.025879,-0.993454
2.164538,0.024307,-0.025467,-0.993423
2.164664,0.024246,-0.025177,-0.993378
2.164694,0.024109,-0.025024,-0.993332
2.164724,0.023926,-0.025009,-0.993301
2.164751,0.023727,-0.025101,-0.993301
2.164778,0.023529,-0.025284,-0.993317
2.164807,0.023331,-0.025513,-0.993362
2.164845,0.023148,-0.025772,-0.993423
2.174461,0.022995,-0.026062,-0.993500
2.174587,0.022858,-0.026337,-0.993576
2.174701,0.022751,-0.026627,-0.993607
2.174735,0.022629,-0.026901,-0.993622
2.174774,0.022522,-0.027206,-0.993591
2.174836,0.022415,-0.027496,-0.993561
2.174960,0.022308,-0.027771,-0.993530
2.175008,0.022202,-0.027969,-0.993515
2.184884,0.022079,-0.028122,-0.993530
2.185039,0.021973,-0.028183,-0.993530
2.185086,0.021881,-0.028183,-0.993530
2.185136,0.021774,-0.028137,-0.993515
2.185178,0.021683,-0.028091,-0.993454
2.185217,0.021622,-0.028046,-0.993393
2.185257,0.021591,-0.028030,-0.993301
2.185295,0.021622,-0.028015,-0.993195
2.195358,0.021698,-0.028015,-0.993103
2.195486,0.021851,-0.027985,-0.993042
2.195519,0.022034,-0.027924,-0.993011
2.195546,0.022247,-0.027771,-0.993057
2.195572,0.022476,-0.027557,-0.993164
2.195597,0.022690,-0.027298,-0.993347
2.195623,0.022873,-0.027008,-0.993576
2.195811,0.023026,-0.026718,-0.993790
2.204568,0.023148,-0.026474,-0.993988
2.204672,0.023254,-0.026291,-0.994156
2.204701,0.023346,-0.026184,-0.994263
2.204727,0.023438,-0.026154,-0.994339
2.204755,0.023544,-0.026154,-0.994370
2.204780,0.023651,-0.026154,-0.994354
2.204804,0.023727,-0.026154,-0.994324
2.204828,0.023758,-0.026154,-0.994278
2.214474,0.023712,-0.026169,-0.994232
2.214612,0.023560,-0.026215,-0.994202
2.214642,0.023315,-0.026276,-0.994217
2.214669,0.022995,-0.026382,-0.994263
2.214696,0.022629,-0.026520,-0.994370
2.214721,0.022278,-0.026642,-0.994522
2.214745,0.021988,-0.026733,-0.994736
2.214772,0.021790,-0.026764,-0.995026
2.224432,0.021667,-0.026749,-0.995361
2.224537,0.021637,-0.026672,-0.995728
2.224568,0.021683,-0.026581,-0.996063
2.224596,0.021759,-0.026474,-0.996353
2.224624,0.021835,-0.026352,-0.996521
2.224695,0.021866,-0.026245,-0.996582
2.224730,0.021866,-0.026123,-0.996521
2.224788,0.021820,-0.026031,-0.996384
2.235013,0.021759,-0.025925,-0.996185
2.235142,0.021698,-0.025803,-0.995926
2.235172,0.021667,-0.025650,-0.995667
2.235199,0.021713,-0.025497,-0.995422
2.235224,0.021820,-0.025345,-0.995178
2.235250,0.021988,-0.025208,-0.994980
2.235274,0.022202,-0.025101,-0.994797
2.235298,0.022400,-0.025024,-0.994629
2.244439,0.022552,-0.025009,-0.994507
2.244986,0.022659,-0.025040,-0.994431
2.245026,0.022720,-0.025101,-0.994385
2.245054,0.022766,-0.025192,-0.994370
2.245079,0.022812,-0.025269,-0.994415
2.245111,0.022873,-0.025330,-0.994461
2.245138,0.022949,-0.025406,-0.994522
2.245163,0.023010,-0.025467,-0.994522
2.254495,0.023041,-0.025558,-0.994461
2.254648,0.023041,-0.025650,-0.994324
2.254683,0.023010,-0.025742,-0.994171
2.254974,0.022949,-0.025848,-0.994034
2.255005,0.022858,-0.025940,-0.993927
2.255033,0.022751,-0.026001,-0.993896
2.255069,0.022629,-0.026031,-0.993927
2.255097,0.022507,-0.026047,-0.993988
2.264454,0.022400,-0.026047,-0.994049
2.264602,0.022278,-0.026108,-0.994064
2.264633,0.022156,-0.026215,-0.994019
2.264660,0.022018,-0.026428,-0.993912
2.264686,0.021896,-0.026703,-0.993774
2.264738,0.021759,-0.027054,-0.993622
2.264768,0.021667,-0.027435,-0.993439
2.264795,0.021606,-0.027802,-0.993286
2.274375,0.021622,-0.028137,-0.993149
2.274432,0.021698,-0.028412,-0.993042
2.274447,0.021805,-0.028580,-0.992966
2.274458,0.021942,-0.028641,-0.992920
2.274469,0.022079,-0.028610,-0.992889
2.274480,0.022232,-0.028534,-0.992874
2.274491,0.022385,-0.028397,-0.992905
2.274502,0.022537,-0.028259,-0.992950
2.284397,0.022705,-0.028122,-0.992996
2.284526,0.022873,-0.028015,-0.993073
2.284558,0.023041,-0.027924,-0.993164
2.284583,0.023148,-0.027863,-0.993240
2.284726,0.023209,-0.027817,-0.993332
2.284750,0.023224,-0.027786,-0.993423
2.284774,0.023193,-0.027756,-0.993484
2.284798,0.023148,-0.027710,-0.993515
2.295210,0.023102,-0.027634,-0.993500
2.295359,0.023041,-0.027527,-0.993408
2.295391,0.022964,-0.027390,-0.993271
2.295416,0.022858,-0.027237,-0.993103
2.295441,0.022690,-0.027069,-0.992920
2.295465,0.022491,-0.026871,-0.992752
2.295603,0.022247,-0.026672,-0.992584
2.295637,0.021988,-0.026489,-0.992447
2.304381,0.021713,-0.026337,-0.992310
2.304510,0.021378,-0.026260,-0.992188
2.304542,0.020920,-0.026184,-0.992386
2.304567,0.020248,-0.025925,-0.994415
2.304592,0.019440,-0.024994,-1.001816
2.304616,0.019028,-0.022614,-1.018066
2.304640,0.019821,-0.018082,-1.042419
2.304666,0.022446,-0.011475,-1.069168
2.314451,0.026718,-0.004318,-1.090897
2.314570,0.031570,0.000732,-1.101303
2.314601,0.035309,0.000748,-1.095795
2.314629,0.036057,-0.006470,-1.071808
2.314654,0.032318,-0.021805,-1.030014
2.314678,0.023544,-0.044403,-0.974548
2.314762,0.010330,-0.071838,-0.911697
2.314803,-0.005600,-0.100266,-0.848831
2.324508,-0.021744,-0.125015,-0.793686
2.324634,-0.035187,-0.141281,-0.753677
2.324662,-0.043121,-0.145157,-0.734787
2.324687,-0.043427,-0.134720,-0.740204
2.324713,-0.035156,-0.110596,-0.769470
2.324737,-0.018661,-0.075851,-0.818680
2.324760,0.004425,-0.035233,-0.881516
2.324785,0.031693,0.005814,-0.950974
2.334371,0.060272,0.042267,-1.020493
2.334494,0.087433,0.070236,-1.084595
2.334523,0.110901,0.087540,-1.139206
2.334549,0.128998,0.093643,-1.181732
2.334573,0.140640,0.089630,-1.210983
2.334598,0.145248,0.077698,-1.227112
2.334624,0.142578,0.060608,-1.231461
2.334648,0.132828,0.041153,-1.225922
2.346712,0.116486,0.021500,-1.212280
2.346846,0.094467,0.002960,-1.191818
2.346877,0.067917,-0.014053,-1.165329
2.346913,0.038254,-0.029770,-1.133347
2.346938,0.007065,-0.044571,-1.096405
2.346970,-0.023987,-0.058716,-1.055252
2.347003,-0.053177,-0.072189,-1.011154
2.347029,-0.078842,-0.084610,-0.965851
2.354296,-0.099396,-0.095200,-0.921326
2.354425,-0.113556,-0.102966,-0.879745
2.354458,-0.120361,-0.106857,-0.843475
2.354485,-0.119339,-0.105988,-0.815048
2.354509,-0.110504,-0.099838,-0.796738
2.354533,-0.094406,-0.088425,-0.789993
2.354564,-0.072021,-0.072464,-0.795135
2.354590,-0.044739,-0.053207,-0.811539
2.364306,-0.014236,-0.032379,-0.837769
2.364436,0.017563,-0.011917,-0.871658
2.364466,0.048737,0.006226,-0.910431
2.364493,0.077393,0.020355,-0.951065
2.364519,0.101959,0.029160,-0.990631
2.364545,0.121216,0.031998,-1.026627
2.364570,0.134460,0.028961,-1.057007
2.364601,0.141388,0.020828,-1.080322
2.374256,0.142105,0.008957,-1.095825
2.374417,0.137009,-0.004974,-1.103516
2.374447,0.126709,-0.019272,-1.103867
2.374477,0.111938,-0.032364,-1.097656
2.374506,0.093567,-0.043045,-1.085861
2.374535,0.072556,-0.050552,-1.069687
2.374564,0.049957,-0.054581,-1.050491
2.374594,0.026901,-0.055267,-1.029556
2.384295,0.004532,-0.052963,-1.008087
2.384470,-0.016006,-0.048279,-0.987244
2.384517,-0.033768,-0.041824,-0.968124
2.384550,-0.047867,-0.034241,-0.951782
2.384582,-0.057693,-0.026154,-0.938980
2.384613,-0.062897,-0.018097,-0.930252
2.384645,-0.063385,-0.010574,-0.925827
2.384676,-0.059372,-0.004059,-0.925751
2.394290,-0.051300,0.000977,-0.929794
2.394439,-0.039856,0.004196,-0.937485
2.394484,-0.025894,0.005280,-0.948196
2.394525,-0.010361,0.003998,-0.961151
2.394563,0.005722,0.000336,-0.975494
2.394603,0.021454,-0.005569,-0.990356
2.394642,0.035980,-0.013382,-1.004883
2.394680,0.048599,-0.022522,-1.018295
2.404383,0.058807,-0.032288,-1.030029
2.404505,0.066223,-0.041885,-1.039612
2.404546,0.070709,-0.050568,-1.046677
2.404707,0.072235,-0.057663,-1.050949
2.404747,0.070938,-0.062683,-1.052277
2.404776,0.067047,-0.065277,-1.050735
2.404802,0.060928,-0.065338,-1.046478
2.404826,0.053024,-0.062897,-1.039825
2.414274,0.043869,-0.058197,-1.031189
2.414384,0.033997,-0.051605,-1.021103
2.414418,0.024033,-0.043610,-1.010193
2.414451,0.014496,-0.034698,-0.999146
2.414480,0.005951,-0.025421,-0.988586
2.414509,-0.001083,-0.016281,-0.979034
2.414548,-0.006241,-0.007797,-0.970993
2.414579,-0.009232,-0.000427,-0.964767
2.424227,-0.009888,0.005447,-0.960571
2.424332,-0.008255,0.009506,-0.958389
2.424367,-0.004501,0.011505,-0.958099
2.424399,0.000992,0.011322,-0.959518
2.424427,0.007812,0.008926,-0.962402
2.424452,0.015366,0.004456,-0.966431
2.424475,0.023117,-0.001755,-0.971298
2.424512,0.030502,-0.009384,-0.976669
2.434871,0.037048,-0.017868,-0.982269
2.435018,0.042374,-0.026672,-0.987823
2.435065,0.046219,-0.035172,-0.993103
2.435105,0.048401,-0.042831,-0.997818
2.435139,0.048889,-0.049133,-1.001831
2.435171,0.047699,-0.053757,-1.004990
2.435204,0.044998,-0.056473,-1.007217
2.435245,0.040985,-0.057251,-1.008469
2.444222,0.035919,-0.056198,-1.008713
2.444348,0.030121,-0.053574,-1.008026
2.444382,0.023987,-0.049728,-1.006577
2.444414,0.017868,-0.045029,-1.004517
2.444679,0.012131,-0.039841,-1.002075
2.444935,0.007141,-0.034515,-0.999496
2.444972,0.003174,-0.029312,-0.997040
2.445006,0.000443,-0.024490,-0.994919
2.454182,-0.000900,-0.020157,-0.993301
2.454317,-0.000778,-0.016418,-0.992279
2.454412,0.000763,-0.013351,-0.991898
2.454440,0.003662,-0.010986,-0.992157
2.454466,0.007675,-0.009354,-0.992966
2.454489,0.012558,-0.008484,-0.994217
2.454516,0.018021,-0.008392,-0.995773
2.454539,0.023697,-0.009079,-0.997467
2.464142,0.029266,-0.010498,-0.999176
2.464237,0.034378,-0.012573,-1.000763
2.464271,0.038727,-0.015167,-1.002090
2.464308,0.042084,-0.018173,-1.003052
2.464337,0.044220,-0.021423,-1.003586
2.464364,0.045059,-0.024750,-1.003647
2.464392,0.044617,-0.027969,-1.003235
2.464415,0.042938,-0.030960,-1.002335
2.474203,0.040161,-0.033600,-1.000977
2.474335,0.036514,-0.035812,-0.999252
2.474398,0.032227,-0.037552,-0.997223
2.474451,0.027542,-0.038757,-0.994980
2.474502,0.022751,-0.039429,-0.992615
2.474587,0.018097,-0.039581,-0.990234
2.474705,0.013809,-0.039215,-0.987930
2.474763,0.010101,-0.038391,-0.985825
2.484651,0.007141,-0.037140,-0.984009
2.484798,0.005020,-0.035553,-0.982574
2.484846,0.003845,-0.033676,-0.981598
2.484885,0.003632,-0.031601,-0.981140
2.484936,0.004379,-0.029388,-0.981262
2.484975,0.006027,-0.027115,-0.981934
2.485014,0.008469,-0.024857,-0.983109
2.485145,0.011566,-0.022705,-0.984695
2.496068,0.015182,-0.020782,-0.986618
2.496181,0.019104,-0.019196,-0.988724
2.496213,0.023132,-0.018051,-0.990936
2.496242,0.027069,-0.017410,-0.993134
2.496271,0.030670,-0.017334,-0.995193
2.496308,0.033752,-0.017792,-0.997040
2.496378,0.036118,-0.018723,-0.998566
2.496407,0.037659,-0.020065,-0.999725
2.504143,0.038315,-0.021698,-1.000473
2.504360,0.038086,-0.023514,-1.000778
2.504402,0.037018,-0.025421,-1.000671
2.504430,0.035187,-0.027313,-1.000183
2.504456,0.032730,-0.029129,-0.999344
2.504480,0.029831,-0.030807,-0.998215
2.504505,0.026688,-0.032272,-0.996902
2.504529,0.023483,-0.033508,-0.995483
2.514992,0.020386,-0.034454,-0.994034
2.515119,0.017563,-0.035065,-0.992691
2.515150,0.015152,-0.035294,-0.991501
2.515176,0.013245,-0.035110,-0.990570
2.515200,0.011932,-0.034470,-0.989944
2.515224,0.011246,-0.033386,-0.989639
2.515250,0.011185,-0.031906,-0.989670
2.515274,0.011719,-0.030136,-0.990005
2.524123,0.012787,-0.028183,-0.990616
2.524248,0.014282,-0.026184,-0.991409
2.524283,0.016083,-0.024277,-0.992325
2.524314,0.018051,-0.022598,-0.993271
2.524343,0.020050,-0.021225,-0.994171
2.524372,0.021942,-0.020203,-0.994980
2.524401,0.023621,-0.019608,-0.995621
2.524461,0.025040,-0.019440,-0.996063
2.534101,0.026154,-0.019699,-0.996292
2.534220,0.026947,-0.020340,-0.996307
2.534249,0.027435,-0.021347,-0.996109
2.534285,0.027618,-0.022629,-0.995743
2.534312,0.027512,-0.024109,-0.995239
2.534337,0.027176,-0.025681,-0.994690
2.534361,0.026642,-0.027252,-0.994141
2.534388,0.025986,-0.028687,-0.993637
2.544134,0.025284,-0.029938,-0.993256
2.544348,0.024567,-0.030914,-0.992981
2.544520,0.023911,-0.031570,-0.992859
2.544580,0.023331,-0.031876,-0.992874
2.544634,0.022827,-0.031830,-0.993042
2.544685,0.022415,-0.031494,-0.993332
2.544748,0.022095,-0.030869,-0.993729
2.544801,0.021866,-0.030029,-0.994232
2.554314,0.021713,-0.028992,-0.994766
2.554546,0.021637,-0.027832,-0.995331
2.554581,0.021622,-0.026611,-0.995865
2.554716,0.021667,-0.025391,-0.996338
2.554839,0.021713,-0.024307,-0.996704
2.554872,0.021774,-0.023392,-0.996964
2.554903,0.021790,-0.022751,-0.997101
2.554932,0.021744,-0.022400,-0.997101
2.564218,0.021622,-0.022369,-0.996994
2.564469,0.021454,-0.022614,-0.996796
2.564502,0.021240,-0.023117,-0.996521
2.564530,0.021011,-0.023819,-0.996216
2.564555,0.020813,-0.024628,-0.995895
2.564579,0.020660,-0.025482,-0.995590
2.564603,0.020569,-0.026306,-0.995300
2.564627,0.020523,-0.027084,-0.995026
2.574354,0.020569,-0.027786,-0.994766
2.574467,0.020706,-0.028366,-0.994537
2.574496,0.020966,-0.028824,-0.994370
2.574522,0.021362,-0.029144,-0.994278
2.574547,0.021881,-0.029312,-0.994293
2.574571,0.022522,-0.029343,-0.994400
2.574595,0.023224,-0.029236,-0.994614
2.574619,0.023941,-0.028976,-0.994888
2.584081,0.024628,-0.028595,-0.995193
2.584296,0.025223,-0.028122,-0.995468
2.584333,0.025696,-0.027588,-0.995636
2.584717,0.025986,-0.027039,-0.995697
2.584747,0.026108,-0.026535,-0.995621
2.584772,0.026062,-0.026108,-0.995407
2.584797,0.025833,-0.025772,-0.995071
2.584847,0.025436,-0.025513,-0.994659
2.594049,0.024933,-0.025314,-0.994202
2.594155,0.024323,-0.025192,-0.993744
2.594391,0.023636,-0.025131,-0.993271
2.594627,0.022888,-0.025162,-0.992828
2.594662,0.022125,-0.025284,-0.992401
2.594689,0.021378,-0.025467,-0.992020
2.594715,0.020706,-0.025711,-0.991684
2.594739,0.020126,-0.026031,-0.991409
2.604005,0.019684,-0.026413,-0.991226
2.604121,0.019394,-0.026840,-0.991150
2.604153,0.019257,-0.027283,-0.991165
2.604181,0.019257,-0.027710,-0.991302
2.604206,0.019409,-0.028091,-0.991547
2.604230,0.019684,-0.028397,-0.991852
2.604258,0.020065,-0.028641,-0.992218
2.604289,0.020508,-0.028839,-0.992615
2.614021,0.021027,-0.028961,-0.993027
2.614128,0.021576,-0.029022,-0.993423
2.614159,0.022141,-0.029022,-0.993835
2.614188,0.022675,-0.028931,-0.994217
2.614214,0.023163,-0.028793,-0.994568
2.614241,0.023590,-0.028580,-0.994888
2.614268,0.023941,-0.028320,-0.995148
2.614294,0.024216,-0.028015,-0.995331
2.623992,0.024399,-0.027710,-0.995392
2.624101,0.024490,-0.027405,-0.995331
2.624143,0.024490,-0.027100,-0.995163
2.624177,0.024399,-0.026840,-0.994919
2.624208,0.024200,-0.026627,-0.994583
2.624241,0.023911,-0.026459,-0.994202
2.624270,0.023529,-0.026306,-0.993759
2.624311,0.023117,-0.026169,-0.993286
2.633990,0.022675,-0.026062,-0.992813
2.634136,0.022278,-0.025970,-0.992340
2.634184,0.021927,-0.025925,-0.991959
2.634226,0.021652,-0.025955,-0.991653
2.635270,0.021469,-0.026077,-0.991470
2.635327,0.021362,-0.026306,-0.991379
2.635379,0.021286,-0.026642,-0.991379
2.635421,0.021240,-0.027054,-0.991470
2.645508,0.021210,-0.027527,-0.991638
2.645817,0.021240,-0.028015,-0.991882
2.645857,0.021301,-0.028427,-0.992188
2.645887,0.021423,-0.028778,-0.992523
2.646092,0.021622,-0.029007,-0.992889
2.646141,0.021851,-0.029114,-0.993240
2.646189,0.022110,-0.029099,-0.993576
2.646225,0.022369,-0.029007,-0.993896
2.653973,0.022614,-0.028824,-0.994202
2.654111,0.022812,-0.028580,-0.994476
2.654184,0.022980,-0.028259,-0.994751
2.654239,0.023132,-0.027878,-0.994995
2.654293,0.023239,-0.027451,-0.995255
2.654345,0.023300,-0.027023,-0.995483
2.654398,0.023331,-0.026611,-0.995682
2.654451,0.023315,-0.026230,-0.995819
2.663905,0.023315,-0.025909,-0.995911
2.664006,0.023315,-0.025665,-0.995941
2.664043,0.023331,-0.025482,-0.995926
2.664074,0.023346,-0.025375,-0.995880
2.664101,0.023331,-0.025299,-0.995819
2.664126,0.023270,-0.025253,-0.995758
2.664152,0.023178,-0.025208,-0.995712
2.664178,0.023071,-0.025177,-0.995697
2.673935,0.022964,-0.025146,-0.995728
2.674024,0.022873,-0.025146,-0.995804
2.674053,0.022797,-0.025177,-0.995895
2.674080,0.022736,-0.025269,-0.996048
2.674106,0.022705,-0.025436,-0.996201
2.674131,0.022675,-0.025696,-0.996384
2.674156,0.022675,-0.026001,-0.996521
2.674186,0.022675,-0.026337,-0.996643
2.683958,0.022659,-0.026672,-0.996704
2.684059,0.022644,-0.026932,-0.996689
2.684095,0.022598,-0.027084,-0.996628
2.684127,0.022537,-0.027100,-0.996506
2.684223,0.022461,-0.026993,-0.996338
2.684269,0.022354,-0.026794,-0.996109
2.686237,0.022217,-0.026520,-0.995834
2.686288,0.022049,-0.026184,-0.995560
2.694555,0.021896,-0.025833,-0.995300
2.694904,0.021759,-0.025482,-0.995071
2.694943,0.021683,-0.025146,-0.994919
2.694971,0.021667,-0.024887,-0.994827
2.694996,0.021729,-0.024704,-0.994797
2.695029,0.021851,-0.024628,-0.994812
2.695055,0.022018,-0.024673,-0.994873
2.695187,0.022232,-0.024841,-0.994919
2.703903,0.022446,-0.025085,-0.994949
2.704019,0.022675,-0.025406,-0.994949
2.704051,0.022888,-0.025772,-0.994949
2.704079,0.023087,-0.026123,-0.994934
2.704106,0.023254,-0.026413,-0.994919
2.704133,0.023407,-0.026627,-0.994904
2.704158,0.023529,-0.026749,-0.994888
2.704183,0.023605,-0.026764,-0.994873
2.713906,0.023636,-0.026703,-0.994873
2.714017,0.023590,-0.026566,-0.994873
2.714050,0.023483,-0.026382,-0.994858
2.714088,0.023300,-0.026184,-0.994858
2.714124,0.023041,-0.025970,-0.994858
2.714155,0.022720,-0.025787,-0.994858
2.714185,0.022369,-0.025635,-0.994858
2.714211,0.022003,-0.025513,-0.994827
2.723956,0.021637,-0.025436,-0.994781
2.724085,0.021271,-0.025406,-0.994705
2.724146,0.020950,-0.025421,-0.994568
2.724201,0.020676,-0.025482,-0.994370
2.724270,0.020477,-0.025620,-0.994156
2.724324,0.020370,-0.025833,-0.993912
2.724402,0.020370,-0.026123,-0.993713
2.724544,0.020477,-0.026474,-0.993561
2.733988,0.020660,-0.026855,-0.993500
2.734653,0.020905,-0.027252,-0.993530
2.734720,0.021179,-0.027603,-0.993652
2.734777,0.021469,-0.027878,-0.993835
2.734896,0.021759,-0.028107,-0.994049
2.734955,0.022018,-0.028244,-0.994278
2.735008,0.022278,-0.028351,-0.994476
2.735059,0.022522,-0.028397,-0.994598
2.743928,0.022781,-0.028412,-0.994644
2.744041,0.023056,-0.028442,-0.994598
2.744098,0.023376,-0.028473,-0.994476
2.744139,0.023712,-0.028519,-0.994263
2.744189,0.024017,-0.028564,-0.994019
2.744228,0.024277,-0.028580,-0.993744
2.744267,0.024490,-0.028549,-0.993454
2.744305,0.024612,-0.028442,-0.993164
2.753956,0.024673,-0.028275,-0.992844
2.754174,0.024673,-0.028046,-0.992538
2.754206,0.024597,-0.027725,-0.992233
2.754234,0.024475,-0.027313,-0.991959
2.754259,0.024261,-0.026810,-0.991699
2.754285,0.023880,-0.026230,-0.991745
2.754318,0.023193,-0.025620,-0.994019
2.754345,0.022247,-0.024628,-1.003357
2.765293,0.021652,-0.022415,-1.024673
2.765412,0.022339,-0.017990,-1.057373
2.765454,0.025085,-0.011124,-1.095062
2.765480,0.029968,-0.002945,-1.129730
2.765509,0.036484,0.004333,-1.152756
2.765636,0.043365,0.008011,-1.154251
2.765689,0.048523,0.004990,-1.126434
2.765704,0.049332,-0.007355,-1.068146
2.773837,0.043640,-0.030228,-0.984985
2.773881,0.030579,-0.062515,-0.886993
2.773894,0.010727,-0.100739,-0.786957
2.773904,-0.013794,-0.139420,-0.699097
2.773914,-0.039322,-0.171585,-0.636688
2.773924,-0.061111,-0.190094,-0.609344
2.773933,-0.074448,-0.189316,-0.621277
2.773942,-0.075821,-0.166733,-0.670853
2.783873,-0.063675,-0.123810,-0.751160
2.784022,-0.038773,-0.065903,-0.851593
2.784054,-0.004089,-0.001266,-0.960007
2.784083,0.035950,0.060669,-1.064529
2.784113,0.076569,0.111389,-1.155029
2.784139,0.113266,0.144760,-1.224380
2.784167,0.142578,0.157913,-1.269257
2.784196,0.162292,0.151459,-1.289856
2.793911,0.171494,0.129044,-1.289383
2.794027,0.170425,0.096329,-1.273087
2.794066,0.160080,0.059570,-1.247009
2.794111,0.141983,0.024368,-1.216415
2.794143,0.117828,-0.005386,-1.185059
2.794177,0.089249,-0.027939,-1.154892
2.794217,0.057770,-0.043594,-1.126053
2.794251,0.024750,-0.054153,-1.097214
2.803815,-0.008469,-0.062180,-1.066360
2.803918,-0.040527,-0.070084,-1.031830
2.803949,-0.069916,-0.079437,-0.992920
2.804019,-0.095016,-0.090500,-0.950027
2.804051,-0.114212,-0.102386,-0.904816
2.804077,-0.126144,-0.113190,-0.860245
2.804103,-0.129822,-0.120667,-0.820145
2.804129,-0.124878,-0.122620,-0.788422
2.814005,-0.111542,-0.117554,-0.768341
2.814274,-0.090698,-0.104919,-0.762085
2.814316,-0.063751,-0.085358,-0.770599
2.814353,-0.032532,-0.060577,-0.793274
2.814384,0.000854,-0.033188,-0.827942
2.814562,0.034241,-0.006226,-0.871201
2.814618,0.065567,0.017288,-0.918976
2.814657,0.093033,0.034897,-0.967178
2.823786,0.115250,0.044968,-1.012085
2.823913,0.131287,0.046967,-1.050552
2.823960,0.140762,0.041443,-1.080444
2.823993,0.143723,0.029846,-1.100693
2.824045,0.140549,0.014221,-1.111313
2.824081,0.131927,-0.003067,-1.112991
2.824111,0.118683,-0.019791,-1.106949
2.824142,0.101746,-0.034088,-1.094727
2.833901,0.082047,-0.044724,-1.078064
2.834002,0.060577,-0.051147,-1.058594
2.834039,0.038300,-0.053467,-1.037659
2.834066,0.016190,-0.052246,-1.016373
2.834164,-0.004791,-0.048370,-0.995712
2.834257,-0.023712,-0.042770,-0.976578
2.834699,-0.039688,-0.036316,-0.959747
2.834729,-0.051926,-0.029678,-0.945847
2.843896,-0.059814,-0.023285,-0.935440
2.844346,-0.063019,-0.017426,-0.928955
2.844475,-0.061447,-0.012314,-0.926666
2.844504,-0.055405,-0.008072,-0.928589
2.844533,-0.045502,-0.004898,-0.934509
2.844559,-0.032547,-0.002945,-0.943985
2.844583,-0.017563,-0.002487,-0.956329
2.844607,-0.001663,-0.003738,-0.970688
2.853839,0.014099,-0.006821,-0.986069
2.853929,0.028809,-0.011749,-1.001450
2.853957,0.041702,-0.018341,-1.015854
2.853983,0.052261,-0.026184,-1.028519
2.854008,0.060150,-0.034729,-1.038834
2.854034,0.065247,-0.043243,-1.046356
2.854058,0.067566,-0.050964,-1.050842
2.854136,0.067245,-0.057190,-1.052246
2.863783,0.064499,-0.061401,-1.050690
2.863897,0.059631,-0.063248,-1.046417
2.863928,0.052994,-0.062637,-1.039749
2.863953,0.045013,-0.059677,-1.031128
2.863987,0.036194,-0.054672,-1.021118
2.864014,0.027039,-0.048035,-1.010345
2.864040,0.018127,-0.040237,-0.999466
2.864069,0.010010,-0.031784,-0.989105
2.873745,0.003189,-0.023132,-0.979874
2.873855,-0.001877,-0.014694,-0.972260
2.873907,-0.004913,-0.006866,-0.966629
2.873938,-0.005768,0.000000,-0.963150
2.874006,-0.004425,0.005554,-0.961792
2.874045,-0.001114,0.009506,-0.962357
2.874076,0.003845,0.011551,-0.964554
2.874106,0.010010,0.011490,-0.967987
2.883771,0.016846,0.009216,-0.972260
2.883878,0.023788,0.004822,-0.976944
2.883914,0.030334,-0.001450,-0.981705
2.883945,0.036026,-0.009216,-0.986298
2.883973,0.040497,-0.017883,-0.990555
2.884081,0.043488,-0.026825,-0.994308
2.884486,0.044907,-0.035339,-0.997498
2.884532,0.044739,-0.042831,-1.000061
2.893730,0.043106,-0.048843,-1.002014
2.893867,0.040207,-0.053040,-1.003311
2.893913,0.036316,-0.055313,-1.003952
2.893953,0.031708,-0.055695,-1.003983
2.893992,0.026672,-0.054382,-1.003433
2.894030,0.021515,-0.051697,-1.002441
2.894070,0.016510,-0.047974,-1.001099
2.894107,0.011917,-0.043610,-0.999588
2.903698,0.007950,-0.038925,-0.998077
2.903859,0.004822,-0.034180,-0.996750
2.903897,0.002686,-0.029572,-0.995758
2.903938,0.001663,-0.025223,-0.995178
2.903981,0.001816,-0.021255,-0.995087
2.904060,0.003128,-0.017685,-0.995544
2.904090,0.005569,-0.014603,-0.996506
2.904128,0.008987,-0.012039,-0.997910
2.913705,0.013199,-0.010056,-0.999573
2.913840,0.017929,-0.008728,-1.001343
2.913871,0.022888,-0.008133,-1.002991
2.913895,0.027740,-0.008316,-1.004364
2.913919,0.032211,-0.009354,-1.005325
2.913952,0.036026,-0.011200,-1.005783
2.913977,0.039001,-0.013779,-1.005692
2.914001,0.041000,-0.016968,-1.005081
2.923700,0.041992,-0.020569,-1.003998
2.923846,0.041946,-0.024338,-1.002533
2.923904,0.040924,-0.028030,-1.000793
2.923971,0.039047,-0.031418,-0.998840
2.924030,0.036453,-0.034332,-0.996765
2.924095,0.033295,-0.036636,-0.994629
2.924147,0.029724,-0.038284,-0.992477
2.924199,0.025925,-0.039307,-0.990356
2.933703,0.022095,-0.039734,-0.988342
2.933801,0.018417,-0.039658,-0.986481
2.933831,0.015045,-0.039154,-0.984833
2.933857,0.012146,-0.038284,-0.983414
2.933881,0.009811,-0.037125,-0.982300
2.933915,0.008133,-0.035706,-0.981506
2.933940,0.007156,-0.034073,-0.981079
2.933964,0.006912,-0.032227,-0.981049
2.944615,0.007401,-0.030212,-0.981400
2.946127,0.008575,-0.028061,-0.982147
2.946192,0.010376,-0.025894,-0.983276
2.946230,0.012665,-0.023773,-0.984726
2.946389,0.015350,-0.021835,-0.986420
2.946429,0.018265,-0.020157,-0.988281
2.946472,0.021240,-0.018845,-0.990173
2.946524,0.024170,-0.017960,-0.992020
2.953670,0.026871,-0.017548,-0.993713
2.953782,0.029221,-0.017624,-0.995148
2.953814,0.031128,-0.018158,-0.996292
2.953844,0.032547,-0.019104,-0.997086
2.953870,0.033417,-0.020401,-0.997543
2.953908,0.033722,-0.022003,-0.997681
2.953936,0.033493,-0.023834,-0.997543
2.953964,0.032730,-0.025818,-0.997162
2.963679,0.031525,-0.027863,-0.996582
2.963789,0.029953,-0.029861,-0.995834
2.963824,0.028107,-0.031754,-0.994934
2.963867,0.026108,-0.033447,-0.993927
2.963899,0.024063,-0.034866,-0.992889
2.963936,0.022064,-0.035980,-0.991882
2.963970,0.020218,-0.036728,-0.990997
2.964005,0.018616,-0.037109,-0.990311
2.973656,0.017319,-0.037109,-0.989838
2.973741,0.016373,-0.036728,-0.989655
2.973769,0.015778,-0.035995,-0.989731
2.973807,0.015503,-0.034927,-0.990036
2.973834,0.015549,-0.033554,-0.990555
2.973892,0.015839,-0.031891,-0.991226
2.973932,0.016357,-0.029999,-0.991989
2.973961,0.017044,-0.027954,-0.992783
2.983653,0.017838,-0.025833,-0.993546
2.983752,0.018723,-0.023773,-0.994186
2.983792,0.019623,-0.021881,-0.994705
2.983824,0.020523,-0.020279,-0.995071
2.983858,0.021362,-0.019028,-0.995331
2.983891,0.022125,-0.018204,-0.995468
2.983924,0.022781,-0.017822,-0.995529
2.983958,0.023315,-0.017868,-0.995529
2.993649,0.023727,-0.018326,-0.995468
2.993767,0.024002,-0.019150,-0.995361
2.993805,0.024200,-0.020294,-0.995239
2.993836,0.024323,-0.021698,-0.995148
2.993870,0.024414,-0.023285,-0.995071
2.993902,0.024460,-0.024963,-0.995087
2.993935,0.024506,-0.026611,-0.995163
2.993969,0.024567,-0.028122,-0.995331
3.003571,0.024612,-0.029404,-0.995575
3.003726,0.024643,-0.030350,-0.995865
3.003758,0.024643,-0.030914,-0.996201
3.003786,0.024582,-0.031052,-0.996552
3.003814,0.024460,-0.030807,-0.996933
3.003839,0.024261,-0.030228,-0.997314
3.003863,0.023987,-0.029373,-0.997711
3.003891,0.023651,-0.028320,-0.998077
3.013690,0.023224,-0.027161,-0.998413
3.013888,0.022751,-0.025970,-0.998657
3.013927,0.022232,-0.024841,-0.998779
3.013957,0.021698,-0.023834,-0.998749
3.013984,0.021194,-0.022995,-0.998566
3.014013,0.020706,-0.022369,-0.998215
3.014039,0.020248,-0.021973,-0.997742
3.014069,0.019852,-0.021805,-0.997147
3.023593,0.019501,-0.021881,-0.996475
3.023716,0.019211,-0.022171,-0.995758
3.023749,0.018997,-0.022629,-0.995041
3.023785,0.018890,-0.023209,-0.994370
3.023814,0.018906,-0.023865,-0.993790
3.023843,0.019058,-0.024536,-0.993332
3.023869,0.019348,-0.025162,-0.992981
3.023897,0.019760,-0.025696,-0.992783
3.033585,0.020294,-0.026108,-0.992722
3.033672,0.020874,-0.026398,-0.992798
3.033711,0.021500,-0.026550,-0.992981
3.033749,0.022110,-0.026611,-0.993271
3.033784,0.022675,-0.026566,-0.993622
3.033812,0.023178,-0.026474,-0.994034
3.033840,0.023636,-0.026337,-0.994476
3.033867,0.024063,-0.026215,-0.994934
3.043604,0.024414,-0.026108,-0.995346
3.043764,0.024704,-0.026047,-0.995697
3.043827,0.024887,-0.026077,-0.995972
3.043895,0.024963,-0.026199,-0.996140
3.043953,0.024902,-0.026398,-0.996170
3.044118,0.024719,-0.026642,-0.996094
3.044176,0.024414,-0.026932,-0.995941
3.044232,0.023987,-0.027222,-0.995697
3.053532,0.023514,-0.027496,-0.995422
3.053627,0.023026,-0.027710,-0.995102
3.053668,0.022537,-0.027863,-0.994751
3.053705,0.022064,-0.027924,-0.994370
3.053739,0.021637,-0.027924,-0.993988
3.053779,0.021271,-0.027863,-0.993576
3.053849,0.020966,-0.027725,-0.993179
3.053884,0.020721,-0.027588,-0.992767
3.063724,0.020569,-0.027435,-0.992386
3.063826,0.020508,-0.027313,-0.992050
3.063860,0.020523,-0.027222,-0.991791
3.063888,0.020630,-0.027176,-0.991608
3.063921,0.020828,-0.027176,-0.991516
3.063949,0.021133,-0.027222,-0.991501
3.063974,0.021515,-0.027328,-0.991562
3.064003,0.021957,-0.027466,-0.991653
3.077985,0.022430,-0.027649,-0.991730
3.078112,0.022858,-0.027832,-0.991745
3.078229,0.023224,-0.027985,-0.991669
3.078260,0.023499,-0.028122,-0.991531
3.078289,0.023666,-0.028229,-0.991333
3.078315,0.023743,-0.028290,-0.991119
3.078351,0.023712,-0.028336,-0.990952
3.078547,0.023605,-0.028351,-0.990845
3.083523,0.023422,-0.028320,-0.990845
3.085953,0.023193,-0.028259,-0.990906
3.086149,0.022903,-0.028168,-0.991028
3.086188,0.022614,-0.028076,-0.991165
3.086218,0.022354,-0.027985,-0.991287
3.086259,0.022186,-0.027893,-0.991348
3.086288,0.022110,-0.027786,-0.991364
3.086320,0.022141,-0.027695,-0.991364
3.093632,0.022247,-0.027573,-0.991364
3.093771,0.022415,-0.027466,-0.991379
3.093821,0.022598,-0.027328,-0.991440
3.093864,0.022781,-0.027191,-0.991516
3.093906,0.022934,-0.027069,-0.991608
3.093948,0.023010,-0.026978,-0.991699
3.094000,0.023026,-0.026917,-0.991791
3.094040,0.022964,-0.026901,-0.991852
3.103680,0.022827,-0.026947,-0.991943
3.103809,0.022659,-0.027054,-0.992035
3.103843,0.022491,-0.027222,-0.992172
3.103873,0.022354,-0.027466,-0.992355
3.103898,0.022293,-0.027725,-0.992569
3.103926,0.022278,-0.028015,-0.992828
3.103960,0.022308,-0.028320,-0.993134
3.103989,0.022400,-0.028610,-0.993500
3.113516,0.022537,-0.028885,-0.993912
3.113633,0.022675,-0.029083,-0.994400
3.113682,0.022812,-0.029190,-0.994934
3.113718,0.022949,-0.029175,-0.995483
3.113750,0.023041,-0.029022,-0.996017
3.113783,0.023117,-0.028732,-0.996506
3.113824,0.023178,-0.028275,-0.996933
3.113857,0.023193,-0.027679,-0.997284
3.123543,0.023178,-0.026978,-0.997543
3.123654,0.023163,-0.026245,-0.997681
3.123691,0.023132,-0.025558,-0.997696
3.123728,0.023102,-0.024963,-0.997589
3.123761,0.023056,-0.024536,-0.997391
3.123795,0.022995,-0.024277,-0.997116
3.123826,0.022919,-0.024200,-0.996811
3.123876,0.022827,-0.024261,-0.996521
3.133507,0.022720,-0.024429,-0.996246
3.133617,0.022629,-0.024673,-0.996002
3.134016,0.022537,-0.024918,-0.995819
3.134074,0.022430,-0.025162,-0.995697
3.134109,0.022369,-0.025375,-0.995605
3.134136,0.022324,-0.025543,-0.995544
3.134165,0.022324,-0.025665,-0.995499
3.134196,0.022354,-0.025711,-0.995453
3.143476,0.022430,-0.025696,-0.995407
3.143598,0.022491,-0.025604,-0.995346
3.143637,0.022568,-0.025421,-0.995285
3.143674,0.022644,-0.025177,-0.995239
3.143708,0.022720,-0.024857,-0.995224
3.143740,0.022797,-0.024506,-0.995224
3.143773,0.022842,-0.024185,-0.995239
3.143808,0.022858,-0.023956,-0.995224
3.153559,0.022827,-0.023834,-0.995178
3.153718,0.022766,-0.023865,-0.995087
3.153758,0.022720,-0.024048,-0.994934
3.153793,0.022690,-0.024338,-0.994720
3.153827,0.022705,-0.024689,-0.994461
3.153857,0.022736,-0.025070,-0.994141
3.153898,0.022781,-0.025421,-0.993820
3.153931,0.022827,-0.025696,-0.993530
3.163425,0.022873,-0.025909,-0.993286
3.163544,0.022934,-0.026047,-0.993103
3.163573,0.022980,-0.026138,-0.992981
3.163604,0.023026,-0.026184,-0.992920
3.163630,0.023026,-0.026169,-0.992935
3.163656,0.023026,-0.026093,-0.992981
3.163682,0.023010,-0.025986,-0.993103
3.163705,0.022995,-0.025833,-0.993256
3.173432,0.022980,-0.025696,-0.993423
3.173540,0.022934,-0.025589,-0.993591
3.173578,0.022842,-0.025543,-0.993774
3.173613,0.022720,-0.025543,-0.993927
3.173646,0.022568,-0.025620,-0.994080
3.173679,0.022400,-0.025772,-0.994202
3.173709,0.022232,-0.025986,-0.994293
3.173742,0.022064,-0.026215,-0.994354
3.183430,0.021912,-0.026413,-0.994385
3.183554,0.021759,-0.026581,-0.994370
3.183600,0.021652,-0.026718,-0.994308
3.183630,0.021561,-0.026810,-0.994186
3.183660,0.021500,-0.026901,-0.994034
3.183703,0.021469,-0.027008,-0.993866
3.183736,0.021439,-0.027130,-0.993683
3.183773,0.021439,-0.027252,-0.993484
3.193442,0.021469,-0.027390,-0.993317
3.193574,0.021561,-0.027527,-0.993164
3.193620,0.021667,-0.027618,-0.993057
3.193663,0.021805,-0.027695,-0.992996
3.193705,0.021957,-0.027710,-0.992981
3.193746,0.022141,-0.027710,-0.992981
3.193787,0.022293,-0.027695,-0.992996
3.193827,0.022430,-0.027664,-0.992966
3.203432,0.022522,-0.027618,-0.992935
3.203542,0.022568,-0.027557,-0.992874
3.203571,0.022614,-0.027496,-0.992798
3.203611,0.022644,-0.027435,-0.992706
3.203638,0.022675,-0.027390,-0.992615
3.203665,0.022720,-0.027359,-0.992538
3.203694,0.022766,-0.027344,-0.992477
3.203718,0.022827,-0.027374,-0.992401
3.213380,0.022888,-0.027435,-0.992310
3.213491,0.022964,-0.027542,-0.992172
3.213527,0.023026,-0.027710,-0.992020
3.213554,0.023056,-0.027893,-0.991837
3.213578,0.023071,-0.028122,-0.991653
3.213602,0.023056,-0.028351,-0.991531
3.213627,0.023071,-0.028595,-0.991455
3.213651,0.023087,-0.028854,-0.991440
3.223390,0.023117,-0.029114,-0.991486
3.223467,0.023163,-0.029373,-0.991592
3.223495,0.023224,-0.029617,-0.991760
3.223520,0.023270,-0.029846,-0.991928
3.223544,0.023300,-0.030045,-0.992081
3.223568,0.023300,-0.030182,-0.992249
3.223591,0.023285,-0.030228,-0.992432
3.223614,0.023270,-0.030182,-0.992615
3.233386,0.023285,-0.029999,-0.992813
3.233494,0.023300,-0.029709,-0.993027
3.233528,0.023285,-0.029327,-0.993225
3.233559,0.023239,-0.028885,-0.993408
3.233592,0.023163,-0.028458,-0.993576
3.233699,0.023056,-0.028046,-0.993683
3.234082,0.022919,-0.027664,-0.993744
3.234132,0.022797,-0.027313,-0.993790
3.243558,0.022720,-0.026962,-0.993866
3.243975,0.022690,-0.026566,-0.993973
3.244016,0.022736,-0.026108,-0.994141
3.244159,0.022812,-0.025543,-0.994354
3.244194,0.022888,-0.024887,-0.994583
3.244221,0.022934,-0.024139,-0.994843
3.244246,0.022903,-0.023331,-0.995102
3.244285,0.022736,-0.022537,-0.995300
3.253544,0.022430,-0.021820,-0.995422
3.253706,0.021973,-0.021240,-0.995468
3.253899,0.021454,-0.020935,-0.996017
3.253933,0.021042,-0.021088,-0.998917
3.253965,0.021240,-0.021637,-1.006851
3.253997,0.022934,-0.022186,-1.021652
3.254027,0.027054,-0.022278,-1.043350
3.254056,0.034210,-0.021637,-1.069016
3.263632,0.044403,-0.020432,-1.092468
3.263719,0.056473,-0.019806,-1.105408
3.263740,0.067978,-0.022003,-1.098984
3.263751,0.075638,-0.029968,-1.066864
3.263761,0.076187,-0.046249,-1.008759
3.263771,0.067322,-0.071655,-0.930511
3.263781,0.048523,-0.104614,-0.842392
3.263790,0.021378,-0.141159,-0.757263
3.273498,-0.010468,-0.175400,-0.688599
3.273602,-0.041855,-0.200439,-0.647995
3.273630,-0.067139,-0.209747,-0.642365
3.273656,-0.081451,-0.198547,-0.673172
3.273680,-0.081848,-0.165222,-0.737015
3.273703,-0.067963,-0.112106,-0.826538
3.273726,-0.041901,-0.045273,-0.931183
3.273750,-0.007629,0.026581,-1.038727
3.283406,0.030014,0.093933,-1.137497
3.283526,0.066254,0.148315,-1.218307
3.283571,0.097168,0.183945,-1.275589
3.283612,0.120087,0.198471,-1.307770
3.283649,0.133713,0.193024,-1.316879
3.283696,0.137985,0.171509,-1.307449
3.283734,0.133804,0.139511,-1.285065
3.283779,0.122604,0.103012,-1.255310
3.293346,0.106018,0.067261,-1.222992
3.293453,0.085541,0.035843,-1.191345
3.293490,0.062439,0.010391,-1.161697
3.293567,0.037613,-0.009460,-1.133453
3.293592,0.011795,-0.025620,-1.104752
3.293623,-0.014297,-0.040573,-1.073242
3.293659,-0.039886,-0.056488,-1.036957
3.293686,-0.063858,-0.074509,-0.995163
3.303310,-0.084839,-0.094360,-0.948746
3.303691,-0.101288,-0.114487,-0.900085
3.303745,-0.111801,-0.132477,-0.852646
3.303778,-0.115265,-0.145645,-0.810379
3.303809,-0.111084,-0.151611,-0.777100
3.303838,-0.099274,-0.148804,-0.756134
3.303867,-0.080490,-0.136795,-0.749771
3.303906,-0.055954,-0.116440,-0.758789
3.313503,-0.027313,-0.089767,-0.782227
3.313621,0.003510,-0.059692,-0.817551
3.313651,0.034561,-0.029510,-0.861176
3.313679,0.063980,-0.002411,-0.908936
3.313703,0.090103,0.019043,-0.956650
3.313729,0.111664,0.033188,-1.000565
3.313752,0.127731,0.039383,-1.037735
3.313777,0.137878,0.037979,-1.066223
3.323325,0.142075,0.030228,-1.085129
3.323377,0.140594,0.017960,-1.094528
3.323390,0.134033,0.003387,-1.095276
3.323401,0.123093,-0.011353,-1.088882
3.323412,0.108551,-0.024490,-1.077057
3.323422,0.091248,-0.034821,-1.061539
3.323431,0.071976,-0.041840,-1.043823
3.323440,0.051575,-0.045654,-1.025162
3.334443,0.030869,-0.046738,-1.006577
3.334540,0.010742,-0.045837,-0.988892
3.334571,-0.007919,-0.043610,-0.972748
3.334597,-0.024323,-0.040619,-0.958664
3.334623,-0.037704,-0.037170,-0.947128
3.334647,-0.047516,-0.033371,-0.938629
3.334674,-0.053375,-0.029251,-0.933594
3.334698,-0.055161,-0.024841,-0.932251
3.343610,-0.053055,-0.020279,-0.934601
3.343722,-0.047470,-0.015778,-0.940491
3.343754,-0.038986,-0.011734,-0.949539
3.343779,-0.028366,-0.008575,-0.961166
3.343804,-0.016357,-0.006744,-0.974625
3.343829,-0.003754,-0.006561,-0.989075
3.343861,0.008713,-0.008270,-1.003616
3.343888,0.020477,-0.011871,-1.017395
3.353269,0.031021,-0.017181,-1.029587
3.353370,0.039948,-0.023788,-1.039566
3.353399,0.047028,-0.031113,-1.046890
3.353433,0.052109,-0.038467,-1.051315
3.353504,0.055130,-0.045197,-1.052750
3.353552,0.056168,-0.050690,-1.051315
3.353582,0.055283,-0.054474,-1.047211
3.353607,0.052673,-0.056229,-1.040771
3.363254,0.048523,-0.055893,-1.032471
3.363382,0.043137,-0.053513,-1.022842
3.363410,0.036819,-0.049301,-1.012482
3.363446,0.030029,-0.043579,-1.001923
3.363472,0.023193,-0.036728,-0.991714
3.363499,0.016815,-0.029175,-0.982376
3.363524,0.011337,-0.021317,-0.974319
3.363548,0.007172,-0.013535,-0.967880
3.373214,0.004562,-0.006241,-0.963242
3.373264,0.003662,0.000168,-0.960464
3.373278,0.004471,0.005341,-0.959457
3.373290,0.006821,0.008911,-0.960068
3.373300,0.010406,0.010620,-0.962006
3.373310,0.014832,0.010284,-0.965012
3.373319,0.019669,0.007874,-0.968796
3.373329,0.024460,0.003464,-0.973038
3.383221,0.028839,-0.002625,-0.977493
3.383389,0.032486,-0.010010,-0.981934
3.383428,0.035202,-0.018158,-0.986160
3.383455,0.036865,-0.026413,-0.990128
3.383489,0.037476,-0.034164,-0.993774
3.383516,0.037048,-0.040878,-0.997025
3.383541,0.035675,-0.046143,-0.999863
3.383567,0.033493,-0.049683,-1.002213
3.393236,0.030624,-0.051483,-1.004059
3.393371,0.027267,-0.051666,-1.005386
3.393417,0.023651,-0.050430,-1.006165
3.393459,0.019958,-0.048096,-1.006424
3.393497,0.016449,-0.044983,-1.006256
3.393534,0.013336,-0.041336,-1.005798
3.393572,0.010864,-0.037384,-1.005203
3.393610,0.009155,-0.033295,-1.004608
3.403307,0.008301,-0.029175,-1.004150
3.403443,0.008347,-0.025085,-1.003967
3.403512,0.009293,-0.021133,-1.004074
3.403563,0.011078,-0.017410,-1.004501
3.403602,0.013565,-0.014023,-1.005157
3.403642,0.016602,-0.011139,-1.005966
3.403678,0.020004,-0.008881,-1.006790
3.403724,0.023544,-0.007401,-1.007523
3.413232,0.026993,-0.006821,-1.008041
3.413369,0.030136,-0.007202,-1.008224
3.413406,0.032776,-0.008499,-1.008041
3.413437,0.034760,-0.010666,-1.007446
3.413467,0.036011,-0.013519,-1.006454
3.413506,0.036469,-0.016876,-1.005066
3.413536,0.036148,-0.020508,-1.003357
3.413566,0.035095,-0.024155,-1.001373
3.423197,0.033401,-0.027603,-0.999207
3.423287,0.031158,-0.030640,-0.996902
3.423321,0.028534,-0.033142,-0.994553
3.423352,0.025650,-0.035049,-0.992203
3.423381,0.022690,-0.036346,-0.989868
3.423411,0.019760,-0.037094,-0.987595
3.423439,0.016998,-0.037384,-0.985367
3.423468,0.014511,-0.037262,-0.983261
3.433168,0.012405,-0.036819,-0.981293
3.433289,0.010788,-0.036133,-0.979584
3.433325,0.009720,-0.035217,-0.978241
3.433356,0.009277,-0.034103,-0.977341
3.433385,0.009476,-0.032791,-0.976974
3.433413,0.010315,-0.031296,-0.977203
3.433451,0.011765,-0.029648,-0.977982
3.433481,0.013779,-0.027863,-0.979279
3.443140,0.016281,-0.026031,-0.980988
3.443261,0.019135,-0.024246,-0.983017
3.443295,0.022217,-0.022614,-0.985245
3.443326,0.025345,-0.021240,-0.987549
3.443356,0.028351,-0.020233,-0.989853
3.443386,0.031067,-0.019669,-0.992020
3.443416,0.033340,-0.019592,-0.993988
3.443446,0.035034,-0.019989,-0.995667
3.453283,0.036102,-0.020813,-0.996994
3.453641,0.036499,-0.021988,-0.997925
3.453694,0.036255,-0.023438,-0.998444
3.453731,0.035431,-0.025040,-0.998535
3.453763,0.034058,-0.026733,-0.998230
3.453794,0.032227,-0.028412,-0.997559
3.453824,0.030014,-0.030045,-0.996597
3.453879,0.027512,-0.031540,-0.995392
3.463131,0.024841,-0.032898,-0.994034
3.463244,0.022125,-0.034042,-0.992584
3.463278,0.019485,-0.034927,-0.991150
3.463308,0.017090,-0.035507,-0.989807
3.463337,0.015030,-0.035736,-0.988663
3.463373,0.013443,-0.035583,-0.987808
3.463404,0.012390,-0.035019,-0.987289
3.463432,0.011932,-0.034103,-0.987152
3.473098,0.012039,-0.032852,-0.987411
3.473215,0.012695,-0.031326,-0.988068
3.473249,0.013809,-0.029633,-0.989075
3.473280,0.015289,-0.027863,-0.990326
3.473309,0.017059,-0.026138,-0.991730
3.473338,0.018967,-0.024521,-0.993195
3.473367,0.020889,-0.023132,-0.994644
3.473395,0.022720,-0.022034,-0.995987
3.483130,0.024368,-0.021286,-0.997131
3.483265,0.025757,-0.020889,-0.998001
3.483319,0.026855,-0.020859,-0.998566
3.483361,0.027649,-0.021179,-0.998825
3.483399,0.028152,-0.021805,-0.998749
3.483436,0.028366,-0.022675,-0.998398
3.483485,0.028336,-0.023697,-0.997787
3.483522,0.028091,-0.024796,-0.997025
3.495026,0.027664,-0.025879,-0.996185
3.495311,0.027130,-0.026840,-0.995377
3.495349,0.026505,-0.027649,-0.994644
3.495377,0.025833,-0.028244,-0.994095
3.495402,0.025192,-0.028595,-0.993713
3.495427,0.024612,-0.028732,-0.993561
3.495549,0.024124,-0.028656,-0.993622
3.495598,0.023712,-0.028412,-0.993866
3.503226,0.023392,-0.027985,-0.994278
3.503468,0.023117,-0.027420,-0.994812
3.503505,0.022873,-0.026733,-0.995422
3.503533,0.022644,-0.025955,-0.996078
3.503589,0.022385,-0.025131,-0.996750
3.503620,0.022125,-0.024338,-0.997360
3.503646,0.021851,-0.023636,-0.997910
3.503672,0.021515,-0.023071,-0.998352
3.514835,0.021164,-0.022675,-0.998657
3.514930,0.020782,-0.022476,-0.998810
3.514946,0.020432,-0.022491,-0.998840
3.514959,0.020126,-0.022659,-0.998734
3.514970,0.019897,-0.023010,-0.998566
3.514981,0.019760,-0.023483,-0.998337
3.514993,0.019699,-0.024033,-0.998093
3.515004,0.019714,-0.024628,-0.997818
3.523094,0.019791,-0.025192,-0.997543
3.523149,0.019928,-0.025681,-0.997238
3.523164,0.020126,-0.026047,-0.996902
3.523176,0.020416,-0.026291,-0.996552
3.523186,0.020828,-0.026367,-0.996246
3.523198,0.021347,-0.026306,-0.995987
3.523209,0.021942,-0.026093,-0.995804
3.523218,0.022583,-0.025772,-0.995697
3.533111,0.023224,-0.025360,-0.995682
3.533231,0.023849,-0.024918,-0.995758
3.533520,0.024414,-0.024475,-0.995895
3.533595,0.024902,-0.024094,-0.996078
3.533638,0.025314,-0.023819,-0.996307
3.533678,0.025604,-0.023636,-0.996552
3.533720,0.025757,-0.023605,-0.996780
3.533759,0.025772,-0.023712,-0.996933
3.543053,0.025650,-0.023972,-0.997009
3.543146,0.025360,-0.024384,-0.996964
3.543177,0.024933,-0.024918,-0.996796
3.543204,0.024368,-0.025543,-0.996506
3.543231,0.023697,-0.026230,-0.996078
3.543257,0.022949,-0.026947,-0.995544
3.543292,0.022186,-0.027679,-0.994949
3.543319,0.021439,-0.028336,-0.994324
3.553034,0.020737,-0.028885,-0.993698
3.553124,0.020142,-0.029297,-0.993149
3.553151,0.019638,-0.029556,-0.992676
3.553178,0.019257,-0.029648,-0.992355
3.553204,0.019012,-0.029572,-0.992142
3.553228,0.018875,-0.029373,-0.992050
3.553253,0.018875,-0.029083,-0.992050
3.553277,0.018997,-0.028763,-0.992126
3.563130,0.019241,-0.028442,-0.992264
3.563248,0.019623,-0.028152,-0.992447
3.563276,0.020126,-0.027878,-0.992661
3.563312,0.020721,-0.027634,-0.992874
3.563338,0.021393,-0.027405,-0.993103
3.563362,0.022095,-0.027206,-0.993301
3.563397,0.022812,-0.027054,-0.993500
3.563422,0.023483,-0.026947,-0.993652
3.573141,0.024094,-0.026901,-0.993729
3.573249,0.024597,-0.026932,-0.993729
3.573276,0.024979,-0.027054,-0.993637
3.573302,0.025208,-0.027283,-0.993439
3.573340,0.025299,-0.027588,-0.993179
3.573367,0.025253,-0.027939,-0.992889
3.573390,0.025085,-0.028290,-0.992599
3.573414,0.024826,-0.028641,-0.992325
3.583039,0.024475,-0.028946,-0.992096
3.583165,0.024033,-0.029205,-0.991882
3.583197,0.023560,-0.029373,-0.991714
3.583223,0.023071,-0.029465,-0.991547
3.583250,0.022614,-0.029465,-0.991409
3.583275,0.022186,-0.029388,-0.991287
3.583299,0.021866,-0.029266,-0.991180
3.583323,0.021652,-0.029114,-0.991089
3.593045,0.021576,-0.028946,-0.991013
3.593213,0.021561,-0.028763,-0.990967
3.593275,0.021606,-0.028564,-0.990906
3.593333,0.021637,-0.028366,-0.990860
3.593388,0.021637,-0.028183,-0.990814
3.593440,0.021591,-0.028030,-0.990768
3.593493,0.021500,-0.027954,-0.990753
3.593556,0.021393,-0.028015,-0.990768
3.603164,0.021286,-0.028229,-0.990860
3.603291,0.021210,-0.028595,-0.991043
3.603319,0.021210,-0.029053,-0.991348
3.603351,0.021301,-0.029541,-0.991730
3.603477,0.021454,-0.029938,-0.992188
3.603519,0.021698,-0.030182,-0.992661
3.603546,0.022018,-0.030212,-0.993164
3.603573,0.022400,-0.030029,-0.993637
3.613078,0.022797,-0.029602,-0.994095
3.613195,0.023209,-0.028961,-0.994537
3.613232,0.023590,-0.028183,-0.994934
3.613264,0.023926,-0.027298,-0.995316
3.613296,0.024170,-0.026413,-0.995636
3.613324,0.024323,-0.025528,-0.995911
3.613353,0.024353,-0.024734,-0.996109
3.613392,0.024277,-0.024033,-0.996246
3.622957,0.024109,-0.023468,-0.996323
3.623066,0.023849,-0.023056,-0.996323
3.623098,0.023499,-0.022812,-0.996307
3.623123,0.023087,-0.022720,-0.996262
3.623148,0.022659,-0.022736,-0.996216
3.623171,0.022232,-0.022842,-0.996185
3.623195,0.021820,-0.022995,-0.996170
3.623220,0.021423,-0.023209,-0.996185
3.632962,0.021072,-0.023438,-0.996216
3.633054,0.020767,-0.023666,-0.996246
3.633090,0.020538,-0.023895,-0.996262
3.633134,0.020401,-0.024094,-0.996292
3.633205,0.020370,-0.024277,-0.996323
3.633406,0.020416,-0.024429,-0.996353
3.633447,0.020554,-0.024567,-0.996399
3.633479,0.020767,-0.024719,-0.996445
3.643322,0.021027,-0.024887,-0.996490
3.643477,0.021286,-0.025070,-0.996521
3.643560,0.021545,-0.025269,-0.996552
3.643611,0.021774,-0.025482,-0.996567
3.643649,0.021957,-0.025681,-0.996582
3.643698,0.022125,-0.025848,-0.996582
3.643736,0.022293,-0.025970,-0.996552
3.643775,0.022461,-0.026047,-0.996475
3.654260,0.022644,-0.026077,-0.996353
3.654371,0.022812,-0.026031,-0.996201
3.654798,0.022949,-0.025909,-0.996048
3.654841,0.023056,-0.025711,-0.995895
3.654868,0.023132,-0.025467,-0.995773
3.654893,0.023193,-0.025177,-0.995697
3.654919,0.023224,-0.024872,-0.995621
3.654945,0.023224,-0.024567,-0.995575
3.663014,0.023193,-0.024307,-0.995529
3.663130,0.023148,-0.024109,-0.995483
3.663165,0.023117,-0.024002,-0.995407
3.663195,0.023087,-0.023987,-0.995300
3.663227,0.023087,-0.024063,-0.995148
3.663257,0.023132,-0.024231,-0.994949
3.663288,0.023224,-0.024460,-0.994705
3.663316,0.023315,-0.024750,-0.994476
3.672946,0.023422,-0.025070,-0.994247
3.673043,0.023499,-0.025406,-0.994080
3.673078,0.023499,-0.025772,-0.993988
3.673108,0.023407,-0.026154,-0.993973
3.673137,0.023209,-0.026520,-0.994019
3.673166,0.022919,-0.026901,-0.994110
3.673194,0.022598,-0.027283,-0.994217
3.673223,0.022278,-0.027649,-0.994308
3.682916,0.022003,-0.028000,-0.994354
3.683009,0.021820,-0.028290,-0.994370
3.683044,0.021744,-0.028519,-0.994339
3.683074,0.021759,-0.028671,-0.994263
3.683104,0.021851,-0.028763,-0.994156
3.683135,0.021973,-0.028778,-0.994034
3.683165,0.022095,-0.028732,-0.993881
3.683197,0.022217,-0.028656,-0.993713
3.693002,0.022278,-0.028534,-0.993546
3.693132,0.022278,-0.028351,-0.993378
3.693163,0.022247,-0.028137,-0.993225
3.693192,0.022202,-0.027878,-0.993103
3.693217,0.022186,-0.027618,-0.992996
3.693241,0.022232,-0.027359,-0.992905
3.693273,0.022369,-0.027145,-0.992783
3.693299,0.022568,-0.026978,-0.992645
3.703039,0.022781,-0.026886,-0.992493
3.703159,0.022980,-0.026871,-0.992294
3.703190,0.023163,-0.026947,-0.992096
3.703218,0.023285,-0.027100,-0.991898
3.703243,0.023376,-0.027313,-0.991699
3.703267,0.023438,-0.027573,-0.991531
3.703374,0.023468,-0.027878,-0.991394
3.703399,0.023483,-0.028183,-0.991287
3.712899,0.023483,-0.028488,-0.991226
3.713029,0.023483,-0.028793,-0.991180
3.713069,0.023468,-0.029053,-0.991165
3.713099,0.023453,-0.029251,-0.991150
3.713124,0.023453,-0.029373,-0.991165
3.713153,0.023453,-0.029404,-0.991196
3.713179,0.023468,-0.029343,-0.991241
3.713203,0.023499,-0.029190,-0.991302
3.722886,0.023544,-0.028961,-0.991348
3.723011,0.023590,-0.028656,-0.991394
3.723045,0.023621,-0.028305,-0.991455
3.723079,0.023636,-0.027924,-0.991562
3.723111,0.023621,-0.027527,-0.991699
3.723139,0.023560,-0.027161,-0.991882
3.723167,0.023453,-0.026840,-0.992065
3.723196,0.023300,-0.026596,-0.992249
3.732868,0.023148,-0.026459,-0.992401
3.732982,0.023010,-0.026459,-0.992538
3.733016,0.022919,-0.026611,-0.992889
3.733046,0.023056,-0.027023,-0.994644
3.733077,0.023941,-0.027740,-0.999512
3.733107,0.026489,-0.028488,-1.008072
3.733136,0.031494,-0.029144,-1.019562
3.733166,0.039230,-0.029831,-1.032211
3.742841,0.049271,-0.030914,-1.042221
3.742973,0.060120,-0.033264,-1.044983
3.743019,0.069305,-0.038376,-1.036285
3.743072,0.073944,-0.047974,-1.012680
3.743111,0.071564,-0.063309,-0.973053
3.743159,0.060730,-0.084290,-0.919937
3.743198,0.041595,-0.109161,-0.859406
3.743236,0.016113,-0.134415,-0.800064
3.752858,-0.012192,-0.155533,-0.751617
3.753111,-0.038895,-0.167740,-0.723145
3.753143,-0.059326,-0.167084,-0.720825
3.753376,-0.069565,-0.151108,-0.746582
3.753435,-0.067337,-0.119720,-0.798447
3.753473,-0.052444,-0.075317,-0.871170
3.753500,-0.026825,-0.022598,-0.956787
3.753527,0.005981,0.032181,-1.045731
3.764099,0.041687,0.082428,-1.128677
3.764228,0.075928,0.122375,-1.197983
3.764259,0.105072,0.148178,-1.248672
3.764293,0.126633,0.158463,-1.278778
3.764328,0.139297,0.154297,-1.289383
3.764355,0.142883,0.138611,-1.283905
3.764382,0.138046,0.115433,-1.266617
3.764407,0.126068,0.088943,-1.241806
3.772812,0.108398,0.062698,-1.213150
3.772894,0.086578,0.039078,-1.183243
3.772922,0.061951,0.019058,-1.153229
3.772951,0.035599,0.002304,-1.122971
3.772975,0.008392,-0.012497,-1.091568
3.772999,-0.018860,-0.027069,-1.057846
3.773023,-0.045380,-0.042862,-1.020828
3.773047,-0.070145,-0.060440,-0.980377
3.782839,-0.091873,-0.079315,-0.937546
3.782942,-0.109146,-0.097931,-0.894623
3.782979,-0.120514,-0.114151,-0.854675
3.783008,-0.124817,-0.125626,-0.820969
3.783034,-0.121429,-0.130508,-0.796478
3.783067,-0.110352,-0.127655,-0.783585
3.783092,-0.092194,-0.117020,-0.783661
3.783124,-0.068192,-0.099533,-0.796860
3.792758,-0.039978,-0.077087,-0.821869
3.793009,-0.009445,-0.052231,-0.856186
3.793041,0.021469,-0.027771,-0.896576
3.793066,0.050980,-0.006302,-0.939438
3.793091,0.077530,0.010071,-0.981186
3.793117,0.099915,0.020096,-1.018677
3.793141,0.117310,0.023376,-1.049545
3.793166,0.129303,0.020416,-1.072403
3.802732,0.135818,0.012390,-1.086731
3.802821,0.137054,0.001038,-1.092697
3.802849,0.133453,-0.011673,-1.091171
3.802875,0.125549,-0.023941,-1.083420
3.802899,0.113998,-0.034271,-1.070938
3.802929,0.099457,-0.041687,-1.055130
3.802954,0.082565,-0.045837,-1.037277
3.802980,0.064072,-0.046875,-1.018494
3.813182,0.044739,-0.045288,-0.999817
3.813352,0.025391,-0.041779,-0.982117
3.813384,0.006927,-0.037018,-0.966110
3.813420,-0.009811,-0.031601,-0.952423
3.813473,-0.024033,-0.025986,-0.941544
3.813500,-0.035141,-0.020477,-0.933899
3.813524,-0.042694,-0.015289,-0.929810
3.813554,-0.046570,-0.010681,-0.929398
3.824498,-0.046814,-0.006866,-0.932617
3.824619,-0.043762,-0.004135,-0.939224
3.824765,-0.037872,-0.002777,-0.948776
3.824793,-0.029755,-0.003036,-0.960663
3.824818,-0.020111,-0.005081,-0.974136
3.824843,-0.009628,-0.008926,-0.988388
3.824867,0.000992,-0.014450,-1.002609
3.824891,0.011246,-0.021332,-1.016022
3.832816,0.020691,-0.029068,-1.027863
3.832968,0.028992,-0.037048,-1.037521
3.833009,0.035965,-0.044632,-1.044586
3.833044,0.041489,-0.051132,-1.048798
3.833081,0.045517,-0.055969,-1.050095
3.833107,0.048050,-0.058746,-1.048553
3.833136,0.049057,-0.059265,-1.044388
3.833163,0.048615,-0.057526,-1.037918
3.842774,0.046829,-0.053726,-1.029587
3.842943,0.043884,-0.048187,-1.019897
3.842978,0.040009,-0.041351,-1.009430
3.843015,0.035553,-0.033707,-0.998703
3.843044,0.030869,-0.025726,-0.988312
3.843079,0.026367,-0.017853,-0.978745
3.843106,0.022385,-0.010529,-0.970367
3.843141,0.019241,-0.004089,-0.963501
3.852959,0.017136,0.001083,-0.958328
3.853076,0.016174,0.004745,-0.954941
3.853215,0.016327,0.006683,-0.953323
3.853264,0.017456,0.006744,-0.953369
3.853300,0.019379,0.004883,-0.954865
3.853327,0.021851,0.001160,-0.957611
3.853369,0.024597,-0.004196,-0.961365
3.853396,0.027328,-0.010910,-0.965927
3.862738,0.029785,-0.018494,-0.971039
3.862838,0.031723,-0.026428,-0.976501
3.862869,0.032974,-0.034149,-0.982086
3.862897,0.033447,-0.041107,-0.987625
3.862926,0.033096,-0.046814,-0.992889
3.862953,0.031921,-0.050964,-0.997665
3.862980,0.030014,-0.053329,-1.001770
3.863007,0.027466,-0.053909,-1.005051
3.872678,0.024414,-0.052811,-1.007416
3.872777,0.020996,-0.050262,-1.008804
3.872805,0.017426,-0.046585,-1.009293
3.872829,0.013885,-0.042160,-1.008957
3.872854,0.010605,-0.037338,-1.008011
3.872882,0.007782,-0.032455,-1.006592
3.872905,0.005600,-0.027771,-1.004944
3.872929,0.004242,-0.023483,-1.003250
3.882706,0.003830,-0.019714,-1.001740
3.882809,0.004410,-0.016525,-1.000549
3.882840,0.006027,-0.013916,-0.999817
3.882869,0.008636,-0.011917,-0.999557
3.882897,0.012131,-0.010529,-0.999802
3.882922,0.016327,-0.009750,-1.000473
3.882946,0.020966,-0.009583,-1.001511
3.882972,0.025772,-0.010056,-1.002747
3.893049,0.030441,-0.011139,-1.004044
3.893187,0.034668,-0.012817,-1.005264
3.893219,0.038239,-0.015015,-1.006287
3.893248,0.040939,-0.017670,-1.007019
3.893274,0.042633,-0.020615,-1.007401
3.893300,0.043259,-0.023682,-1.007385
3.893327,0.042801,-0.026703,-1.006958
3.893352,0.041336,-0.029495,-1.006134
3.902676,0.039001,-0.031906,-1.004868
3.902796,0.035934,-0.033798,-1.003220
3.902829,0.032303,-0.035141,-1.001160
3.902908,0.028320,-0.035904,-0.998764
3.902937,0.024170,-0.036163,-0.996078
3.902965,0.020065,-0.035980,-0.993195
3.902994,0.016159,-0.035492,-0.990234
3.903019,0.012665,-0.034790,-0.987289
3.912677,0.009720,-0.033951,-0.984512
3.912796,0.007477,-0.033020,-0.982040
3.912827,0.006058,-0.032013,-0.980026
3.912853,0.005524,-0.030884,-0.978592
3.912879,0.005890,-0.029633,-0.977798
3.912904,0.007126,-0.028275,-0.977707
3.912931,0.009155,-0.026840,-0.978333
3.912956,0.011856,-0.025375,-0.979614
3.922662,0.015076,-0.023956,-0.981476
3.922755,0.018600,-0.022690,-0.983826
3.922783,0.022247,-0.021652,-0.986526
3.922808,0.025803,-0.020905,-0.989441
3.922832,0.029099,-0.020493,-0.992416
3.922856,0.031982,-0.020432,-0.995316
3.922880,0.034317,-0.020737,-0.997986
3.922904,0.036026,-0.021347,-1.000290
3.932713,0.037064,-0.022217,-1.002121
3.932814,0.037384,-0.023300,-1.003387
3.932852,0.036987,-0.024551,-1.004044
3.932878,0.035919,-0.025925,-1.004074
3.932903,0.034210,-0.027328,-1.003510
3.932928,0.031967,-0.028732,-1.002411
3.932955,0.029312,-0.030029,-1.000854
3.932982,0.026398,-0.031158,-0.998978
3.942721,0.023361,-0.032074,-0.996933
3.942821,0.020370,-0.032730,-0.994843
3.942850,0.017593,-0.033096,-0.992844
3.942891,0.015121,-0.033173,-0.991074
3.942915,0.013123,-0.032959,-0.989655
3.942939,0.011642,-0.032501,-0.988647
3.942965,0.010757,-0.031845,-0.988098
3.942990,0.010498,-0.031036,-0.987976
3.952699,0.010849,-0.030090,-0.988235
3.953017,0.011734,-0.029068,-0.988831
3.953052,0.013092,-0.028015,-0.989700
3.953080,0.014816,-0.026993,-0.990738
3.953555,0.016769,-0.026047,-0.991882
3.953959,0.018814,-0.025238,-0.993042
3.954006,0.020828,-0.024643,-0.994141
3.954035,0.022690,-0.024307,-0.995102
3.962735,0.024307,-0.024261,-0.995834
3.962856,0.025635,-0.024475,-0.996307
3.962888,0.026611,-0.024933,-0.996521
3.962915,0.027283,-0.025589,-0.996475
3.962945,0.027649,-0.026352,-0.996155
3.962970,0.027725,-0.027191,-0.995621
3.962995,0.027542,-0.028015,-0.994904
3.963021,0.027145,-0.028793,-0.994080
3.972626,0.026566,-0.029465,-0.993179
3.972718,0.025864,-0.029999,-0.992249
3.972747,0.025085,-0.030365,-0.991333
3.972773,0.024292,-0.030548,-0.990479
3.972796,0.023575,-0.030533,-0.989731
3.972820,0.022964,-0.030304,-0.989136
3.972844,0.022507,-0.029831,-0.988724
3.972867,0.022202,-0.029129,-0.988541
3.982844,0.022064,-0.028214,-0.988617
3.982949,0.022064,-0.027161,-0.988968
3.982981,0.022156,-0.026062,-0.989609
3.983008,0.022308,-0.024994,-0.990494
3.983035,0.022461,-0.024078,-0.991547
3.983063,0.022614,-0.023361,-0.992722
3.983089,0.022705,-0.022934,-0.993912
3.983114,0.022720,-0.022797,-0.995056
3.992907,0.022675,-0.022949,-0.996124
3.993045,0.022552,-0.023331,-0.997040
3.993077,0.022354,-0.023911,-0.997772
3.993104,0.022079,-0.024628,-0.998276
3.993131,0.021729,-0.025406,-0.998566
3.993157,0.021332,-0.026245,-0.998627
3.993183,0.020920,-0.027069,-0.998489
3.993212,0.020523,-0.027832,-0.998169
4.002704,0.020203,-0.028473,-0.997757
4.003188,0.020020,-0.028931,-0.997314
4.003241,0.019958,-0.029205,-0.996933
4.003373,0.020050,-0.029266,-0.996674
4.003414,0.020309,-0.029114,-0.996567
4.003443,0.020691,-0.028732,-0.996613
4.003471,0.021164,-0.028198,-0.996780
4.003497,0.021713,-0.027512,-0.997025
4.013230,0.022293,-0.026764,-0.997284
4.013294,0.022873,-0.026016,-0.997528
4.013308,0.023407,-0.025345,-0.997711
4.013320,0.023911,-0.024796,-0.997833
4.013330,0.024323,-0.024368,-0.997864
4.013340,0.024673,-0.024078,-0.997818
4.013350,0.024918,-0.023911,-0.997665
4.013360,0.025055,-0.023819,-0.997406
4.022586,0.025070,-0.023773,-0.997055
4.022653,0.024963,-0.023773,-0.996613
4.022667,0.024734,-0.023804,-0.996140
4.022679,0.024338,-0.023880,-0.995651
4.022689,0.023849,-0.024033,-0.995224
4.022699,0.023270,-0.024246,-0.994843
4.022709,0.022675,-0.024536,-0.994537
4.022718,0.022079,-0.024887,-0.994293
4.032612,0.021515,-0.025269,-0.994110
4.032774,0.021027,-0.025635,-0.994003
4.032794,0.020615,-0.026001,-0.993958
4.032806,0.020279,-0.026337,-0.993973
4.032817,0.020035,-0.026627,-0.994049
4.032827,0.019897,-0.026871,-0.994141
4.032837,0.019852,-0.027100,-0.994263
4.032849,0.019913,-0.027313,-0.994370
4.042522,0.020096,-0.027496,-0.994507
4.042652,0.020370,-0.027634,-0.994644
4.042672,0.020767,-0.027740,-0.994812
4.042685,0.021240,-0.027771,-0.995010
4.042697,0.021774,-0.027740,-0.995209
4.042708,0.022308,-0.027634,-0.995438
4.042718,0.022842,-0.027466,-0.995636
4.042728,0.023315,-0.027237,-0.995804
4.052555,0.023727,-0.027008,-0.995895
4.052620,0.024078,-0.026794,-0.995926
4.052635,0.024338,-0.026611,-0.995895
4.052646,0.024521,-0.026489,-0.995804
4.052656,0.024597,-0.026398,-0.995651
4.052668,0.024582,-0.026337,-0.995422
4.052685,0.024460,-0.026306,-0.995117
4.052697,0.024261,-0.026306,-0.994720
4.062826,0.024017,-0.026337,-0.994263
4.063200,0.023727,-0.026413,-0.993744
4.063230,0.023392,-0.026535,-0.993225
4.063298,0.023041,-0.026672,-0.992722
4.063326,0.022675,-0.026794,-0.992294
4.063352,0.022293,-0.026917,-0.991959
4.063376,0.021927,-0.026993,-0.991714
4.063400,0.021576,-0.027054,-0.991577
4.072660,0.021255,-0.027100,-0.991516
4.072775,0.021011,-0.027161,-0.991455
4.072804,0.020859,-0.027237,-0.991409
4.072829,0.020798,-0.027390,-0.991348
4.072854,0.020813,-0.027588,-0.991302
4.072887,0.020905,-0.027802,-0.991272
4.072935,0.021057,-0.028015,-0.991272
4.072961,0.021240,-0.028198,-0.991318
4.082541,0.021469,-0.028320,-0.991440
4.082654,0.021713,-0.028351,-0.991608
4.082684,0.021942,-0.028320,-0.991837
4.082711,0.022171,-0.028198,-0.992126
4.082736,0.022385,-0.028030,-0.992447
4.082760,0.022583,-0.027832,-0.992767
4.082784,0.022766,-0.027618,-0.993042
4.082818,0.022919,-0.027420,-0.993286
4.093065,0.023026,-0.027222,-0.993423
4.099018,0.023087,-0.027039,-0.993439
4.099135,0.023102,-0.026886,-0.993378
4.099172,0.023087,-0.026733,-0.993256
4.099207,0.023041,-0.026596,-0.993118
4.099248,0.022934,-0.026505,-0.993011
4.099289,0.022827,-0.026428,-0.992966
4.099321,0.022705,-0.026398,-0.993011
4.102562,0.022583,-0.026413,-0.993118
4.102711,0.022461,-0.026474,-0.993317
4.102755,0.022339,-0.026581,-0.993576
4.102797,0.022232,-0.026703,-0.993881
4.102836,0.022141,-0.026810,-0.994202
4.102861,0.022095,-0.026917,-0.994522
4.102892,0.022110,-0.026993,-0.994843
4.102932,0.022186,-0.027008,-0.995132
4.112497,0.022324,-0.026978,-0.995422
4.112766,0.022476,-0.026886,-0.995697
4.112808,0.022598,-0.026733,-0.995956
4.112838,0.022705,-0.026550,-0.996170
4.112864,0.022751,-0.026367,-0.996307
4.112898,0.022751,-0.026199,-0.996399
4.112923,0.022705,-0.026031,-0.996399
4.112947,0.022614,-0.025894,-0.996338
4.122455,0.022491,-0.025757,-0.996185
4.133349,0.022324,-0.025620,-0.995972
4.133420,0.022141,-0.025528,-0.995728
4.133447,0.021942,-0.025452,-0.995468
4.133475,0.021713,-0.025436,-0.995224
4.133500,0.021500,-0.025482,-0.995026
4.133527,0.021301,-0.025574,-0.994858
4.133553,0.021149,-0.025726,-0.994736
4.133586,0.021103,-0.025909,-0.994690
4.133613,0.021194,-0.026093,-0.994705
4.133638,0.021408,-0.026245,-0.994827
4.133663,0.021759,-0.026321,-0.995010
4.133688,0.022171,-0.026367,-0.995255
4.133712,0.022614,-0.026352,-0.995514
4.133738,0.023056,-0.026321,-0.995758
4.133762,0.023438,-0.026276,-0.996002
4.144105,0.023697,-0.026230,-0.996201
4.144875,0.023865,-0.026230,-0.996323
4.144933,0.023895,-0.026230,-0.996384
4.144962,0.023865,-0.026245,-0.996368
4.144987,0.023804,-0.026276,-0.996338
4.145011,0.023712,-0.026260,-0.996277
4.145035,0.023621,-0.026245,-0.996201
4.145059,0.023529,-0.026215,-0.996109
4.152745,0.023422,-0.026199,-0.995987
4.152872,0.023300,-0.026199,-0.995804
4.153027,0.023132,-0.026230,-0.995575
4.153066,0.022888,-0.026276,-0.995300
4.153095,0.022614,-0.026352,-0.994995
4.153119,0.022293,-0.026413,-0.994736
4.153160,0.021957,-0.026474,-0.994507
4.153194,0.021652,-0.026489,-0.994324
4.162970,0.021393,-0.026459,-0.994171
4.163095,0.021210,-0.026367,-0.994049
4.163132,0.021103,-0.026276,-0.993927
4.163160,0.021088,-0.026199,-0.993835
4.163189,0.021149,-0.026184,-0.993790
4.163216,0.021301,-0.026245,-0.993805
4.163240,0.021515,-0.026413,-0.993851
4.163264,0.021790,-0.026642,-0.993973
4.172724,0.022095,-0.026917,-0.994156
4.172862,0.022430,-0.027176,-0.994370
4.172892,0.022751,-0.027359,-0.994598
4.172918,0.023010,-0.027466,-0.994812
4.173183,0.023193,-0.027466,-0.994980
4.173215,0.023315,-0.027359,-0.995087
4.173242,0.023331,-0.027206,-0.995117
4.173267,0.023300,-0.027054,-0.995087
4.182541,0.023209,-0.026947,-0.994965
4.182647,0.023102,-0.026901,-0.994781
4.182677,0.023026,-0.026901,-0.994537
4.182705,0.022964,-0.026947,-0.994263
4.182733,0.022949,-0.027008,-0.994003
4.182760,0.022980,-0.027100,-0.993744
4.182786,0.023010,-0.027176,-0.993500
4.182810,0.023026,-0.027237,-0.993225
4.193973,0.023026,-0.027283,-0.992950
4.194250,0.023010,-0.027328,-0.992676
4.194284,0.022964,-0.027374,-0.992386
4.195078,0.022903,-0.027435,-0.992096
4.195134,0.022827,-0.027512,-0.991821
4.195162,0.022736,-0.027618,-0.991592
4.195188,0.022659,-0.027740,-0.991409
4.195212,0.022598,-0.027832,-0.991318
4.202560,0.022598,-0.027924,-0.991272
4.202683,0.022629,-0.027969,-0.991272
4.202716,0.022690,-0.027969,-0.991318
4.202744,0.022781,-0.027954,-0.991394
4.202770,0.022873,-0.027939,-0.991470
4.202795,0.022980,-0.027893,-0.991577
4.202823,0.023087,-0.027847,-0.991669
4.202848,0.023178,-0.027786,-0.991791
4.212556,0.023270,-0.027695,-0.991928
4.213221,0.023346,-0.027557,-0.992065
4.213275,0.023392,-0.027405,-0.992188
4.213305,0.023422,-0.027222,-0.992294
4.213331,0.023438,-0.027023,-0.992355
4.213356,0.023422,-0.026825,-0.992416
4.213383,0.023346,-0.026657,-0.992477
4.213409,0.023239,-0.026520,-0.992569
4.222633,0.023102,-0.026413,-0.992691
4.223725,0.022995,-0.026321,-0.992874
4.223810,0.022919,-0.026215,-0.993073
4.223838,0.022858,-0.026062,-0.993271
4.223864,0.022659,-0.025803,-0.993637
4.223888,0.021759,-0.025314,-0.995575
4.223911,0.019272,-0.024338,-1.003433
4.223935,0.014694,-0.022095,-1.024368
4.232473,0.008957,-0.017319,-1.063995
4.232599,0.004639,-0.008423,-1.120544
4.232636,0.005112,0.005280,-1.182373
4.232665,0.012695,0.022232,-1.231323
4.232689,0.027161,0.037811,-1.249023
4.232714,0.045319,0.045197,-1.222672
4.232738,0.061798,0.037521,-1.149597
4.232771,0.070618,0.010147,-1.038269
4.245544,0.067062,-0.037659,-0.904999
4.245686,0.049240,-0.102097,-0.769135
4.245716,0.018784,-0.174866,-0.649170
4.245751,-0.019150,-0.244019,-0.560074
4.245778,-0.057129,-0.295975,-0.511917
4.245802,-0.087036,-0.318481,-0.509537
4.245835,-0.102173,-0.303940,-0.552963
4.245861,-0.098877,-0.251907,-0.637558
4.252564,-0.077103,-0.169449,-0.753479
4.252718,-0.040146,-0.069321,-0.886185
4.252750,0.006424,0.033142,-1.019333
4.252999,0.056122,0.123627,-1.138184
4.253032,0.102814,0.191528,-1.232315
4.253065,0.141708,0.231400,-1.296478
4.253091,0.169830,0.242874,-1.330353
4.253117,0.186005,0.229813,-1.337494
4.263031,0.190582,0.198914,-1.323730
4.263110,0.184998,0.158310,-1.296051
4.263126,0.171249,0.115967,-1.261612
4.263138,0.151382,0.078323,-1.226715
4.263148,0.127182,0.049133,-1.195496
4.263158,0.099915,0.029022,-1.169052
4.263168,0.070358,0.015884,-1.145584
4.263177,0.038925,0.005814,-1.121429
4.272623,0.005936,-0.005402,-1.092346
4.272743,-0.027985,-0.021210,-1.055176
4.272772,-0.061707,-0.043320,-1.008835
4.272799,-0.093491,-0.071518,-0.954376
4.272824,-0.121063,-0.103699,-0.894577
4.272849,-0.142090,-0.136398,-0.833527
4.272873,-0.154449,-0.165405,-0.776428
4.272898,-0.156723,-0.186554,-0.729050
4.282423,-0.148376,-0.196564,-0.696609
4.282566,-0.129883,-0.193695,-0.682800
4.282632,-0.102585,-0.178085,-0.689117
4.282661,-0.068588,-0.151779,-0.714722
4.282687,-0.030396,-0.118088,-0.756699
4.282713,0.009293,-0.080978,-0.810715
4.282739,0.047913,-0.044357,-0.871704
4.282763,0.083176,-0.011673,-0.934616
4.292958,0.113205,0.014435,-0.994873
4.293081,0.136719,0.032333,-1.048569
4.293111,0.152954,0.041489,-1.092697
4.293137,0.161728,0.042496,-1.125519
4.293180,0.163315,0.036926,-1.146606
4.293204,0.158295,0.027054,-1.156769
4.293228,0.147537,0.015289,-1.157440
4.293252,0.131989,0.003799,-1.150253
4.302376,0.112610,-0.005951,-1.136780
4.302478,0.090378,-0.013336,-1.118454
4.302511,0.066238,-0.018402,-1.096451
4.302540,0.041107,-0.021713,-1.071808
4.302569,0.015945,-0.023956,-1.045395
4.302594,-0.008270,-0.025803,-1.018234
4.302620,-0.030502,-0.027664,-0.991455
4.302646,-0.049667,-0.029694,-0.966278
4.312413,-0.064713,-0.031738,-0.943954
4.312816,-0.074829,-0.033493,-0.925613
4.312911,-0.079483,-0.034531,-0.912247
4.312975,-0.078506,-0.034531,-0.904587
4.313012,-0.072189,-0.033325,-0.902985
4.313084,-0.061127,-0.031006,-0.907303
4.313114,-0.046249,-0.027969,-0.917023
4.313167,-0.028641,-0.024841,-0.931198
4.322313,-0.009430,-0.022308,-0.948593
4.322474,0.010193,-0.021042,-0.967758
4.322505,0.029175,-0.021439,-0.987183
4.322520,0.046524,-0.023590,-1.005585
4.322532,0.061401,-0.027298,-1.021957
4.322544,0.073181,-0.032135,-1.035538
4.322554,0.081436,-0.037506,-1.045807
4.322564,0.085922,-0.042786,-1.052368
4.332343,0.086609,-0.047440,-1.055084
4.332557,0.083664,-0.050964,-1.054047
4.332591,0.077454,-0.053055,-1.049576
4.332624,0.068481,-0.053513,-1.042175
4.332653,0.057419,-0.052322,-1.032455
4.332682,0.045013,-0.049622,-1.021118
4.332709,0.032089,-0.045639,-1.008911
4.332735,0.019424,-0.040588,-0.996536
4.347484,0.007797,-0.034729,-0.984741
4.347629,-0.002151,-0.028244,-0.974213
4.347661,-0.009888,-0.021317,-0.965561
4.347690,-0.015030,-0.014160,-0.959244
4.347716,-0.017380,-0.007004,-0.955490
4.347741,-0.016968,-0.000168,-0.954300
4.347766,-0.013992,0.005951,-0.955521
4.347791,-0.008865,0.010925,-0.958801
4.352332,-0.002136,0.014297,-0.963730
4.352458,0.005585,0.015732,-0.969772
4.352491,0.013672,0.015015,-0.976425
4.352519,0.021530,0.012070,-0.983170
4.352545,0.028702,0.007080,-0.989655
4.352570,0.034805,0.000366,-0.995590
4.352596,0.039597,-0.007553,-1.000793
4.352620,0.042984,-0.016113,-1.005188
4.362294,0.044937,-0.024765,-1.008728
4.362423,0.045486,-0.032944,-1.011429
4.362454,0.044754,-0.040222,-1.013245
4.362482,0.042816,-0.046310,-1.014191
4.362510,0.039841,-0.050964,-1.014236
4.362536,0.035995,-0.054153,-1.013428
4.362562,0.031494,-0.055862,-1.011841
4.362586,0.026611,-0.056183,-1.009644
4.372484,0.021591,-0.055222,-1.007019
4.372601,0.016754,-0.053085,-1.004227
4.372631,0.012360,-0.049866,-1.001556
4.372657,0.008682,-0.045639,-0.999207
4.372683,0.005951,-0.040527,-0.997406
4.372707,0.004318,-0.034683,-0.996262
4.372732,0.003876,-0.028305,-0.995850
4.372756,0.004608,-0.021729,-0.996155
4.382288,0.006439,-0.015289,-0.997086
4.382404,0.009232,-0.009369,-0.998444
4.382433,0.012787,-0.004395,-1.000046
4.382507,0.016861,-0.000671,-1.001709
4.382544,0.021179,0.001556,-1.003265
4.382573,0.025497,0.002167,-1.004578
4.382599,0.029526,0.001175,-1.005554
4.382623,0.033081,-0.001328,-1.006134
4.392329,0.035950,-0.005112,-1.006317
4.394609,0.038040,-0.009827,-1.006104
4.395313,0.039276,-0.015121,-1.005524
4.395344,0.039627,-0.020584,-1.004623
4.395372,0.039093,-0.025864,-1.003448
4.395401,0.037750,-0.030685,-1.002029
4.395427,0.035660,-0.034821,-1.000381
4.396270,0.032928,-0.038101,-0.998505
4.402317,0.029648,-0.040466,-0.996399
4.402418,0.025970,-0.041870,-0.994110
4.402449,0.022064,-0.042328,-0.991684
4.402478,0.018127,-0.041916,-0.989197
4.402510,0.014404,-0.040787,-0.986755
4.402537,0.011093,-0.039093,-0.984451
4.402644,0.008392,-0.036972,-0.982452
4.402671,0.006439,-0.034607,-0.980850
4.412124,0.005371,-0.032166,-0.979736
4.412228,0.005203,-0.029816,-0.979187
4.412258,0.005981,-0.027649,-0.979187
4.412284,0.007629,-0.025787,-0.979736
4.412319,0.010071,-0.024277,-0.980759
4.412346,0.013153,-0.023132,-0.982147
4.412370,0.016693,-0.022354,-0.983826
4.412401,0.020493,-0.021927,-0.985657
4.422162,0.024307,-0.021835,-0.987534
4.422216,0.027954,-0.022064,-0.989334
4.422230,0.031204,-0.022598,-0.990891
4.422242,0.033905,-0.023392,-0.992142
4.422253,0.035965,-0.024368,-0.993027
4.422263,0.037323,-0.025482,-0.993515
4.422272,0.037979,-0.026657,-0.993591
4.422282,0.037903,-0.027832,-0.993301
4.432144,0.037140,-0.028931,-0.992676
4.432192,0.035751,-0.029922,-0.991776
4.432205,0.033798,-0.030792,-0.990677
4.432216,0.031387,-0.031525,-0.989441
4.432227,0.028656,-0.032150,-0.988113
4.432239,0.025757,-0.032684,-0.986801
4.432249,0.022873,-0.033142,-0.985565
4.432259,0.020126,-0.033524,-0.984497
4.442286,0.017685,-0.033798,-0.983643
4.442384,0.015671,-0.033951,-0.983109
4.442404,0.014175,-0.033920,-0.982956
4.442417,0.013229,-0.033707,-0.983200
4.442428,0.012863,-0.033295,-0.983826
4.442452,0.013031,-0.032684,-0.984818
4.442487,0.013672,-0.031906,-0.986115
4.442503,0.014694,-0.030991,-0.987686
4.452121,0.016022,-0.029968,-0.989441
4.452190,0.017532,-0.028915,-0.991318
4.452238,0.019135,-0.027847,-0.993225
4.452266,0.020752,-0.026855,-0.995102
4.452320,0.022263,-0.025986,-0.996826
4.452355,0.023636,-0.025269,-0.998337
4.452368,0.024780,-0.024750,-0.999557
4.452379,0.025681,-0.024445,-1.000458
4.462097,0.026306,-0.024338,-1.000992
4.462162,0.026672,-0.024399,-1.001190
4.462177,0.026810,-0.024597,-1.001068
4.462275,0.026749,-0.024933,-1.000687
4.462290,0.026520,-0.025314,-1.000122
4.462302,0.026138,-0.025726,-0.999435
4.462314,0.025635,-0.026108,-0.998672
4.462324,0.025085,-0.026459,-0.997894
4.472080,0.024490,-0.026718,-0.997162
4.472156,0.023926,-0.026886,-0.996490
4.472170,0.023392,-0.026947,-0.995911
4.472182,0.022949,-0.026901,-0.995468
4.472193,0.022614,-0.026764,-0.995178
4.472203,0.022400,-0.026535,-0.995056
4.472214,0.022308,-0.026245,-0.995117
4.472223,0.022308,-0.025879,-0.995346
4.482177,0.022369,-0.025467,-0.995728
4.482232,0.022476,-0.025024,-0.996185
4.482245,0.022598,-0.024582,-0.996689
4.482256,0.022705,-0.024155,-0.997192
4.482265,0.022797,-0.023804,-0.997635
4.482275,0.022827,-0.023544,-0.997971
4.482284,0.022797,-0.023407,-0.998154
4.482294,0.022720,-0.023407,-0.998199
4.492115,0.022614,-0.023529,-0.998123
4.492170,0.022461,-0.023743,-0.997940
4.492185,0.022263,-0.023987,-0.997665
4.492196,0.022034,-0.024277,-0.997330
4.492207,0.021774,-0.024567,-0.996964
4.492217,0.021530,-0.024857,-0.996582
4.492228,0.021347,-0.025131,-0.996231
4.492239,0.021255,-0.025360,-0.995926
4.502114,0.021301,-0.025543,-0.995728
4.502166,0.021484,-0.025665,-0.995682
4.502194,0.021835,-0.025696,-0.995789
4.502216,0.022339,-0.025604,-0.996063
4.502229,0.022949,-0.025421,-0.996460
4.502240,0.023621,-0.025101,-0.996933
4.502250,0.024307,-0.024689,-0.997437
4.502260,0.024963,-0.024261,-0.997955
4.512014,0.025543,-0.023849,-0.998428
4.514749,0.026016,-0.023529,-0.998825
4.514791,0.026367,-0.023315,-0.999146
4.514836,0.026550,-0.023254,-0.999359
4.514851,0.026581,-0.023315,-0.999496
4.514863,0.026428,-0.023483,-0.999542
4.514874,0.026108,-0.023743,-0.999466
4.514884,0.025589,-0.024078,-0.999283
4.522048,0.024887,-0.024429,-0.998962
4.522125,0.024017,-0.024811,-0.998489
4.522138,0.023010,-0.025192,-0.997879
4.522149,0.021912,-0.025543,-0.997131
4.522160,0.020798,-0.025879,-0.996323
4.522169,0.019745,-0.026184,-0.995499
4.522179,0.018799,-0.026474,-0.994705
4.522188,0.018021,-0.026733,-0.993988
4.532042,0.017456,-0.026962,-0.993393
4.532106,0.017105,-0.027161,-0.992935
4.532133,0.016998,-0.027328,-0.992599
4.532146,0.017151,-0.027481,-0.992386
4.532157,0.017532,-0.027603,-0.992249
4.532167,0.018143,-0.027710,-0.992157
4.532176,0.018951,-0.027817,-0.992111
4.532186,0.019882,-0.027893,-0.992096
4.542074,0.020905,-0.027969,-0.992126
4.542141,0.021927,-0.028046,-0.992203
4.542156,0.022919,-0.028122,-0.992310
4.542168,0.023819,-0.028198,-0.992401
4.542179,0.024567,-0.028244,-0.992493
4.542189,0.025146,-0.028244,-0.992554
4.542199,0.025543,-0.028198,-0.992569
4.542208,0.025742,-0.028137,-0.992508
4.552049,0.025787,-0.028061,-0.992325
4.552104,0.025696,-0.027985,-0.992004
4.552118,0.025497,-0.027924,-0.991562
4.552128,0.025223,-0.027878,-0.991013
4.552138,0.024872,-0.027832,-0.990417
4.552148,0.024445,-0.027786,-0.989822
4.552158,0.023956,-0.027740,-0.989258
4.552167,0.023422,-0.027695,-0.988739
4.562021,0.022873,-0.027649,-0.988266
4.562087,0.022324,-0.027618,-0.987854
4.562101,0.021805,-0.027634,-0.987518
4.562113,0.021317,-0.027695,-0.987289
4.562123,0.020905,-0.027802,-0.987183
4.562165,0.020569,-0.027954,-0.987244
4.562175,0.020370,-0.028137,-0.987442
4.562185,0.020279,-0.028320,-0.987808
4.572043,0.020325,-0.028473,-0.988281
4.572108,0.020493,-0.028580,-0.988846
4.572122,0.020767,-0.028610,-0.989471
4.572132,0.021118,-0.028595,-0.990128
4.572142,0.021545,-0.028534,-0.990784
4.572152,0.022003,-0.028458,-0.991409
4.572162,0.022476,-0.028366,-0.991974
4.572172,0.022903,-0.028275,-0.992477
4.581986,0.023300,-0.028168,-0.992920
4.582053,0.023636,-0.028030,-0.993332
4.582066,0.023880,-0.027847,-0.993683
4.582077,0.024033,-0.027618,-0.994003
4.582088,0.024063,-0.027359,-0.994278
4.582097,0.024017,-0.027100,-0.994507
4.582107,0.023880,-0.026825,-0.994690
4.582116,0.023697,-0.026566,-0.994797
4.591897,0.023483,-0.026321,-0.994843
4.591959,0.023285,-0.026108,-0.994812
4.591972,0.023132,-0.025894,-0.994720
4.591983,0.023026,-0.025711,-0.994598
4.591994,0.022995,-0.025574,-0.994476
4.592004,0.023026,-0.025436,-0.994400
4.592014,0.023102,-0.025330,-0.994415
4.592023,0.023224,-0.025253,-0.994537
4.601969,0.023346,-0.025223,-0.994766
4.602066,0.023422,-0.025284,-0.995087
4.602084,0.023468,-0.025406,-0.995468
4.602096,0.023499,-0.025558,-0.995880
4.602107,0.023499,-0.025726,-0.996277
4.602117,0.023453,-0.025848,-0.996628
4.602126,0.023376,-0.025940,-0.996902
4.602136,0.023270,-0.025970,-0.997086
4.611977,0.023148,-0.025940,-0.997192
4.612039,0.023026,-0.025864,-0.997208
4.612053,0.022873,-0.025742,-0.997162
4.612064,0.022720,-0.025589,-0.997101
4.612075,0.022537,-0.025467,-0.997040
4.612084,0.022339,-0.025375,-0.996979
4.612094,0.022156,-0.025360,-0.996964
4.612103,0.021988,-0.025406,-0.997025
4.622489,0.021866,-0.025482,-0.997177
4.622560,0.021774,-0.025574,-0.997421
4.622574,0.021729,-0.025635,-0.997711
4.622586,0.021744,-0.025665,-0.998016
4.622597,0.021820,-0.025650,-0.998276
4.622641,0.021973,-0.025604,-0.998489
4.622668,0.022202,-0.025528,-0.998642
4.622682,0.022491,-0.025436,-0.998749
4.632027,0.022827,-0.025314,-0.998810
4.632096,0.023163,-0.025192,-0.998840
4.632111,0.023514,-0.025055,-0.998856
4.632122,0.023849,-0.024872,-0.998840
4.632151,0.024124,-0.024658,-0.998795
4.632171,0.024353,-0.024414,-0.998703
4.632183,0.024521,-0.024155,-0.998535
4.632194,0.024597,-0.023941,-0.998291
4.641889,0.024582,-0.023788,-0.997955
4.641956,0.024506,-0.023743,-0.997543
4.641972,0.024353,-0.023834,-0.997086
4.641984,0.024155,-0.024033,-0.996628
4.641995,0.023926,-0.024338,-0.996185
4.642005,0.023666,-0.024719,-0.995773
4.642015,0.023392,-0.025146,-0.995392
4.642024,0.023071,-0.025589,-0.995056
4.651879,0.022736,-0.026031,-0.994751
4.651964,0.022400,-0.026459,-0.994461
4.651980,0.022064,-0.026855,-0.994186
4.651992,0.021744,-0.027206,-0.993896
4.652002,0.021469,-0.027481,-0.993652
4.652012,0.021255,-0.027649,-0.993454
4.652023,0.021103,-0.027725,-0.993332
4.652034,0.020950,-0.027710,-0.993286
4.661964,0.020508,-0.027481,-0.993546
4.662107,0.019363,-0.026535,-0.995850
4.662139,0.017212,-0.023865,-1.006607
4.662164,0.014465,-0.018112,-1.036453
4.662190,0.012527,-0.007950,-1.090240
4.662215,0.013336,0.007156,-1.159393
4.662240,0.018219,0.025665,-1.227646
4.662265,0.027222,0.043549,-1.278183
4.671895,0.038834,0.055237,-1.294632
4.672213,0.049835,0.054825,-1.264420
4.672243,0.055939,0.037537,-1.184875
4.672268,0.053207,0.001373,-1.065048
4.672293,0.039429,-0.051880,-0.922424
4.672317,0.014877,-0.116730,-0.777725
4.672341,-0.017563,-0.184250,-0.651062
4.672364,-0.052750,-0.243301,-0.558914
4.681875,-0.083969,-0.282455,-0.511917
4.682006,-0.104706,-0.292618,-0.514328
4.682038,-0.110229,-0.269592,-0.564056
4.682073,-0.098541,-0.215317,-0.652725
4.682101,-0.070724,-0.137497,-0.766800
4.682128,-0.030273,-0.047943,-0.890274
4.682153,0.017670,0.040176,-1.007828
4.682179,0.067642,0.115082,-1.106964
4.691860,0.114609,0.168472,-1.179291
4.691980,0.154678,0.196457,-1.221481
4.692012,0.185257,0.199524,-1.235016
4.692038,0.205032,0.181763,-1.225143
4.692065,0.213837,0.149796,-1.199173
4.692090,0.212296,0.111206,-1.165100
4.692114,0.201523,0.073013,-1.130402
4.692137,0.182907,0.040375,-1.100677
4.703336,0.157883,0.015915,-1.078827
4.703478,0.127792,-0.000458,-1.064667
4.703509,0.093857,-0.010971,-1.055466
4.703534,0.057205,-0.019012,-1.047073
4.703561,0.019058,-0.028137,-1.035339
4.703586,-0.019165,-0.041077,-1.017151
4.703610,-0.055862,-0.059036,-0.990952
4.703634,-0.089111,-0.081482,-0.957031
4.712168,-0.116959,-0.106339,-0.917618
4.712292,-0.137619,-0.130417,-0.876755
4.712322,-0.149719,-0.150055,-0.839417
4.712348,-0.152481,-0.161911,-0.810562
4.712375,-0.145813,-0.163574,-0.794327
4.712401,-0.130325,-0.154129,-0.793381
4.712426,-0.107285,-0.134354,-0.808502
4.712454,-0.078506,-0.106491,-0.838348
4.721850,-0.046097,-0.073837,-0.879761
4.722003,-0.012314,-0.040161,-0.928406
4.722042,0.020676,-0.009094,-0.979584
4.722070,0.051041,0.016342,-1.028824
4.722095,0.077316,0.034210,-1.072189
4.722119,0.098526,0.043655,-1.106705
4.722142,0.114212,0.044983,-1.130692
4.722166,0.124283,0.039520,-1.143799
4.731806,0.128937,0.029266,-1.146790
4.731935,0.128571,0.016525,-1.141052
4.731979,0.123688,0.003525,-1.128372
4.732005,0.114838,-0.008057,-1.110733
4.732029,0.102600,-0.017227,-1.089920
4.732054,0.087570,-0.023682,-1.067398
4.732079,0.070404,-0.027695,-1.044128
4.732105,0.051819,-0.029877,-1.020905
4.741838,0.032639,-0.030914,-0.998413
4.741963,0.013779,-0.031433,-0.977402
4.742153,-0.003784,-0.031754,-0.958511
4.742185,-0.019104,-0.032013,-0.942383
4.742212,-0.031372,-0.032135,-0.929596
4.742248,-0.039978,-0.031937,-0.920685
4.742273,-0.044662,-0.031326,-0.915909
4.742297,-0.045456,-0.030228,-0.915298
4.751823,-0.042694,-0.028778,-0.918594
4.751996,-0.036926,-0.027191,-0.925385
4.752025,-0.028824,-0.025833,-0.935059
4.752052,-0.019089,-0.025040,-0.946915
4.752078,-0.008362,-0.025146,-0.960052
4.752104,0.002747,-0.026291,-0.973633
4.752129,0.013794,-0.028473,-0.986908
4.752153,0.024323,-0.031464,-0.999298
4.762411,0.034027,-0.034897,-1.010345
4.762547,0.042557,-0.038345,-1.019608
4.762580,0.049637,-0.041367,-1.026794
4.762607,0.054993,-0.043594,-1.031708
4.762631,0.058426,-0.044769,-1.034302
4.762751,0.059784,-0.044739,-1.034561
4.762775,0.059052,-0.043427,-1.032639
4.762799,0.056320,-0.040894,-1.028824
4.771773,0.051849,-0.037292,-1.023560
4.771883,0.045990,-0.032852,-1.017288
4.771912,0.039230,-0.027817,-1.010513
4.771938,0.032059,-0.022385,-1.003769
4.771962,0.025009,-0.016785,-0.997528
4.771987,0.018570,-0.011215,-0.992233
4.772011,0.013168,-0.005936,-0.988159
4.772034,0.009109,-0.001190,-0.985428
4.781708,0.006577,0.002716,-0.984024
4.781807,0.005600,0.005508,-0.983810
4.781843,0.006058,0.006927,-0.984558
4.781874,0.007721,0.006744,-0.986008
4.781929,0.010284,0.004868,-0.987885
4.781954,0.013397,0.001297,-0.989975
4.781978,0.016724,-0.003754,-0.992172
4.782001,0.019974,-0.009979,-0.994400
4.791722,0.022903,-0.016891,-0.996613
4.791859,0.025375,-0.023972,-0.998779
4.791923,0.027283,-0.030655,-1.000900
4.791981,0.028595,-0.036514,-1.002930
4.792017,0.029343,-0.041168,-1.004807
4.792041,0.029526,-0.044403,-1.006409
4.792086,0.029190,-0.046204,-1.007629
4.792113,0.028397,-0.046631,-1.008362
4.801740,0.027161,-0.045898,-1.008484
4.801867,0.025543,-0.044266,-1.007919
4.802355,0.023590,-0.042053,-1.006638
4.802417,0.021423,-0.039490,-1.004684
4.802447,0.019180,-0.036789,-1.002197
4.802472,0.017029,-0.034073,-0.999344
4.802496,0.015182,-0.031372,-0.996353
4.802528,0.013824,-0.028732,-0.993500
4.814019,0.013107,-0.026108,-0.991013
4.814084,0.013168,-0.023499,-0.989120
4.814100,0.014023,-0.020966,-0.987885
4.814112,0.015640,-0.018570,-0.987350
4.814123,0.017914,-0.016449,-0.987411
4.814134,0.020645,-0.014771,-0.987961
4.814144,0.023682,-0.013702,-0.988815
4.814154,0.026810,-0.013367,-0.989838
4.821742,0.029816,-0.013824,-0.990860
4.821826,0.032547,-0.015076,-0.991821
4.821842,0.034836,-0.017029,-0.992676
4.821871,0.036545,-0.019501,-0.993408
4.821885,0.037613,-0.022293,-0.994019
4.821896,0.037964,-0.025177,-0.994507
4.821906,0.037582,-0.027954,-0.994873
4.821916,0.036499,-0.030457,-0.995148
4.831704,0.034775,-0.032562,-0.995270
4.831770,0.032486,-0.034225,-0.995193
4.831785,0.029739,-0.035461,-0.994873
4.831797,0.026642,-0.036301,-0.994278
4.831808,0.023361,-0.036789,-0.993408
4.831818,0.020035,-0.036957,-0.992310
4.831828,0.016785,-0.036896,-0.991028
4.831838,0.013794,-0.036606,-0.989655
4.841723,0.011169,-0.036118,-0.988342
4.841914,0.009048,-0.035416,-0.987198
4.841962,0.007553,-0.034500,-0.986343
4.842002,0.006760,-0.033401,-0.985870
4.842040,0.006699,-0.032120,-0.985794
4.842080,0.007401,-0.030685,-0.986176
4.842118,0.008789,-0.029160,-0.986969
4.842156,0.010818,-0.027557,-0.988098
4.852382,0.013367,-0.025986,-0.989502
4.852489,0.016296,-0.024490,-0.991058
4.852525,0.019440,-0.023148,-0.992645
4.852555,0.022598,-0.022034,-0.994171
4.852595,0.025635,-0.021225,-0.995529
4.852626,0.028397,-0.020782,-0.996628
4.852656,0.030731,-0.020737,-0.997421
4.852686,0.032593,-0.021118,-0.997879
4.861864,0.033875,-0.021927,-0.997971
4.861989,0.034561,-0.023087,-0.997681
4.862020,0.034622,-0.024521,-0.997055
4.862046,0.034119,-0.026138,-0.996140
4.862073,0.033081,-0.027847,-0.994995
4.862097,0.031647,-0.029556,-0.993668
4.862121,0.029877,-0.031128,-0.992218
4.862144,0.027924,-0.032516,-0.990677
4.871749,0.025864,-0.033676,-0.989136
4.871860,0.023819,-0.034561,-0.987671
4.871889,0.021851,-0.035156,-0.986343
4.871914,0.020065,-0.035431,-0.985260
4.871939,0.018555,-0.035339,-0.984482
4.871963,0.017380,-0.034866,-0.984085
4.871988,0.016586,-0.034042,-0.984146
4.872012,0.016174,-0.032883,-0.984650
4.881736,0.016144,-0.031448,-0.985580
4.881862,0.016464,-0.029816,-0.986877
4.881894,0.017105,-0.028091,-0.988449
4.881920,0.018005,-0.026382,-0.990204
4.881945,0.019073,-0.024780,-0.992065
4.881971,0.020233,-0.023407,-0.993927
4.881996,0.021378,-0.022339,-0.995712
4.882037,0.022476,-0.021591,-0.997345
4.891797,0.023422,-0.021179,-0.998749
4.891917,0.024216,-0.021118,-0.999908
4.891949,0.024826,-0.021347,-1.000809
4.891973,0.025238,-0.021851,-1.001465
4.891998,0.025436,-0.022568,-1.001892
4.892031,0.025421,-0.023422,-1.002136
4.892057,0.025223,-0.024338,-1.002197
4.892081,0.024872,-0.025253,-1.002106
4.901648,0.024414,-0.026077,-1.001892
4.901803,0.023895,-0.026779,-1.001572
4.901846,0.023392,-0.027298,-1.001205
4.901887,0.022949,-0.027603,-1.000854
4.901926,0.022598,-0.027679,-1.000519
4.901964,0.022354,-0.027512,-1.000229
4.902001,0.022202,-0.027115,-1.000015
4.902048,0.022125,-0.026550,-0.999893
4.911654,0.022141,-0.025848,-0.999817
4.911780,0.022171,-0.025101,-0.999802
4.911825,0.022232,-0.024368,-0.999817
4.911852,0.022293,-0.023697,-0.999817
4.911876,0.022339,-0.023132,-0.999802
4.911900,0.022354,-0.022705,-0.999756
4.911925,0.022339,-0.022430,-0.999664
4.911949,0.022293,-0.022354,-0.999496
4.921564,0.022217,-0.022461,-0.999222
4.921663,0.022125,-0.022751,-0.998840
4.921692,0.021988,-0.023163,-0.998322
4.921717,0.021820,-0.023666,-0.997696
4.921742,0.021622,-0.024185,-0.997009
4.921765,0.021408,-0.024658,-0.996292
4.921789,0.021210,-0.025070,-0.995605
4.921813,0.021042,-0.025406,-0.994980
4.931595,0.020950,-0.025696,-0.994431
4.931710,0.020920,-0.025925,-0.994003
4.931740,0.020981,-0.026154,-0.993713
4.931765,0.021103,-0.026352,-0.993576
4.931792,0.021301,-0.026520,-0.993561
4.931824,0.021606,-0.026672,-0.993683
4.931850,0.022018,-0.026764,-0.993881
4.931875,0.022552,-0.026810,-0.994156
4.941594,0.023178,-0.026810,-0.994446
4.941801,0.023895,-0.026779,-0.994751
4.941844,0.024628,-0.026749,-0.995056
4.941872,0.025330,-0.026749,-0.995361
4.941897,0.025970,-0.026749,-0.995621
4.941922,0.026489,-0.026794,-0.995834
4.941948,0.026855,-0.026855,-0.996002
4.941973,0.027039,-0.026947,-0.996063
4.951599,0.026993,-0.027039,-0.996048
4.951729,0.026749,-0.027130,-0.995926
4.951760,0.026321,-0.027206,-0.995682
4.951786,0.025726,-0.027267,-0.995346
4.951812,0.025040,-0.027313,-0.994904
4.951837,0.024261,-0.027374,-0.994400
4.951861,0.023453,-0.027435,-0.993835
4.951885,0.022644,-0.027512,-0.993256
4.961573,0.021835,-0.027634,-0.992691
4.961807,0.021072,-0.027771,-0.992172
4.961849,0.020401,-0.027954,-0.991745
4.961878,0.019852,-0.028152,-0.991440
4.961961,0.019485,-0.028336,-0.991241
4.961996,0.019302,-0.028503,-0.991150
4.962023,0.019318,-0.028641,-0.991135
4.962050,0.019501,-0.028732,-0.991180
4.971590,0.019836,-0.028793,-0.991272
4.971700,0.020325,-0.028824,-0.991348
4.971728,0.020905,-0.028854,-0.991394
4.971754,0.021576,-0.028885,-0.991409
4.971778,0.022293,-0.028961,-0.991394
4.971802,0.023026,-0.029068,-0.991348
4.971825,0.023712,-0.029175,-0.991287
4.971848,0.024323,-0.029251,-0.991211
4.981629,0.024826,-0.029251,-0.991135
4.981761,0.025192,-0.029190,-0.991028
4.981797,0.025391,-0.029037,-0.990906
4.981828,0.025436,-0.028809,-0.990753
4.981865,0.025345,-0.028503,-0.990585
4.981898,0.025146,-0.028168,-0.990387
4.981928,0.024887,-0.027847,-0.990189
4.981960,0.024597,-0.027573,-0.990021
4.991510,0.024292,-0.027359,-0.989868
4.992177,0.024017,-0.027206,-0.989761
4.992216,0.023758,-0.027084,-0.989716
4.992241,0.023499,-0.027008,-0.989700
4.992277,0.023270,-0.026932,-0.989777
4.992303,0.023071,-0.026901,-0.989883
4.992327,0.022903,-0.026901,-0.990051
4.992353,0.022766,-0.026962,-0.990265
5.001560,0.022644,-0.027084,-0.990494
5.001734,0.022537,-0.027283,-0.990738
5.001764,0.022446,-0.027512,-0.991028
5.001790,0.022339,-0.027740,-0.991379
5.001816,0.022202,-0.027924,-0.991776
5.001840,0.022034,-0.028015,-0.992233
5.001864,0.021851,-0.028015,-0.992752
5.001887,0.021713,-0.027908,-0.993286
5.011505,0.021622,-0.027725,-0.993820
5.011586,0.021622,-0.027451,-0.994354
5.011601,0.021713,-0.027145,-0.994858
5.011614,0.021896,-0.026794,-0.995346
5.011624,0.022141,-0.026428,-0.995804
5.011634,0.022446,-0.026047,-0.996216
5.011644,0.022766,-0.025665,-0.996582
5.011653,0.023102,-0.025284,-0.996872
5.021498,0.023422,-0.024933,-0.997086
5.021614,0.023697,-0.024628,-0.997238
5.021643,0.023865,-0.024353,-0.997314
5.021670,0.023956,-0.024155,-0.997314
5.021695,0.023941,-0.024017,-0.997253
5.021719,0.023865,-0.023941,-0.997177
5.021743,0.023758,-0.023941,-0.997101
5.021768,0.023621,-0.023987,-0.997040
5.031559,0.023483,-0.024094,-0.997009
5.031683,0.023376,-0.024261,-0.997040
5.031712,0.023254,-0.024445,-0.997116
5.031739,0.023117,-0.024643,-0.997238
5.031764,0.022995,-0.024811,-0.997391
5.031787,0.022888,-0.024948,-0.997559
5.031810,0.022797,-0.025040,-0.997681
5.031844,0.022720,-0.025116,-0.997757
5.041444,0.022644,-0.025162,-0.997742
5.041557,0.022598,-0.025177,-0.997635
5.041590,0.022629,-0.025192,-0.997437
5.041670,0.022690,-0.025192,-0.997162
5.041705,0.022797,-0.025177,-0.996857
5.041748,0.022934,-0.025146,-0.996552
5.041784,0.023056,-0.025085,-0.996277
5.041808,0.023148,-0.025040,-0.996063
5.051494,0.023163,-0.025024,-0.995926
5.051623,0.023087,-0.025040,-0.995850
5.051652,0.022888,-0.025085,-0.995834
5.051677,0.022598,-0.025162,-0.995865
5.051702,0.022247,-0.025269,-0.995926
5.051728,0.021912,-0.025375,-0.996017
5.051755,0.021591,-0.025467,-0.996109
5.051779,0.021347,-0.025543,-0.996170
5.061448,0.021194,-0.025620,-0.996201
5.061563,0.021149,-0.025696,-0.996170
5.061592,0.021179,-0.025803,-0.996094
5.061619,0.021301,-0.025909,-0.995956
5.061644,0.021484,-0.026031,-0.995773
5.061667,0.021729,-0.026154,-0.995560
5.061691,0.022049,-0.026260,-0.995331
5.061771,0.022415,-0.026367,-0.995117
5.071434,0.022797,-0.026459,-0.994888
5.071551,0.023163,-0.026520,-0.994690
5.071581,0.023453,-0.026581,-0.994492
5.071607,0.023636,-0.026642,-0.994308
5.071633,0.023727,-0.026703,-0.994125
5.071657,0.023712,-0.026794,-0.993927
5.071681,0.023605,-0.026901,-0.993683
5.071704,0.023438,-0.027084,-0.993408
5.081478,0.023239,-0.027298,-0.993073
5.081631,0.023010,-0.027573,-0.992722
5.081668,0.022797,-0.027847,-0.992401
5.081701,0.022568,-0.028107,-0.992126
5.081729,0.022339,-0.028351,-0.991959
5.081755,0.022095,-0.028580,-0.991882
5.081780,0.021820,-0.028793,-0.991898
5.081803,0.021545,-0.028992,-0.991974
5.091398,0.021301,-0.029175,-0.992081
5.091502,0.021133,-0.029312,-0.992203
5.091535,0.021088,-0.029388,-0.992325
5.091608,0.021179,-0.029388,-0.992432
5.091636,0.021423,-0.029312,-0.992538
5.091660,0.021759,-0.029175,-0.992645
5.091684,0.022156,-0.028976,-0.992752
5.091719,0.022537,-0.028763,-0.992874
5.101444,0.022888,-0.028580,-0.992966
5.101584,0.023178,-0.028458,-0.993042
5.101628,0.023422,-0.028397,-0.993073
5.101666,0.023605,-0.028397,-0.993027
5.101704,0.023788,-0.028458,-0.992935
5.101741,0.023926,-0.028549,-0.992798
5.101777,0.024033,-0.028641,-0.992615
5.101813,0.024078,-0.028702,-0.992401
5.112220,0.024094,-0.028732,-0.992157
5.112359,0.024033,-0.028717,-0.991898
5.112393,0.023926,-0.028702,-0.991608
5.112548,0.023758,-0.028671,-0.991302
5.112579,0.023529,-0.028641,-0.990982
5.112606,0.023285,-0.028625,-0.990677
5.112631,0.023041,-0.028625,-0.990433
5.112656,0.022873,-0.028671,-0.990265
5.121372,0.022781,-0.028748,-0.990189
5.121495,0.022766,-0.028824,-0.990219
5.121525,0.022812,-0.028854,-0.990341
5.121550,0.022873,-0.028839,-0.990555
5.121574,0.022949,-0.028778,-0.990845
5.121598,0.023041,-0.028641,-0.991196
5.121622,0.023117,-0.028473,-0.991608
5.121645,0.023209,-0.028259,-0.992050
5.131375,0.023315,-0.028015,-0.992523
5.131620,0.023453,-0.027725,-0.992981
5.131709,0.023621,-0.027420,-0.993378
5.131764,0.023804,-0.027100,-0.993698
5.131800,0.023987,-0.026764,-0.993927
5.131828,0.024155,-0.026443,-0.994049
5.131853,0.024246,-0.026169,-0.994080
5.131877,0.024109,-0.025925,-0.994125
5.141419,0.023483,-0.025421,-0.995453
5.141587,0.022385,-0.023712,-1.003525
5.141694,0.021454,-0.019363,-1.029388
5.141774,0.022141,-0.010788,-1.081299
5.141818,0.026260,0.002884,-1.153198
5.141865,0.034882,0.020599,-1.227280
5.141906,0.047333,0.038361,-1.284576
5.141945,0.061157,0.050186,-1.308334
5.154692,0.072495,0.049667,-1.285217
5.154776,0.076843,0.031891,-1.210587
5.154805,0.070221,-0.005035,-1.092239
5.154832,0.050720,-0.059097,-0.947769
5.154857,0.019135,-0.124283,-0.798462
5.154883,-0.021042,-0.191406,-0.664673
5.154908,-0.064209,-0.249374,-0.563171
5.154933,-0.103424,-0.287064,-0.505219
5.161432,-0.131790,-0.295761,-0.495972
5.161771,-0.144180,-0.271515,-0.534882
5.161812,-0.138214,-0.216278,-0.615372
5.161839,-0.114395,-0.137589,-0.725174
5.161865,-0.075745,-0.046768,-0.848541
5.161889,-0.026932,0.043457,-0.969833
5.161922,0.026672,0.121643,-1.076340
5.161948,0.080078,0.179565,-1.159348
5.171327,0.129181,0.213196,-1.214661
5.171427,0.170990,0.222595,-1.242645
5.171459,0.203613,0.211090,-1.247055
5.171484,0.225983,0.184250,-1.233658
5.171509,0.237656,0.148697,-1.208954
5.171533,0.238602,0.110703,-1.179352
5.171557,0.229141,0.075195,-1.150314
5.171580,0.209915,0.045029,-1.125244
5.181374,0.181885,0.020828,-1.104904
5.181516,0.146286,0.001389,-1.087723
5.181560,0.104721,-0.015518,-1.070740
5.181591,0.059097,-0.032364,-1.050858
5.181623,0.011658,-0.050949,-1.025787
5.181651,-0.035172,-0.072052,-0.994507
5.181679,-0.078857,-0.095291,-0.957306
5.181716,-0.116943,-0.119247,-0.915878
5.191346,-0.147339,-0.141678,-0.873413
5.191603,-0.168411,-0.159851,-0.834122
5.191732,-0.179153,-0.171112,-0.802567
5.191812,-0.179184,-0.173325,-0.782806
5.191865,-0.168808,-0.165359,-0.777847
5.191916,-0.148926,-0.147415,-0.789139
5.191968,-0.121048,-0.120941,-0.816132
5.192016,-0.087112,-0.088516,-0.856369
5.201316,-0.049377,-0.053391,-0.905960
5.201448,-0.010239,-0.019058,-0.960342
5.201484,0.027954,0.011246,-1.014832
5.201514,0.063156,0.034973,-1.065018
5.201553,0.093735,0.050446,-1.107178
5.201584,0.118515,0.057220,-1.138718
5.201612,0.136902,0.055939,-1.158478
5.201643,0.148682,0.048172,-1.166580
5.211377,0.154007,0.036118,-1.164108
5.211705,0.153244,0.022049,-1.152740
5.211739,0.146912,0.008026,-1.134476
5.211767,0.135635,-0.004532,-1.111343
5.211793,0.120087,-0.014862,-1.085220
5.211817,0.101059,-0.022766,-1.057556
5.211841,0.079422,-0.028473,-1.029495
5.211864,0.056183,-0.032455,-1.002090
5.221240,0.032455,-0.035187,-0.976273
5.221405,0.009399,-0.037079,-0.952896
5.221438,-0.011826,-0.038345,-0.932663
5.221464,-0.030167,-0.039062,-0.916260
5.221491,-0.044754,-0.039246,-0.904282
5.221516,-0.055023,-0.038849,-0.897156
5.221539,-0.060745,-0.037857,-0.895004
5.221563,-0.061951,-0.036377,-0.897644
5.231267,-0.058990,-0.034637,-0.904678
5.231401,-0.052429,-0.032959,-0.915512
5.231436,-0.042923,-0.031723,-0.929352
5.231467,-0.031250,-0.031281,-0.945145
5.231496,-0.018127,-0.031815,-0.961838
5.231525,-0.004288,-0.033356,-0.978455
5.231553,0.009583,-0.035736,-0.994186
5.231581,0.022888,-0.038666,-1.008347
5.241208,0.035110,-0.041718,-1.020386
5.241371,0.045807,-0.044479,-1.029892
5.241431,0.054596,-0.046570,-1.036575
5.241461,0.061142,-0.047684,-1.040314
5.241551,0.065277,-0.047562,-1.041153
5.241585,0.066879,-0.046097,-1.039215
5.241615,0.066010,-0.043274,-1.034851
5.241662,0.062881,-0.039185,-1.028534
5.251239,0.057800,-0.034088,-1.020859
5.251367,0.051239,-0.028244,-1.012421
5.251396,0.043732,-0.021973,-1.003769
5.251422,0.035873,-0.015594,-0.995544
5.251448,0.028229,-0.009430,-0.988266
5.251611,0.021301,-0.003784,-0.982376
5.251651,0.015533,0.001007,-0.978119
5.251679,0.011215,0.004700,-0.975571
5.262042,0.008514,0.006973,-0.974625
5.262101,0.007416,0.007568,-0.975128
5.262115,0.007736,0.006332,-0.976807
5.262127,0.009201,0.003235,-0.979370
5.262137,0.011475,-0.001648,-0.982513
5.262148,0.014191,-0.008057,-0.986038
5.262157,0.016998,-0.015594,-0.989777
5.262166,0.019653,-0.023697,-0.993576
5.271193,0.021912,-0.031754,-0.997299
5.271433,0.023682,-0.039139,-1.000839
5.271464,0.024841,-0.045334,-1.004089
5.271492,0.025360,-0.049911,-1.006958
5.271516,0.025223,-0.052658,-1.009277
5.271540,0.024475,-0.053574,-1.010910
5.271563,0.023178,-0.052780,-1.011734
5.271587,0.021423,-0.050568,-1.011688
5.281218,0.019348,-0.047256,-1.010712
5.281363,0.017120,-0.043213,-1.008865
5.281398,0.014923,-0.038727,-1.006287
5.281428,0.012985,-0.034058,-1.003220
5.281468,0.011444,-0.029388,-0.999908
5.281497,0.010468,-0.024857,-0.996658
5.281528,0.010162,-0.020584,-0.993713
5.281557,0.010574,-0.016678,-0.991272
5.291197,0.011734,-0.013260,-0.989517
5.291321,0.013626,-0.010391,-0.988541
5.291388,0.016220,-0.008179,-0.988358
5.291451,0.019440,-0.006683,-0.988892
5.291673,0.023132,-0.005981,-0.990067
5.291727,0.027115,-0.006119,-0.991714
5.291893,0.031143,-0.007111,-0.993668
5.291950,0.034958,-0.008911,-0.995728
5.301471,0.038300,-0.011429,-0.997742
5.301611,0.040955,-0.014526,-0.999527
5.301647,0.042755,-0.018036,-1.001007
5.301679,0.043579,-0.021759,-1.002106
5.301709,0.043396,-0.025482,-1.002762
5.301737,0.042236,-0.028976,-1.002991
5.301765,0.040146,-0.032059,-1.002792
5.301803,0.037247,-0.034592,-1.002213
5.311635,0.033661,-0.036514,-1.001221
5.311759,0.029556,-0.037781,-0.999832
5.311900,0.025177,-0.038422,-0.998093
5.311932,0.020676,-0.038498,-0.996078
5.311957,0.016281,-0.038055,-0.993896
5.311981,0.012161,-0.037231,-0.991669
5.312039,0.008514,-0.036133,-0.989532
5.312070,0.005554,-0.034851,-0.987625
5.321458,0.003433,-0.033493,-0.986069
5.321573,0.002258,-0.032104,-0.984985
5.321601,0.002106,-0.030716,-0.984467
5.321627,0.002975,-0.029327,-0.984543
5.321651,0.004837,-0.027985,-0.985245
5.321675,0.007553,-0.026672,-0.986542
5.321700,0.011002,-0.025406,-0.988327
5.321724,0.014984,-0.024231,-0.990448
5.331168,0.019287,-0.023178,-0.992767
5.331275,0.023697,-0.022324,-0.995102
5.331306,0.027985,-0.021698,-0.997284
5.331342,0.031921,-0.021362,-0.999191
5.331369,0.035324,-0.021347,-1.000671
5.331402,0.038010,-0.021637,-1.001648
5.331429,0.039871,-0.022217,-1.002060
5.331457,0.040817,-0.023056,-1.001862
5.341122,0.040863,-0.024063,-1.001053
5.341295,0.040054,-0.025192,-0.999695
5.341391,0.038467,-0.026382,-0.997864
5.341437,0.036194,-0.027557,-0.995682
5.341465,0.033386,-0.028687,-0.993240
5.341492,0.030182,-0.029739,-0.990692
5.341518,0.026764,-0.030701,-0.988190
5.341543,0.023300,-0.031525,-0.985870
5.351673,0.019974,-0.032196,-0.983871
5.351812,0.016953,-0.032700,-0.982269
5.351858,0.014374,-0.032974,-0.981125
5.351899,0.012360,-0.033051,-0.980469
5.351936,0.010971,-0.032898,-0.980331
5.351973,0.010254,-0.032547,-0.980713
5.352011,0.010193,-0.032028,-0.981613
5.352047,0.010757,-0.031357,-0.982986
5.361489,0.011871,-0.030609,-0.984772
5.361625,0.013458,-0.029800,-0.986847
5.361679,0.015381,-0.028946,-0.989090
5.361719,0.017502,-0.028091,-0.991394
5.361756,0.019669,-0.027252,-0.993576
5.361805,0.021759,-0.026474,-0.995529
5.361991,0.023651,-0.025818,-0.997147
5.362041,0.025269,-0.025330,-0.998367
5.371061,0.026550,-0.025070,-0.999161
5.371179,0.027481,-0.025040,-0.999527
5.371215,0.028046,-0.025253,-0.999481
5.371249,0.028259,-0.025665,-0.999084
5.371279,0.028107,-0.026215,-0.998413
5.371307,0.027679,-0.026794,-0.997543
5.371335,0.027008,-0.027344,-0.996552
5.371366,0.026199,-0.027771,-0.995560
5.381074,0.025330,-0.028046,-0.994614
5.381199,0.024490,-0.028137,-0.993790
5.381241,0.023743,-0.028076,-0.993134
5.381272,0.023132,-0.027847,-0.992676
5.381301,0.022690,-0.027496,-0.992447
5.381332,0.022415,-0.027039,-0.992462
5.381360,0.022293,-0.026505,-0.992706
5.381389,0.022293,-0.025940,-0.993164
5.391036,0.022369,-0.025345,-0.993805
5.391174,0.022476,-0.024780,-0.994583
5.391354,0.022568,-0.024292,-0.995407
5.391399,0.022629,-0.023926,-0.996185
5.391428,0.022614,-0.023712,-0.996887
5.391457,0.022522,-0.023682,-0.997452
5.391487,0.022339,-0.023834,-0.997833
5.391517,0.022079,-0.024170,-0.998047
5.401428,0.021744,-0.024658,-0.998093
5.401586,0.021347,-0.025238,-0.997986
5.401618,0.020935,-0.025848,-0.997757
5.401647,0.020523,-0.026443,-0.997421
5.401672,0.020172,-0.026932,-0.997025
5.401697,0.019913,-0.027328,-0.996582
5.401723,0.019775,-0.027573,-0.996170
5.401748,0.019791,-0.027679,-0.995773
5.411306,0.019974,-0.027649,-0.995453
5.411978,0.020325,-0.027466,-0.995224
5.412041,0.020874,-0.027130,-0.995132
5.412085,0.021576,-0.026642,-0.995178
5.412122,0.022400,-0.026001,-0.995377
5.412161,0.023315,-0.025253,-0.995682
5.412361,0.024246,-0.024429,-0.996124
5.412406,0.025131,-0.023621,-0.996658
5.421002,0.025925,-0.022873,-0.997238
5.421095,0.026596,-0.022247,-0.997849
5.421125,0.027130,-0.021774,-0.998413
5.421149,0.027481,-0.021469,-0.998886
5.421175,0.027664,-0.021362,-0.999268
5.421200,0.027664,-0.021439,-0.999512
5.421226,0.027512,-0.021683,-0.999603
5.421254,0.027176,-0.022064,-0.999527
5.431044,0.026657,-0.022568,-0.999283
5.431180,0.025925,-0.023163,-0.998856
5.431210,0.025024,-0.023834,-0.998291
5.431236,0.023956,-0.024536,-0.997620
5.431262,0.022797,-0.025253,-0.996887
5.431288,0.021591,-0.025940,-0.996124
5.431312,0.020462,-0.026581,-0.995407
5.431335,0.019440,-0.027145,-0.994736
5.440993,0.018585,-0.027618,-0.994156
5.441152,0.017960,-0.027969,-0.993668
5.441188,0.017578,-0.028198,-0.993301
5.441238,0.017441,-0.028336,-0.993088
5.441271,0.017548,-0.028366,-0.992996
5.441302,0.017853,-0.028366,-0.993057
5.441378,0.018372,-0.028351,-0.993240
5.441407,0.019043,-0.028336,-0.993515
5.451206,0.019852,-0.028320,-0.993835
5.451337,0.020782,-0.028275,-0.994156
5.451366,0.021759,-0.028198,-0.994461
5.451391,0.022736,-0.028091,-0.994736
5.451417,0.023621,-0.027954,-0.994934
5.451443,0.024414,-0.027802,-0.994995
5.451476,0.025055,-0.027634,-0.994919
5.451501,0.025558,-0.027435,-0.994675
5.461074,0.025894,-0.027237,-0.994263
5.461218,0.026093,-0.027039,-0.993713
5.461279,0.026138,-0.026886,-0.993042
5.461334,0.026047,-0.026749,-0.992294
5.461384,0.025818,-0.026657,-0.991501
5.461435,0.025467,-0.026596,-0.990723
5.461606,0.024979,-0.026566,-0.990021
5.461635,0.024399,-0.026550,-0.989410
5.470966,0.023758,-0.026566,-0.988892
5.471072,0.023056,-0.026596,-0.988449
5.471101,0.022354,-0.026688,-0.988113
5.471127,0.021744,-0.026840,-0.987885
5.471151,0.021240,-0.027084,-0.987762
5.471183,0.020889,-0.027390,-0.987793
5.471209,0.020676,-0.027771,-0.987961
5.471274,0.020599,-0.028152,-0.988235
5.480974,0.020630,-0.028549,-0.988602
5.481087,0.020767,-0.028870,-0.989029
5.481120,0.020996,-0.029129,-0.989502
5.481145,0.021271,-0.029282,-0.989990
5.481170,0.021561,-0.029373,-0.990463
5.481193,0.021851,-0.029388,-0.990906
5.481231,0.022095,-0.029358,-0.991318
5.481260,0.022324,-0.029251,-0.991684
5.490935,0.022537,-0.029083,-0.992004
5.491041,0.022720,-0.028839,-0.992264
5.491076,0.022888,-0.028519,-0.992462
5.491153,0.023041,-0.028137,-0.992615
5.491283,0.023193,-0.027695,-0.992706
5.491387,0.023331,-0.027252,-0.992783
5.491423,0.023468,-0.026825,-0.992874
5.491538,0.023621,-0.026459,-0.993011
5.501788,0.023758,-0.026199,-0.993164
5.501960,0.023895,-0.026016,-0.993301
5.501995,0.024033,-0.025940,-0.993439
5.502025,0.024155,-0.025940,-0.993515
5.502055,0.024246,-0.025986,-0.993561
5.502093,0.024323,-0.026062,-0.993576
5.502122,0.024338,-0.026138,-0.993546
5.502150,0.024307,-0.026215,-0.993530
5.513000,0.024200,-0.026260,-0.993530
5.513057,0.024048,-0.026306,-0.993576
5.513072,0.023880,-0.026306,-0.993683
5.513083,0.023682,-0.026291,-0.993851
5.513093,0.023483,-0.026260,-0.994080
5.513103,0.023270,-0.026260,-0.994385
5.513113,0.023056,-0.026260,-0.994720
5.513123,0.022858,-0.026276,-0.995087
5.520916,0.022659,-0.026291,-0.995438
5.521012,0.022476,-0.026306,-0.995773
5.521053,0.022308,-0.026291,-0.996094
5.521083,0.022125,-0.026276,-0.996353
5.521110,0.021957,-0.026230,-0.996552
5.521134,0.021774,-0.026169,-0.996674
5.521158,0.021606,-0.026093,-0.996704
5.521182,0.021469,-0.026031,-0.996643
5.530919,0.021362,-0.025940,-0.996552
5.531051,0.021317,-0.025848,-0.996414
5.531091,0.021347,-0.025742,-0.996307
5.531127,0.021439,-0.025650,-0.996231
5.531162,0.021606,-0.025558,-0.996216
5.531199,0.021835,-0.025497,-0.996231
5.531241,0.022110,-0.025467,-0.996292
5.531278,0.022415,-0.025497,-0.996353
5.540857,0.022736,-0.025558,-0.996414
5.540931,0.023041,-0.025635,-0.996475
5.540960,0.023315,-0.025696,-0.996552
5.540992,0.023544,-0.025757,-0.996658
5.541019,0.023712,-0.025818,-0.996796
5.541045,0.023804,-0.025848,-0.996933
5.541070,0.023819,-0.025894,-0.997055
5.541095,0.023788,-0.025955,-0.997147
5.551243,0.023712,-0.026031,-0.997192
5.551371,0.023651,-0.026123,-0.997177
5.551425,0.023605,-0.026199,-0.997086
5.551464,0.023590,-0.026260,-0.996964
5.551512,0.023590,-0.026306,-0.996796
5.551549,0.023605,-0.026337,-0.996628
5.551587,0.023575,-0.026337,-0.996429
5.551623,0.023514,-0.026337,-0.996246
5.561234,0.023422,-0.026337,-0.996063
5.562303,0.023270,-0.026382,-0.995880
5.562354,0.023056,-0.026459,-0.995667
5.562381,0.022797,-0.026611,-0.995453
5.562407,0.022507,-0.026810,-0.995239
5.562479,0.022186,-0.027039,-0.995041
5.562513,0.021851,-0.027267,-0.994843
5.562567,0.021576,-0.027466,-0.994690
5.570967,0.021347,-0.027603,-0.994583
5.571085,0.021194,-0.027695,-0.994522
5.571123,0.021149,-0.027725,-0.994507
5.571150,0.021225,-0.027710,-0.994537
5.571174,0.021378,-0.027649,-0.994583
5.571200,0.021591,-0.027588,-0.994629
5.571224,0.021866,-0.027542,-0.994644
5.571251,0.022171,-0.027527,-0.994614
5.580901,0.022537,-0.027512,-0.994553
5.581014,0.022919,-0.027527,-0.994461
5.581047,0.023331,-0.027527,-0.994339
5.581078,0.023712,-0.027512,-0.994217
5.581118,0.024033,-0.027481,-0.994080
5.581149,0.024261,-0.027451,-0.993896
5.581178,0.024384,-0.027420,-0.993698
5.581216,0.024368,-0.027420,-0.993454
5.590850,0.024246,-0.027451,-0.993195
5.590978,0.024048,-0.027496,-0.992950
5.591058,0.023819,-0.027573,-0.992767
5.591097,0.023560,-0.027664,-0.992630
5.591145,0.023331,-0.027786,-0.992569
5.591183,0.023117,-0.027893,-0.992523
5.591222,0.022934,-0.028015,-0.992493
5.591297,0.022812,-0.028122,-0.992447
5.602102,0.022690,-0.028229,-0.992371
5.602237,0.022598,-0.028336,-0.992294
5.602266,0.022507,-0.028427,-0.992203
5.602290,0.022446,-0.028488,-0.992157
5.602314,0.022446,-0.028519,-0.992157
5.602347,0.022507,-0.028534,-0.992218
5.602373,0.022614,-0.028503,-0.992340
5.602396,0.022766,-0.028427,-0.992477
5.610929,0.022903,-0.028320,-0.992630
5.611276,0.023010,-0.028198,-0.992783
5.611317,0.023071,-0.028061,-0.992905
5.611344,0.023056,-0.027924,-0.992981
5.611368,0.023010,-0.027802,-0.993011
5.611395,0.022949,-0.027695,-0.992996
5.611420,0.022888,-0.027603,-0.992950
5.611443,0.022858,-0.027512,-0.992889
5.620806,0.022842,-0.027420,-0.992828
5.620940,0.022842,-0.027313,-0.992767
5.620968,0.022858,-0.027237,-0.992722
5.621062,0.022842,-0.027130,-0.992691
5.621091,0.022797,-0.027023,-0.992645
5.621123,0.022720,-0.026901,-0.992584
5.621148,0.022629,-0.026810,-0.992538
5.621172,0.022522,-0.026718,-0.992508
5.630835,0.022400,-0.026627,-0.992493
5.630981,0.022202,-0.026550,-0.992584
5.631012,0.021652,-0.026382,-0.993835
5.631040,0.020493,-0.025772,-1.000931
5.631065,0.019073,-0.023758,-1.022690
5.631090,0.018799,-0.018921,-1.064102
5.631115,0.021652,-0.010086,-1.118057
5.631147,0.028763,0.002182,-1.168930
5.640813,0.039688,0.014954,-1.201279
5.640937,0.052368,0.023590,-1.202438
5.640966,0.063324,0.022842,-1.163757
5.641000,0.068283,0.008224,-1.085037
5.641027,0.063461,-0.022308,-0.976334
5.641052,0.047073,-0.067291,-0.854263
5.641076,0.019821,-0.121490,-0.737045
5.641102,-0.015091,-0.176636,-0.641678
5.650899,-0.052338,-0.222366,-0.581833
5.651025,-0.085098,-0.248123,-0.565369
5.651054,-0.106766,-0.245773,-0.593307
5.651080,-0.112625,-0.212341,-0.660416
5.651104,-0.100998,-0.151093,-0.756607
5.651128,-0.073257,-0.070892,-0.868195
5.651152,-0.033463,0.015747,-0.980331
5.651285,0.012558,0.095551,-1.080032
5.661210,0.058670,0.157227,-1.158112
5.661344,0.099564,0.193741,-1.210083
5.661375,0.131638,0.203156,-1.236267
5.661401,0.153259,0.188370,-1.240845
5.661425,0.164658,0.155960,-1.230225
5.661450,0.167282,0.114563,-1.211548
5.661475,0.163101,0.072784,-1.191666
5.661610,0.153915,0.037399,-1.175766
5.670752,0.140991,0.012207,-1.166443
5.670877,0.124954,-0.002426,-1.163193
5.670907,0.105865,-0.009079,-1.162918
5.670932,0.083511,-0.012070,-1.160843
5.670959,0.057800,-0.015991,-1.151871
5.670985,0.029114,-0.024551,-1.132156
5.671009,-0.001556,-0.039597,-1.100052
5.671033,-0.032639,-0.060928,-1.056122
5.680762,-0.062103,-0.086472,-1.002777
5.680908,-0.087784,-0.112823,-0.944031
5.680945,-0.107758,-0.136032,-0.885178
5.680973,-0.120514,-0.152344,-0.831940
5.680996,-0.125244,-0.158966,-0.789352
5.681022,-0.121887,-0.154633,-0.761108
5.681046,-0.110977,-0.139816,-0.749191
5.681070,-0.093582,-0.116516,-0.753723
5.690707,-0.071060,-0.087799,-0.773056
5.690818,-0.044891,-0.057144,-0.804214
5.690852,-0.016556,-0.027893,-0.843430
5.690899,0.012451,-0.002823,-0.886826
5.690931,0.040802,0.016129,-0.930801
5.690960,0.067123,0.027908,-0.972229
5.690991,0.090317,0.032379,-1.008606
5.691020,0.109421,0.030289,-1.038437
5.700721,0.123779,0.023010,-1.061249
5.700916,0.132965,0.012390,-1.077332
5.701318,0.136871,0.000443,-1.087341
5.701399,0.135590,-0.010971,-1.092041
5.701444,0.129440,-0.020554,-1.092300
5.701483,0.118881,-0.027542,-1.088837
5.701520,0.104446,-0.031860,-1.082077
5.701560,0.086777,-0.033951,-1.072266
5.710817,0.066666,-0.034500,-1.059616
5.710941,0.045029,-0.034271,-1.044464
5.710971,0.022964,-0.033813,-1.027390
5.710997,0.001678,-0.033401,-1.009171
5.711024,-0.017639,-0.033020,-0.990753
5.711051,-0.033966,-0.032471,-0.973312
5.711173,-0.046494,-0.031448,-0.957962
5.711220,-0.054749,-0.029770,-0.945724
5.720701,-0.058578,-0.027359,-0.937256
5.720810,-0.058151,-0.024323,-0.933014
5.720839,-0.053864,-0.020950,-0.933121
5.720864,-0.046249,-0.017700,-0.937424
5.720887,-0.035950,-0.015137,-0.945419
5.720922,-0.023636,-0.013779,-0.956268
5.720948,-0.010040,-0.014008,-0.969025
5.720971,0.004105,-0.016006,-0.982727
5.730719,0.018143,-0.019669,-0.996521
5.730839,0.031418,-0.024658,-1.009521
5.730875,0.043350,-0.030487,-1.020966
5.730907,0.053406,-0.036560,-1.030243
5.730936,0.061188,-0.042297,-1.036896
5.730966,0.066391,-0.047180,-1.040634
5.730995,0.068832,-0.050766,-1.041397
5.731023,0.068497,-0.052811,-1.039246
5.740661,0.065506,-0.053207,-1.034454
5.740762,0.060196,-0.051926,-1.027481
5.740791,0.052994,-0.049103,-1.018890
5.740818,0.044479,-0.044891,-1.009277
5.740842,0.035355,-0.039444,-0.999283
5.740866,0.026291,-0.033005,-0.989578
5.740903,0.017914,-0.025833,-0.980698
5.740935,0.010788,-0.018265,-0.973114
5.750688,0.005310,-0.010666,-0.967072
5.750907,0.001740,-0.003479,-0.962692
5.752392,0.000168,0.002777,-0.960037
5.752446,0.000519,0.007690,-0.959015
5.752481,0.002579,0.010849,-0.959457
5.752510,0.006012,0.011932,-0.961166
5.752538,0.010406,0.010803,-0.963974
5.752568,0.015335,0.007507,-0.967697
5.765600,0.020401,0.002289,-0.972229
5.765765,0.025253,-0.004410,-0.977356
5.765798,0.029633,-0.012115,-0.982925
5.765823,0.033310,-0.020203,-0.988724
5.765857,0.036148,-0.028137,-0.994583
5.765883,0.038025,-0.035400,-1.000244
5.765907,0.038864,-0.041687,-1.005447
5.765932,0.038666,-0.046768,-1.009979
5.770656,0.037430,-0.050583,-1.013657
5.770739,0.035248,-0.053101,-1.016373
5.770769,0.032272,-0.054398,-1.018036
5.770794,0.028671,-0.054535,-1.018707
5.770827,0.024689,-0.053543,-1.018463
5.770854,0.020554,-0.051514,-1.017517
5.770877,0.016541,-0.048508,-1.016083
5.770908,0.012894,-0.044632,-1.014359
5.780651,0.009842,-0.039963,-1.012558
5.780758,0.007553,-0.034683,-1.010834
5.780789,0.006180,-0.028976,-1.009338
5.780816,0.005798,-0.023102,-1.008148
5.780842,0.006409,-0.017365,-1.007248
5.780866,0.007996,-0.012085,-1.006561
5.780890,0.010452,-0.007614,-1.006012
5.780913,0.013626,-0.004227,-1.005524
5.790642,0.017303,-0.002136,-1.004974
5.790770,0.021240,-0.001450,-1.004333
5.790797,0.025162,-0.002167,-1.003540
5.790830,0.028824,-0.004227,-1.002594
5.790885,0.032013,-0.007431,-1.001526
5.790942,0.034576,-0.011475,-1.000351
5.790972,0.036392,-0.016098,-0.999084
5.791014,0.037399,-0.020981,-0.997726
5.800628,0.037613,-0.025803,-0.996307
5.800715,0.037048,-0.030289,-0.994812
5.800752,0.035751,-0.034241,-0.993195
5.800778,0.033783,-0.037506,-0.991440
5.800810,0.031250,-0.040054,-0.989517
5.800896,0.028275,-0.041870,-0.987457
5.800983,0.025024,-0.042984,-0.985306
5.801017,0.021683,-0.043427,-0.983154
5.810752,0.018417,-0.043259,-0.981110
5.810968,0.015396,-0.042526,-0.979294
5.811014,0.012787,-0.041245,-0.977829
5.811041,0.010712,-0.039520,-0.976791
5.811067,0.009293,-0.037415,-0.976227
5.811090,0.008591,-0.035034,-0.976196
5.811114,0.008652,-0.032501,-0.976700
5.811139,0.009476,-0.029907,-0.977707
5.820772,0.010986,-0.027390,-0.979187
5.820887,0.013138,-0.025055,-0.981049
5.820920,0.015808,-0.022995,-0.983231
5.820948,0.018860,-0.021301,-0.985626
5.820984,0.022141,-0.020035,-0.988129
5.821010,0.025436,-0.019241,-0.990601
5.821037,0.028564,-0.018906,-0.992950
5.821063,0.031311,-0.019028,-0.995087
5.830643,0.033554,-0.019577,-0.996933
5.830752,0.035141,-0.020493,-0.998444
5.830783,0.036057,-0.021698,-0.999573
5.830811,0.036240,-0.023132,-1.000290
5.830847,0.035751,-0.024704,-1.000595
5.830873,0.034622,-0.026367,-1.000488
5.830900,0.032944,-0.028030,-1.000015
5.830932,0.030823,-0.029648,-0.999207
5.840569,0.028381,-0.031128,-0.998154
5.840703,0.025757,-0.032455,-0.996902
5.840737,0.023102,-0.033585,-0.995529
5.840772,0.020569,-0.034500,-0.994095
5.840799,0.018295,-0.035156,-0.992630
5.840824,0.016388,-0.035507,-0.991226
5.840850,0.014908,-0.035522,-0.989975
5.840874,0.013931,-0.035172,-0.988968
5.850557,0.013474,-0.034439,-0.988266
5.850650,0.013519,-0.033356,-0.987930
5.850679,0.014038,-0.031982,-0.987976
5.850713,0.014938,-0.030411,-0.988403
5.850740,0.016144,-0.028732,-0.989105
5.850764,0.017532,-0.027069,-0.990036
5.850788,0.019028,-0.025513,-0.991074
5.850925,0.020554,-0.024185,-0.992126
5.860809,0.022034,-0.023148,-0.993103
5.860928,0.023422,-0.022446,-0.993927
5.860959,0.024658,-0.022079,-0.994553
5.860986,0.025696,-0.022003,-0.994949
5.861012,0.026520,-0.022202,-0.995071
5.861037,0.027115,-0.022598,-0.994919
5.861063,0.027481,-0.023209,-0.994522
5.861088,0.027603,-0.023987,-0.993942
5.870618,0.027527,-0.024918,-0.993256
5.870752,0.027252,-0.025940,-0.992538
5.870796,0.026825,-0.026947,-0.991882
5.870827,0.026276,-0.027847,-0.991379
5.870855,0.025696,-0.028564,-0.991074
5.870883,0.025116,-0.029022,-0.991013
5.870909,0.024582,-0.029190,-0.991211
5.870933,0.024124,-0.029068,-0.991669
5.880562,0.023727,-0.028671,-0.992340
5.880708,0.023422,-0.028061,-0.993210
5.880739,0.023178,-0.027298,-0.994186
5.880773,0.022980,-0.026459,-0.995209
5.880806,0.022766,-0.025589,-0.996231
5.880830,0.022552,-0.024780,-0.997192
5.880864,0.022293,-0.024063,-0.998123
5.880890,0.022003,-0.023483,-0.998947
5.890568,0.021667,-0.023041,-0.999664
5.890757,0.021317,-0.022797,-1.000214
5.890828,0.020966,-0.022736,-1.000595
5.890883,0.020615,-0.022873,-1.000763
5.890937,0.020279,-0.023193,-1.000748
5.891017,0.019974,-0.023697,-1.000549
5.891072,0.019730,-0.024338,-1.000214
5.891126,0.019531,-0.025040,-0.999771
5.900676,0.019424,-0.025742,-0.999268
5.900867,0.019440,-0.026367,-0.998734
5.900905,0.019577,-0.026871,-0.998230
5.900938,0.019852,-0.027206,-0.997772
5.900980,0.020233,-0.027390,-0.997406
5.901011,0.020721,-0.027390,-0.997131
5.901042,0.021271,-0.027267,-0.996948
5.901073,0.021866,-0.027039,-0.996872
5.910516,0.022522,-0.026733,-0.996887
5.910638,0.023209,-0.026398,-0.996994
5.910675,0.023911,-0.026031,-0.997177
5.910707,0.024612,-0.025635,-0.997421
5.910739,0.025269,-0.025253,-0.997650
5.910770,0.025864,-0.024872,-0.997864
5.910800,0.026337,-0.024506,-0.997986
5.911064,0.026657,-0.024216,-0.998001
5.920491,0.026779,-0.024002,-0.997864
5.920605,0.026672,-0.023911,-0.997543
5.920636,0.026306,-0.023911,-0.997040
5.920665,0.025726,-0.024002,-0.996368
5.920692,0.024979,-0.024185,-0.995621
5.920718,0.024139,-0.024445,-0.994827
5.920879,0.023239,-0.024765,-0.994080
5.920924,0.022308,-0.025101,-0.993408
5.930491,0.021393,-0.025482,-0.992859
5.930604,0.020523,-0.025894,-0.992432
5.930635,0.019745,-0.026306,-0.992126
5.930661,0.019119,-0.026718,-0.991928
5.930685,0.018677,-0.027145,-0.991821
5.930710,0.018478,-0.027557,-0.991806
5.930743,0.018494,-0.027939,-0.991867
5.930768,0.018707,-0.028290,-0.992004
5.940479,0.019104,-0.028580,-0.992233
5.940600,0.019653,-0.028839,-0.992508
5.940653,0.020309,-0.029022,-0.992844
5.940685,0.021042,-0.029175,-0.993195
5.940714,0.021851,-0.029266,-0.993515
5.940751,0.022675,-0.029327,-0.993820
5.940782,0.023483,-0.029343,-0.994049
5.940812,0.024231,-0.029312,-0.994171
5.950466,0.024887,-0.029205,-0.994186
5.950613,0.025436,-0.029007,-0.994080
5.950656,0.025818,-0.028717,-0.993851
5.950696,0.026047,-0.028351,-0.993530
5.950732,0.026093,-0.027908,-0.993179
5.950769,0.025940,-0.027420,-0.992783
5.950816,0.025604,-0.026932,-0.992371
5.950854,0.025101,-0.026474,-0.991928
5.960688,0.024506,-0.026108,-0.991470
5.960834,0.023849,-0.025909,-0.991013
5.960880,0.023209,-0.025879,-0.990570
5.960920,0.022629,-0.026016,-0.990158
5.960960,0.022156,-0.026291,-0.989777
5.961253,0.021805,-0.026703,-0.989441
5.961336,0.021576,-0.027161,-0.989151
5.961378,0.021423,-0.027634,-0.988937
5.970497,0.021378,-0.028107,-0.988800
5.970624,0.021423,-0.028549,-0.988785
5.970659,0.021545,-0.028961,-0.988922
5.970688,0.021713,-0.029312,-0.989212
5.970716,0.021942,-0.029587,-0.989655
5.970757,0.022171,-0.029770,-0.990204
5.970786,0.022415,-0.029846,-0.990829
5.970814,0.022629,-0.029785,-0.991501
5.980471,0.022827,-0.029633,-0.992172
5.980619,0.022980,-0.029388,-0.992752
5.980662,0.023087,-0.029068,-0.993225
5.980695,0.023132,-0.028702,-0.993576
5.980725,0.023148,-0.028336,-0.993820
5.980757,0.023117,-0.027985,-0.994003
5.980787,0.023041,-0.027664,-0.994141
5.980815,0.022949,-0.027420,-0.994247
5.990419,0.022827,-0.027206,-0.994324
5.990644,0.022720,-0.027008,-0.994385
5.990740,0.022659,-0.026825,-0.994400
5.990793,0.022644,-0.026657,-0.994431
5.990834,0.022675,-0.026505,-0.994461
5.990875,0.022720,-0.026367,-0.994492
5.990912,0.022781,-0.026260,-0.994568
5.990949,0.022827,-0.026184,-0.994675
6.000401,0.022842,-0.026138,-0.994812
6.000554,0.022827,-0.026123,-0.994995
6.000584,0.022781,-0.026154,-0.995193
6.000611,0.022720,-0.026184,-0.995453
6.000635,0.022675,-0.026199,-0.995728
6.000754,0.022659,-0.026154,-0.996048
6.000788,0.022659,-0.026077,-0.996338
6.000816,0.022675,-0.025940,-0.996597
6.011266,0.022736,-0.025787,-0.996796
6.011365,0.022812,-0.025604,-0.996948
6.011408,0.022903,-0.025467,-0.997040
6.011506,0.022980,-0.025375,-0.997070
6.011534,0.023056,-0.025345,-0.997025
6.011548,0.023087,-0.025360,-0.996918
6.011561,0.023071,-0.025436,-0.996765
6.011573,0.022995,-0.025528,-0.996582
6.020395,0.022858,-0.025620,-0.996399
6.020519,0.022644,-0.025696,-0.996231
6.020553,0.022369,-0.025772,-0.996078
6.020593,0.022064,-0.025818,-0.995972
6.020623,0.021729,-0.025864,-0.995895
6.020659,0.021393,-0.025879,-0.995834
6.020691,0.021088,-0.025848,-0.995819
6.020725,0.020859,-0.025787,-0.995834
6.030436,0.020721,-0.025665,-0.995880
6.030561,0.020691,-0.025482,-0.995987
6.030857,0.020813,-0.025238,-0.996155
6.030927,0.021042,-0.024979,-0.996353
6.030963,0.021378,-0.024704,-0.996567
6.030995,0.021774,-0.024460,-0.996796
6.031022,0.022202,-0.024292,-0.996979
6.031045,0.022659,-0.024231,-0.997116
6.040408,0.023087,-0.024292,-0.997223
6.040557,0.023499,-0.024445,-0.997299
6.040617,0.023865,-0.024673,-0.997330
6.040672,0.024170,-0.024948,-0.997314
6.040724,0.024399,-0.025238,-0.997253
6.040776,0.024551,-0.025543,-0.997131
6.040826,0.024628,-0.025848,-0.996964
6.040877,0.024567,-0.026138,-0.996719
6.050509,0.024414,-0.026398,-0.996399
6.050647,0.024139,-0.026627,-0.996002
6.050685,0.023788,-0.026840,-0.995590
6.050828,0.023392,-0.027054,-0.995178
6.050867,0.023010,-0.027267,-0.994827
6.050904,0.022659,-0.027451,-0.994568
6.050951,0.022385,-0.027588,-0.994400
6.050988,0.022171,-0.027695,-0.994324
6.061878,0.022034,-0.027756,-0.994308
6.062046,0.021973,-0.027802,-0.994308
6.062154,0.022003,-0.027863,-0.994324
6.062225,0.022125,-0.027924,-0.994293
6.062263,0.022293,-0.027969,-0.994247
6.062292,0.022491,-0.028000,-0.994171
6.062316,0.022720,-0.028000,-0.994064
6.062340,0.022934,-0.027954,-0.993942
6.071058,0.023117,-0.027847,-0.993805
6.071160,0.023254,-0.027695,-0.993622
6.071188,0.023315,-0.027481,-0.993362
6.071213,0.023315,-0.027252,-0.993057
6.071273,0.023239,-0.027008,-0.992691
6.071304,0.023102,-0.026764,-0.992294
6.071332,0.022842,-0.026505,-0.991928
6.071529,0.022156,-0.026093,-0.992340
6.080776,0.020309,-0.025284,-0.996735
6.082231,0.016739,-0.023499,-1.011398
6.082276,0.012024,-0.019653,-1.041428
6.082304,0.008301,-0.012390,-1.085007
6.082330,0.008148,-0.001266,-1.132874
6.082357,0.013123,0.012054,-1.171753
6.082382,0.022858,0.023712,-1.188171
6.082406,0.035065,0.028610,-1.171753
6.090342,0.046051,0.021866,-1.118759
6.090477,0.051666,0.000290,-1.033630
6.090555,0.048706,-0.036575,-0.927094
6.090611,0.035904,-0.085815,-0.812973
6.090673,0.014359,-0.141159,-0.706207
6.090728,-0.012650,-0.193634,-0.621017
6.090789,-0.040283,-0.232895,-0.568893
6.090841,-0.062973,-0.249374,-0.557114
6.100283,-0.075882,-0.236862,-0.587906
6.100378,-0.075989,-0.194519,-0.657700
6.100439,-0.062576,-0.127213,-0.757202
6.100473,-0.037216,-0.044449,-0.873123
6.100501,-0.003250,0.041901,-0.991226
6.100526,0.034927,0.120056,-1.099075
6.100550,0.072784,0.180511,-1.187500
6.100574,0.106400,0.217361,-1.251373
6.110303,0.132797,0.228607,-1.289566
6.110429,0.150314,0.216019,-1.304062
6.110473,0.158432,0.184479,-1.299149
6.110513,0.157715,0.140976,-1.280640
6.110552,0.149353,0.093185,-1.254974
6.110591,0.134888,0.047897,-1.227798
6.110629,0.115845,0.009827,-1.202652
6.110665,0.093506,-0.019058,-1.180481
6.120254,0.068817,-0.039474,-1.159836
6.120379,0.042404,-0.054001,-1.137680
6.120409,0.014832,-0.066040,-1.110596
6.120436,-0.013168,-0.078796,-1.076065
6.120461,-0.040634,-0.094437,-1.033218
6.120485,-0.066086,-0.113510,-0.982864
6.120508,-0.087753,-0.134857,-0.927292
6.120539,-0.103821,-0.155869,-0.870331
6.130258,-0.112717,-0.173096,-0.816925
6.130400,-0.113419,-0.183014,-0.772476
6.130437,-0.105621,-0.182892,-0.741638
6.130468,-0.089813,-0.171478,-0.727524
6.130499,-0.067215,-0.149261,-0.731186
6.130539,-0.039536,-0.118378,-0.751709
6.130569,-0.008881,-0.082169,-0.786423
6.130600,0.022568,-0.044525,-0.831406
6.140263,0.052719,-0.009323,-0.882095
6.140360,0.079681,0.020157,-0.933929
6.140391,0.101959,0.041534,-0.982834
6.140417,0.118515,0.053589,-1.025497
6.140441,0.128815,0.056366,-1.059525
6.140464,0.132812,0.051102,-1.083755
6.140497,0.130844,0.039871,-1.098236
6.140523,0.123550,0.025238,-1.103897
6.150295,0.111740,0.009750,-1.102112
6.150416,0.096344,-0.004517,-1.094345
6.150451,0.078308,-0.016220,-1.082108
6.150490,0.058594,-0.024750,-1.066742
6.150521,0.038132,-0.030212,-1.049362
6.150550,0.017776,-0.033188,-1.030869
6.150588,-0.001541,-0.034424,-1.012054
6.150619,-0.018967,-0.034714,-0.993729
6.160240,-0.033615,-0.034653,-0.976807
6.160340,-0.044724,-0.034546,-0.962189
6.160373,-0.051620,-0.034500,-0.950668
6.160405,-0.053925,-0.034348,-0.942978
6.160436,-0.051559,-0.033905,-0.939636
6.160639,-0.044830,-0.032959,-0.940933
6.160727,-0.034363,-0.031448,-0.946762
6.160974,-0.021042,-0.029465,-0.956665
6.170201,-0.005951,-0.027328,-0.969864
6.170310,0.009796,-0.025482,-0.985352
6.170340,0.025146,-0.024414,-1.001892
6.170365,0.039154,-0.024490,-1.018204
6.170389,0.051071,-0.025909,-1.033066
6.170413,0.060349,-0.028580,-1.045502
6.170438,0.066681,-0.032227,-1.054779
6.170499,0.069946,-0.036377,-1.060425
6.180219,0.070236,-0.040497,-1.062149
6.180305,0.067719,-0.044052,-1.059906
6.180333,0.062653,-0.046616,-1.053864
6.180358,0.055466,-0.047852,-1.044449
6.180392,0.046570,-0.047577,-1.032272
6.180418,0.036514,-0.045761,-1.018097
6.180441,0.025909,-0.042542,-1.002777
6.180464,0.015411,-0.038147,-0.987183
6.190205,0.005737,-0.032883,-0.972275
6.190319,-0.002487,-0.027023,-0.958893
6.190370,-0.008682,-0.020905,-0.947830
6.190403,-0.012421,-0.014786,-0.939713
6.190433,-0.013412,-0.008957,-0.934906
6.190464,-0.011581,-0.003754,-0.933563
6.190493,-0.007080,0.000488,-0.935501
6.190522,-0.000305,0.003479,-0.940369
6.200172,0.008179,0.004913,-0.947617
6.200288,0.017715,0.004578,-0.956635
6.200322,0.027481,0.002335,-0.966736
6.200352,0.036713,-0.001740,-0.977280
6.200391,0.044708,-0.007507,-0.987671
6.200421,0.050919,-0.014587,-0.997421
6.200452,0.055038,-0.022491,-1.006226
6.200479,0.056900,-0.030609,-1.013779
6.210837,0.056534,-0.038284,-1.019943
6.211176,0.054092,-0.044952,-1.024612
6.211215,0.049835,-0.050110,-1.027771
6.211248,0.044113,-0.053482,-1.029434
6.211279,0.037354,-0.054947,-1.029663
6.211421,0.029953,-0.054611,-1.028580
6.211473,0.022354,-0.052704,-1.026352
6.211508,0.014984,-0.049545,-1.023193
6.220382,0.008194,-0.045517,-1.019409
6.220620,0.002319,-0.041016,-1.015289
6.220668,-0.002350,-0.036331,-1.011154
6.220701,-0.005646,-0.031708,-1.007263
6.220791,-0.007446,-0.027328,-1.003891
6.220827,-0.007706,-0.023300,-1.001205
6.220857,-0.006500,-0.019669,-0.999298
6.220887,-0.003967,-0.016479,-0.998138
6.230149,-0.000275,-0.013733,-0.997665
6.230285,0.004318,-0.011475,-0.997665
6.230315,0.009598,-0.009766,-0.997940
6.230350,0.015244,-0.008667,-0.998230
6.230376,0.020950,-0.008286,-0.998322
6.230401,0.026428,-0.008667,-0.998047
6.230426,0.031372,-0.009857,-0.997284
6.230450,0.035568,-0.011810,-0.996002
6.240180,0.038864,-0.014481,-0.994217
6.240282,0.041168,-0.017670,-0.991989
6.240317,0.042450,-0.021194,-0.989410
6.240351,0.042740,-0.024811,-0.986603
6.240381,0.042099,-0.028244,-0.983688
6.240411,0.040649,-0.031326,-0.980789
6.240449,0.038513,-0.033875,-0.978058
6.240481,0.035843,-0.035812,-0.975586
6.250306,0.032761,-0.037094,-0.973465
6.250490,0.029480,-0.037766,-0.971771
6.250521,0.026154,-0.037888,-0.970551
6.250554,0.022934,-0.037537,-0.969849
6.250581,0.019974,-0.036789,-0.969696
6.250605,0.017395,-0.035767,-0.970139
6.250631,0.015305,-0.034576,-0.971146
6.250654,0.013779,-0.033264,-0.972733
6.261933,0.012848,-0.031906,-0.974869
6.261990,0.012527,-0.030518,-0.977493
6.262005,0.012787,-0.029114,-0.980530
6.262017,0.013580,-0.027710,-0.983826
6.262028,0.014832,-0.026367,-0.987305
6.262038,0.016464,-0.025116,-0.990814
6.262048,0.018372,-0.024002,-0.994232
6.262058,0.020447,-0.023071,-0.997467
6.270106,0.022568,-0.022385,-1.000427
6.270156,0.024597,-0.021973,-1.003082
6.270169,0.026398,-0.021881,-1.005371
6.270180,0.027878,-0.022095,-1.007248
6.270190,0.028946,-0.022568,-1.008667
6.270199,0.029556,-0.023270,-1.009613
6.270208,0.029694,-0.024124,-1.010056
6.270218,0.029373,-0.025055,-1.010056
6.280115,0.028656,-0.026047,-1.009613
6.280175,0.027618,-0.027054,-1.008804
6.280191,0.026352,-0.028076,-1.007690
6.280202,0.024948,-0.029068,-1.006363
6.280213,0.023544,-0.029999,-1.004913
6.280223,0.022202,-0.030838,-1.003387
6.280233,0.021027,-0.031525,-1.001831
6.280243,0.020065,-0.032028,-1.000275
6.290084,0.019363,-0.032333,-0.998718
6.290136,0.018936,-0.032394,-0.997192
6.290173,0.018799,-0.032196,-0.995743
6.290189,0.018921,-0.031769,-0.994385
6.290201,0.019302,-0.031097,-0.993179
6.290212,0.019897,-0.030197,-0.992172
6.290222,0.020660,-0.029114,-0.991364
6.290232,0.021500,-0.027863,-0.990753
6.300103,0.022369,-0.026535,-0.990341
6.300222,0.023193,-0.025192,-0.990067
6.300267,0.023911,-0.023911,-0.989853
6.300308,0.024506,-0.022827,-0.989670
6.300347,0.024948,-0.021988,-0.989456
6.300383,0.025208,-0.021484,-0.989212
6.300485,0.025299,-0.021317,-0.988983
6.300922,0.025208,-0.021469,-0.988754
6.310451,0.024979,-0.021912,-0.988586
6.310566,0.024643,-0.022568,-0.988510
6.310597,0.024231,-0.023376,-0.988556
6.310622,0.023788,-0.024216,-0.988724
6.310649,0.023361,-0.025040,-0.989044
6.310673,0.022964,-0.025787,-0.989487
6.310696,0.022629,-0.026428,-0.990051
6.310720,0.022354,-0.026962,-0.990723
6.320221,0.022186,-0.027405,-0.991501
6.320319,0.022095,-0.027725,-0.992371
6.320347,0.022125,-0.027954,-0.993317
6.320372,0.022263,-0.028061,-0.994308
6.320397,0.022507,-0.028030,-0.995331
6.320422,0.022858,-0.027863,-0.996353
6.320447,0.023254,-0.027573,-0.997360
6.320473,0.023682,-0.027206,-0.998352
6.330071,0.024094,-0.026810,-0.999283
6.330199,0.024460,-0.026413,-1.000137
6.330235,0.024704,-0.026062,-1.000854
6.330262,0.024811,-0.025818,-1.001419
6.330286,0.024765,-0.025650,-1.001801
6.330310,0.024567,-0.025574,-1.001984
6.330345,0.024246,-0.025574,-1.001953
6.330370,0.023804,-0.025650,-1.001740
6.340040,0.023285,-0.025803,-1.001328
6.340124,0.022705,-0.026016,-1.000778
6.340152,0.022125,-0.026306,-1.000092
6.340179,0.021591,-0.026657,-0.999313
6.340205,0.021164,-0.027069,-0.998474
6.340230,0.020874,-0.027542,-0.997620
6.340256,0.020721,-0.028015,-0.996780
6.340281,0.020691,-0.028442,-0.995987
6.350050,0.020813,-0.028778,-0.995255
6.350158,0.021042,-0.029007,-0.994614
6.350194,0.021378,-0.029114,-0.994064
6.350226,0.021774,-0.029129,-0.993652
6.350257,0.022247,-0.029083,-0.993362
6.350285,0.022736,-0.029007,-0.993149
6.350315,0.023254,-0.028915,-0.992981
6.350362,0.023758,-0.028870,-0.992798
6.360040,0.024261,-0.028839,-0.992615
6.360196,0.024734,-0.028824,-0.992386
6.360242,0.025162,-0.028778,-0.992157
6.360282,0.025513,-0.028687,-0.991928
6.360369,0.025787,-0.028549,-0.991714
6.360410,0.025955,-0.028351,-0.991501
6.360449,0.025970,-0.028122,-0.991287
6.360487,0.025848,-0.027893,-0.991089
6.370012,0.025589,-0.027695,-0.990906
6.370117,0.025192,-0.027542,-0.990753
6.370146,0.024704,-0.027420,-0.990631
6.370381,0.024124,-0.027344,-0.990540
6.370429,0.023483,-0.027267,-0.990479
6.370462,0.022842,-0.027206,-0.990417
6.370493,0.022232,-0.027161,-0.990341
6.370523,0.021667,-0.027130,-0.990280
6.380037,0.021179,-0.027145,-0.990204
6.380171,0.020767,-0.027191,-0.990128
6.380211,0.020432,-0.027313,-0.990128
6.380244,0.020203,-0.027496,-0.990219
6.380273,0.020050,-0.027725,-0.990463
6.380302,0.019989,-0.027985,-0.990860
6.380339,0.020035,-0.028259,-0.991425
6.380370,0.020187,-0.028534,-0.992126
6.389982,0.020432,-0.028748,-0.992950
6.390085,0.020721,-0.028900,-0.993805
6.390118,0.021027,-0.028946,-0.994659
6.390157,0.021347,-0.028900,-0.995392
6.390188,0.021683,-0.028748,-0.995972
6.390217,0.022018,-0.028519,-0.996368
6.390253,0.022385,-0.028244,-0.996536
6.390285,0.022766,-0.027954,-0.996536
6.400130,0.023178,-0.027679,-0.996384
6.400232,0.023590,-0.027435,-0.996124
6.400275,0.023911,-0.027222,-0.995758
6.400318,0.024124,-0.027084,-0.995361
6.400355,0.024185,-0.027008,-0.994919
6.400393,0.024078,-0.027008,-0.994461
6.400430,0.023819,-0.027069,-0.993973
6.400467,0.023453,-0.027176,-0.993484
6.409988,0.023056,-0.027298,-0.993027
6.410133,0.022659,-0.027435,-0.992569
6.410179,0.022324,-0.027527,-0.992157
6.410230,0.022079,-0.027557,-0.991806
6.410269,0.021942,-0.027512,-0.991531
6.410308,0.021896,-0.027420,-0.991364
6.410344,0.021927,-0.027267,-0.991318
6.410390,0.022003,-0.027100,-0.991394
6.420073,0.022141,-0.026962,-0.991592
6.420377,0.022278,-0.026855,-0.991898
6.420437,0.022415,-0.026779,-0.992310
6.420473,0.022552,-0.026718,-0.992828
6.420499,0.022720,-0.026642,-0.993393
6.420566,0.022888,-0.026489,-0.993973
6.420594,0.023041,-0.026291,-0.994522
6.420627,0.023148,-0.026031,-0.995026
6.429968,0.023178,-0.025742,-0.995438
6.430081,0.023148,-0.025467,-0.995743
6.430112,0.023041,-0.025208,-0.995956
6.430139,0.022919,-0.025009,-0.996078
6.430165,0.022766,-0.024902,-0.996155
6.430191,0.022598,-0.024857,-0.996216
6.430215,0.022461,-0.024887,-0.996292
6.430239,0.022324,-0.024979,-0.996368
6.439982,0.022202,-0.025070,-0.996445
6.440080,0.022110,-0.025162,-0.996521
6.440115,0.022034,-0.025238,-0.996613
6.440153,0.021988,-0.025330,-0.996674
6.440193,0.021957,-0.025421,-0.996750
6.440224,0.021973,-0.025528,-0.996826
6.440256,0.022049,-0.025635,-0.996918
6.440286,0.022186,-0.025742,-0.997025
6.449968,0.022385,-0.025864,-0.997147
6.450084,0.022629,-0.025970,-0.997284
6.450128,0.022888,-0.026062,-0.997437
6.450160,0.023117,-0.026108,-0.997559
6.450192,0.023285,-0.026108,-0.997650
6.450222,0.023392,-0.026047,-0.997696
6.450251,0.023407,-0.025955,-0.997665
6.450280,0.023407,-0.025864,-0.997589
6.459930,0.023376,-0.025803,-0.997437
6.460043,0.023331,-0.025772,-0.997223
6.460074,0.023285,-0.025803,-0.996964
6.460099,0.023254,-0.025894,-0.996643
6.460125,0.023178,-0.026016,-0.996277
6.460148,0.023087,-0.026154,-0.995865
6.460180,0.022964,-0.026291,-0.995438
6.460204,0.022842,-0.026382,-0.994995
6.469974,0.022720,-0.026428,-0.994568
6.470103,0.022614,-0.026443,-0.994171
6.470175,0.022537,-0.026459,-0.993866
6.470227,0.022507,-0.026474,-0.993668
6.470268,0.022522,-0.026535,-0.993561
6.470306,0.022583,-0.026627,-0.993546
6.470342,0.022690,-0.026749,-0.993591
6.470379,0.022873,-0.026886,-0.993668
6.480250,0.023102,-0.027039,-0.993774
6.480428,0.023346,-0.027191,-0.993881
6.480458,0.023590,-0.027328,-0.993988
6.480483,0.023788,-0.027420,-0.994110
6.480508,0.023972,-0.027481,-0.994247
6.480534,0.024109,-0.027481,-0.994385
6.480559,0.024261,-0.027451,-0.994522
6.480584,0.024384,-0.027374,-0.994644
6.489883,0.024460,-0.027283,-0.994720
6.489983,0.024475,-0.027161,-0.994736
6.490019,0.024429,-0.027039,-0.994659
6.490050,0.024323,-0.026871,-0.994461
6.490079,0.024139,-0.026703,-0.994171
6.490109,0.023895,-0.026566,-0.993774
6.490140,0.023590,-0.026505,-0.993317
6.490171,0.023209,-0.026535,-0.992874
6.499872,0.022797,-0.026642,-0.992477
6.500094,0.022385,-0.026840,-0.992157
6.500377,0.022003,-0.027115,-0.991943
6.500411,0.021698,-0.027390,-0.991837
6.500443,0.021500,-0.027664,-0.991806
6.500472,0.021408,-0.027908,-0.991867
6.500501,0.021423,-0.028122,-0.991989
6.500541,0.021530,-0.028336,-0.992172
6.510714,0.021652,-0.028534,-0.992401
6.510767,0.021805,-0.028702,-0.992645
6.510782,0.021973,-0.028839,-0.992874
6.510793,0.022110,-0.028900,-0.993103
6.510804,0.022247,-0.028870,-0.993301
6.510813,0.022385,-0.028717,-0.993469
6.510823,0.022522,-0.028488,-0.993637
6.510832,0.022675,-0.028168,-0.993774
6.519830,0.022827,-0.027817,-0.993912
6.519943,0.022949,-0.027435,-0.994034
6.519974,0.023026,-0.027100,-0.994141
6.519999,0.023056,-0.026810,-0.994186
6.520024,0.023026,-0.026642,-0.994156
6.520049,0.022980,-0.026581,-0.994049
6.520074,0.022949,-0.026642,-0.993881
6.520100,0.022934,-0.026749,-0.993668
6.529847,0.022949,-0.026917,-0.993423
6.529965,0.023010,-0.027054,-0.993179
6.529993,0.023102,-0.027176,-0.992935
6.530019,0.023193,-0.027267,-0.992752
6.530052,0.023270,-0.027313,-0.992630
6.530078,0.023331,-0.027374,-0.992584
6.530102,0.023376,-0.027451,-0.992599
6.530125,0.023422,-0.027557,-0.992645
6.539846,0.023438,-0.027710,-0.992706
6.539966,0.023453,-0.027878,-0.992767
6.539996,0.023453,-0.028015,-0.992859
6.540022,0.023483,-0.028122,-0.992966
6.540046,0.023529,-0.028183,-0.993118
6.540069,0.023560,-0.028183,-0.993286
6.540101,0.023560,-0.028137,-0.993454
6.540128,0.023544,-0.028076,-0.993637
6.549824,0.023499,-0.028000,-0.993835
6.549946,0.023438,-0.027954,-0.994034
6.549982,0.023376,-0.027893,-0.994263
6.550129,0.023315,-0.027817,-0.994476
6.550168,0.023254,-0.027679,-0.994720
6.550207,0.023209,-0.027481,-0.994980
6.550243,0.023163,-0.027237,-0.995239
6.550280,0.023056,-0.026932,-0.995438
6.560245,0.022919,-0.026596,-0.995575
6.560348,0.022720,-0.026276,-0.995636
6.560379,0.022522,-0.025970,-0.995605
6.560406,0.022339,-0.025711,-0.995499
6.560430,0.022232,-0.025482,-0.995361
6.560456,0.022186,-0.025314,-0.995239
6.560480,0.022232,-0.025192,-0.995148
6.560503,0.022324,-0.025116,-0.995117
6.570165,0.022446,-0.025055,-0.995132
6.570291,0.022552,-0.024994,-0.995193
6.570321,0.022644,-0.024948,-0.995300
6.570356,0.022690,-0.024918,-0.995422
6.570382,0.022720,-0.024887,-0.995514
6.570407,0.022705,-0.024841,-0.995575
6.570441,0.022659,-0.024765,-0.995575
6.570514,0.022583,-0.024643,-0.995529
6.579813,0.022491,-0.024460,-0.995422
6.579934,0.022369,-0.024231,-0.995270
6.579969,0.022156,-0.023972,-0.995102
6.580001,0.021622,-0.023651,-0.995163
6.580030,0.020187,-0.022964,-0.997192
6.580059,0.017029,-0.021271,-1.007202
6.580090,0.011948,-0.017532,-1.035156
6.580119,0.006531,-0.010239,-1.086090
6.589793,0.003922,0.001968,-1.151703
6.589918,0.006912,0.018387,-1.214340
6.589953,0.016342,0.035202,-1.255905
6.589982,0.030624,0.046356,-1.261902
6.590021,0.046173,0.045685,-1.223373
6.590052,0.058121,0.028412,-1.140106
6.590080,0.061707,-0.007538,-1.021698
6.590116,0.053833,-0.060806,-0.884216
6.599780,0.034164,-0.126190,-0.745712
6.599900,0.005096,-0.195038,-0.623703
6.599974,-0.028519,-0.256180,-0.533463
6.600005,-0.060303,-0.297714,-0.486099
6.600034,-0.083664,-0.309845,-0.487549
6.600063,-0.093460,-0.287643,-0.537857
6.600093,-0.087189,-0.232651,-0.630051
6.600124,-0.065170,-0.152328,-0.750595
6.609882,-0.030273,-0.058182,-0.882675
6.610031,0.012924,0.036850,-1.010391
6.610078,0.059113,0.120941,-1.121323
6.610120,0.103165,0.185257,-1.207184
6.610157,0.140884,0.224884,-1.264267
6.610194,0.169342,0.238815,-1.293274
6.610244,0.186920,0.229645,-1.298157
6.610283,0.193359,0.202927,-1.284897
6.619831,0.189438,0.165939,-1.260513
6.619988,0.176651,0.126190,-1.232269
6.620057,0.156906,0.089783,-1.206116
6.620087,0.132156,0.060410,-1.185226
6.620113,0.104095,0.038879,-1.169418
6.620189,0.074005,0.023621,-1.155899
6.620222,0.042786,0.011459,-1.140579
6.620250,0.011108,-0.001236,-1.119385
6.630459,-0.020401,-0.017761,-1.089386
6.630568,-0.050888,-0.040146,-1.049194
6.630598,-0.079193,-0.068817,-0.999084
6.630624,-0.103790,-0.102234,-0.941269
6.630651,-0.122955,-0.137192,-0.880020
6.630676,-0.135071,-0.169327,-0.821182
6.630702,-0.138885,-0.194046,-0.771042
6.630725,-0.133759,-0.207642,-0.735092
6.639739,-0.119797,-0.208038,-0.717209
6.639860,-0.097855,-0.195206,-0.718979
6.639896,-0.069519,-0.170944,-0.739639
6.639929,-0.036865,-0.138428,-0.776321
6.639958,-0.002197,-0.101624,-0.824738
6.639987,0.032135,-0.064621,-0.879913
6.640081,0.064026,-0.031143,-0.936783
6.640127,0.091690,-0.004089,-0.990646
6.649715,0.113815,0.014816,-1.037552
6.649838,0.129639,0.025177,-1.074829
6.649875,0.138901,0.027893,-1.101318
6.649907,0.141724,0.024811,-1.117249
6.649936,0.138611,0.018356,-1.123688
6.649974,0.130280,0.010925,-1.122162
6.650006,0.117554,0.004425,-1.114243
6.650035,0.101273,-0.000015,-1.101532
6.659829,0.082291,-0.002167,-1.085281
6.659971,0.061371,-0.002457,-1.066391
6.660026,0.039352,-0.001785,-1.045502
6.660064,0.017075,-0.001190,-1.023346
6.660113,-0.004532,-0.001556,-1.000732
6.660152,-0.024399,-0.003479,-0.978607
6.660191,-0.041412,-0.007034,-0.958008
6.660228,-0.054565,-0.011902,-0.940033
6.669730,-0.063065,-0.017502,-0.925812
6.669887,-0.066467,-0.023087,-0.916351
6.669947,-0.064713,-0.028015,-0.912247
6.670235,-0.058167,-0.031845,-0.913742
6.671104,-0.047485,-0.034409,-0.920670
6.671145,-0.033600,-0.035873,-0.932465
6.671176,-0.017532,-0.036652,-0.948181
6.671353,-0.000366,-0.037277,-0.966492
6.679707,0.016861,-0.038239,-0.985931
6.679826,0.033279,-0.039841,-1.005173
6.679855,0.048065,-0.042236,-1.023071
6.679882,0.060577,-0.045288,-1.038681
6.679906,0.070328,-0.048737,-1.051208
6.679930,0.076935,-0.052124,-1.060013
6.679954,0.080231,-0.055023,-1.064697
6.679979,0.080154,-0.056992,-1.065109
6.689656,0.076797,-0.057648,-1.061356
6.689744,0.070389,-0.056732,-1.053741
6.689771,0.061356,-0.054153,-1.042831
6.689797,0.050262,-0.049973,-1.029358
6.689823,0.037842,-0.044403,-1.014191
6.689846,0.024902,-0.037689,-0.998291
6.689871,0.012314,-0.030151,-0.982635
6.689895,0.000916,-0.022079,-0.968216
6.699699,-0.008514,-0.013763,-0.955933
6.699817,-0.015411,-0.005508,-0.946487
6.699862,-0.019333,0.002335,-0.940323
6.699902,-0.020081,0.009445,-0.937592
6.700029,-0.017654,0.015427,-0.938278
6.700067,-0.012329,0.019882,-0.942184
6.700105,-0.004562,0.022430,-0.948883
6.700144,0.004990,0.022797,-0.957825
6.709747,0.015594,0.020782,-0.968369
6.709849,0.026428,0.016342,-0.979828
6.709882,0.036728,0.009644,-0.991547
6.710367,0.045761,0.001038,-1.002914
6.710408,0.053024,-0.008911,-1.013397
6.710447,0.058136,-0.019577,-1.022552
6.710479,0.060883,-0.030212,-1.030075
6.710508,0.061234,-0.040176,-1.035751
6.719639,0.059265,-0.048859,-1.039444
6.719751,0.055176,-0.055786,-1.041061
6.719780,0.049255,-0.060699,-1.040680
6.719924,0.041885,-0.063492,-1.038422
6.719955,0.033493,-0.064148,-1.034531
6.719983,0.024551,-0.062836,-1.029312
6.720065,0.015533,-0.059769,-1.023117
6.720091,0.006943,-0.055206,-1.016388
6.729623,-0.000732,-0.049454,-1.009583
6.729738,-0.007095,-0.042831,-1.003082
6.729769,-0.011795,-0.035645,-0.997253
6.729794,-0.014603,-0.028198,-0.992325
6.729821,-0.015396,-0.020813,-0.988495
6.729845,-0.014175,-0.013809,-0.985825
6.729869,-0.011047,-0.007492,-0.984283
6.729893,-0.006226,-0.002167,-0.983704
6.739613,-0.000031,0.001831,-0.983917
6.739755,0.007156,0.004303,-0.984726
6.739796,0.014954,0.005081,-0.985901
6.739829,0.022919,0.004120,-0.987213
6.739861,0.030609,0.001495,-0.988464
6.739891,0.037628,-0.002625,-0.989502
6.739921,0.043625,-0.007965,-0.990204
6.739949,0.048309,-0.014130,-0.990509
6.749627,0.051529,-0.020721,-0.990433
6.749790,0.053192,-0.027298,-0.989975
6.749919,0.053329,-0.033478,-0.989243
6.749983,0.052048,-0.038910,-0.988297
6.750036,0.049500,-0.043350,-0.987137
6.750078,0.045898,-0.046646,-0.985809
6.750118,0.041489,-0.048721,-0.984314
6.750156,0.036484,-0.049576,-0.982742
6.759636,0.031174,-0.049255,-0.981155
6.759692,0.025742,-0.047913,-0.979630
6.759707,0.020447,-0.045731,-0.978226
6.759718,0.015503,-0.042892,-0.977097
6.759729,0.011124,-0.039612,-0.976334
6.759739,0.007477,-0.036087,-0.976044
6.759749,0.004715,-0.032501,-0.976257
6.759758,0.002945,-0.029022,-0.977051
6.769830,0.002213,-0.025818,-0.978424
6.769957,0.002518,-0.023010,-0.980331
6.769987,0.003784,-0.020676,-0.982697
6.770013,0.005920,-0.018906,-0.985428
6.770045,0.008728,-0.017731,-0.988419
6.770071,0.012009,-0.017181,-0.991531
6.770096,0.015564,-0.017227,-0.994629
6.770122,0.019211,-0.017838,-0.997589
6.779590,0.022720,-0.018951,-1.000275
6.779689,0.025955,-0.020477,-1.002594
6.779717,0.028763,-0.022308,-1.004456
6.779742,0.031067,-0.024292,-1.005829
6.779779,0.032776,-0.026291,-1.006668
6.779805,0.033813,-0.028168,-1.006943
6.779830,0.034210,-0.029877,-1.006683
6.779858,0.033997,-0.031342,-1.005920
6.789553,0.033203,-0.032532,-1.004700
6.789677,0.031937,-0.033432,-1.003098
6.789713,0.030304,-0.034073,-1.001160
6.789744,0.028442,-0.034439,-0.999008
6.789782,0.026489,-0.034561,-0.996765
6.789814,0.024536,-0.034439,-0.994522
6.789843,0.022705,-0.034088,-0.992386
6.789874,0.021088,-0.033463,-0.990479
6.799552,0.019745,-0.032578,-0.988876
6.799708,0.018753,-0.031433,-0.987640
6.799752,0.018143,-0.030090,-0.986832
6.799804,0.017899,-0.028610,-0.986420
6.799843,0.018021,-0.027069,-0.986359
6.799882,0.018433,-0.025543,-0.986588
6.799919,0.019058,-0.024109,-0.986969
6.799969,0.019821,-0.022858,-0.987442
6.809913,0.020630,-0.021835,-0.987930
6.810034,0.021393,-0.021103,-0.988388
6.810062,0.022079,-0.020676,-0.988815
6.810089,0.022659,-0.020599,-0.989166
6.810117,0.023117,-0.020859,-0.989456
6.810141,0.023438,-0.021454,-0.989716
6.810168,0.023651,-0.022308,-0.989975
6.810191,0.023743,-0.023407,-0.990280
6.819619,0.023727,-0.024643,-0.990631
6.819749,0.023621,-0.025940,-0.991043
6.819777,0.023422,-0.027206,-0.991547
6.819809,0.023163,-0.028381,-0.992172
6.819837,0.022873,-0.029373,-0.992950
6.819861,0.022583,-0.030121,-0.993866
6.819885,0.022339,-0.030594,-0.994919
6.819917,0.022202,-0.030777,-0.996094
6.829730,0.022202,-0.030670,-0.997360
6.829862,0.022369,-0.030273,-0.998642
6.829898,0.022690,-0.029602,-0.999893
6.829929,0.023178,-0.028702,-1.001022
6.829957,0.023773,-0.027588,-1.002029
6.830001,0.024414,-0.026306,-1.002914
6.830031,0.025024,-0.024933,-1.003677
6.830058,0.025543,-0.023544,-1.004318
6.839734,0.025864,-0.022217,-1.004868
6.839850,0.025940,-0.021027,-1.005295
6.839882,0.025757,-0.020065,-1.005585
6.839908,0.025314,-0.019379,-1.005722
6.839933,0.024658,-0.019028,-1.005630
6.839964,0.023849,-0.018997,-1.005310
6.839991,0.022964,-0.019272,-1.004715
6.840014,0.022064,-0.019821,-1.003891
6.849492,0.021225,-0.020599,-1.002869
6.849591,0.020477,-0.021561,-1.001678
6.849619,0.019852,-0.022629,-1.000397
6.849651,0.019348,-0.023773,-0.999084
6.849677,0.018967,-0.024933,-0.997833
6.849703,0.018723,-0.026062,-0.996719
6.849726,0.018677,-0.027084,-0.995773
6.849750,0.018799,-0.027985,-0.995026
6.860135,0.019135,-0.028717,-0.994507
6.860433,0.019684,-0.029251,-0.994171
6.860479,0.020401,-0.029572,-0.994019
6.860518,0.021255,-0.029678,-0.993973
6.860555,0.022186,-0.029572,-0.993988
6.860592,0.023132,-0.029312,-0.994034
6.860630,0.024048,-0.028931,-0.994080
6.860666,0.024872,-0.028488,-0.994080
6.869652,0.025589,-0.028000,-0.994034
6.870175,0.026138,-0.027496,-0.993927
6.870206,0.026505,-0.026993,-0.993805
6.870242,0.026688,-0.026474,-0.993698
6.870270,0.026703,-0.025970,-0.993591
6.870406,0.026550,-0.025497,-0.993500
6.870514,0.026230,-0.025101,-0.993408
6.870539,0.025757,-0.024826,-0.993256
6.879510,0.025146,-0.024719,-0.993011
6.879639,0.024429,-0.024796,-0.992645
6.879668,0.023636,-0.025055,-0.992188
6.879694,0.022842,-0.025513,-0.991669
6.879727,0.022110,-0.026093,-0.991104
6.879753,0.021500,-0.026779,-0.990570
6.879784,0.021027,-0.027496,-0.990112
6.879810,0.020691,-0.028183,-0.989746
6.889522,0.020477,-0.028793,-0.989502
6.889626,0.020370,-0.029327,-0.989395
6.889670,0.020340,-0.029770,-0.989410
6.889710,0.020386,-0.030136,-0.989502
6.889775,0.020477,-0.030457,-0.989685
6.889829,0.020630,-0.030731,-0.989960
6.889881,0.020844,-0.030930,-0.990311
6.889931,0.021133,-0.031067,-0.990738
6.899453,0.021484,-0.031097,-0.991196
6.899553,0.021896,-0.031021,-0.991669
6.899590,0.022339,-0.030853,-0.992081
6.899628,0.022812,-0.030594,-0.992416
6.899658,0.023300,-0.030304,-0.992630
6.899690,0.023758,-0.029984,-0.992691
6.899729,0.024124,-0.029663,-0.992569
6.899768,0.024399,-0.029373,-0.992294
6.909786,0.024521,-0.029099,-0.991898
6.909986,0.024490,-0.028854,-0.991440
6.910052,0.024307,-0.028625,-0.990997
6.910109,0.023987,-0.028381,-0.990601
6.910161,0.023575,-0.028122,-0.990265
6.910212,0.023102,-0.027863,-0.989975
6.910264,0.022644,-0.027588,-0.989731
6.910316,0.022217,-0.027359,-0.989487
6.919660,0.021866,-0.027191,-0.989288
6.920002,0.021622,-0.027115,-0.989090
6.920039,0.021484,-0.027161,-0.988953
6.920070,0.021500,-0.027298,-0.988892
6.920100,0.021652,-0.027512,-0.988922
6.920130,0.021927,-0.027786,-0.989075
6.920273,0.022247,-0.028076,-0.989319
6.920332,0.022598,-0.028351,-0.989670
6.930046,0.022934,-0.028595,-0.990082
6.930179,0.023209,-0.028778,-0.990570
6.930212,0.023422,-0.028931,-0.991104
6.930240,0.023575,-0.029022,-0.991684
6.930265,0.023682,-0.029068,-0.992310
6.930341,0.023743,-0.029068,-0.992966
6.930375,0.023758,-0.029007,-0.993622
6.930408,0.023712,-0.028885,-0.994247
6.939423,0.023605,-0.028687,-0.994781
6.939549,0.023438,-0.028412,-0.995209
6.939608,0.023178,-0.028091,-0.995544
6.939660,0.022827,-0.027725,-0.995758
6.939710,0.022415,-0.027328,-0.995911
6.939773,0.021957,-0.026901,-0.996017
6.939823,0.021484,-0.026428,-0.996140
6.939875,0.021072,-0.025970,-0.996307
6.949395,0.020752,-0.025513,-0.996506
6.949490,0.020538,-0.025070,-0.996750
6.949557,0.020462,-0.024673,-0.997040
6.949608,0.020523,-0.024292,-0.997360
6.949659,0.020737,-0.023972,-0.997711
6.949708,0.021057,-0.023697,-0.998062
6.949759,0.021454,-0.023514,-0.998383
6.949810,0.021881,-0.023422,-0.998657
6.959836,0.022293,-0.023438,-0.998886
6.960033,0.022629,-0.023529,-0.999039
6.960093,0.022888,-0.023682,-0.999115
6.960148,0.023071,-0.023880,-0.999115
6.960199,0.023163,-0.024094,-0.999054
6.960251,0.023193,-0.024277,-0.998917
6.960302,0.023163,-0.024429,-0.998734
6.960352,0.023102,-0.024551,-0.998489
6.969498,0.022980,-0.024658,-0.998199
6.969621,0.022827,-0.024780,-0.997879
6.969654,0.022675,-0.024918,-0.997528
6.969820,0.022522,-0.025055,-0.997192
6.969850,0.022400,-0.025192,-0.996872
6.969875,0.022308,-0.025330,-0.996552
6.969900,0.022278,-0.025406,-0.996262
6.969926,0.022263,-0.025452,-0.995987
6.979380,0.022263,-0.025436,-0.995728
6.979520,0.022247,-0.025406,-0.995468
6.979562,0.022217,-0.025375,-0.995255
6.979596,0.022156,-0.025375,-0.995056
6.979625,0.022110,-0.025391,-0.994888
6.979662,0.022064,-0.025467,-0.994736
6.979693,0.022049,-0.025543,-0.994614
6.979727,0.022079,-0.025635,-0.994537
6.989357,0.022141,-0.025681,-0.994537
6.989461,0.022263,-0.025665,-0.994568
6.989489,0.022491,-0.025604,-0.994659
6.989522,0.022766,-0.025482,-0.994751
6.989548,0.023102,-0.025360,-0.994843
6.989572,0.023438,-0.025253,-0.994873
6.989599,0.023743,-0.025208,-0.994827
6.989623,0.023972,-0.025238,-0.994720
6.999377,0.024124,-0.025360,-0.994553
6.999518,0.024185,-0.025574,-0.994324
6.999555,0.024170,-0.025848,-0.994049
6.999585,0.024094,-0.026154,-0.993759
6.999615,0.023972,-0.026474,-0.993469
6.999657,0.023804,-0.026779,-0.993164
6.999687,0.023636,-0.027054,-0.992874
6.999717,0.023453,-0.027283,-0.992615
7.010404,0.023254,-0.027481,-0.992371
7.010464,0.023056,-0.027649,-0.992157
7.010495,0.022827,-0.027817,-0.991959
7.010522,0.022614,-0.027954,-0.991806
7.010537,0.022400,-0.028076,-0.991684
7.010548,0.022232,-0.028183,-0.991592
7.010559,0.022110,-0.028244,-0.991577
7.010569,0.022018,-0.028275,-0.991592
7.020352,0.021988,-0.028290,-0.991684
7.020469,0.022034,-0.028305,-0.991776
7.020499,0.022141,-0.028336,-0.991882
7.020525,0.022293,-0.028381,-0.991959
7.020549,0.022522,-0.028397,-0.991989
7.020575,0.022797,-0.028397,-0.992004
7.020598,0.023102,-0.028366,-0.992004
7.020622,0.023407,-0.028305,-0.991989
7.029350,0.023666,-0.028244,-0.991943
7.029584,0.023880,-0.028198,-0.991867
7.029629,0.024033,-0.028168,-0.991776
7.029659,0.024109,-0.028183,-0.991669
7.029698,0.024124,-0.028229,-0.991562
7.029725,0.024109,-0.028259,-0.991455
7.029752,0.024048,-0.028290,-0.991333
7.029776,0.023941,-0.028275,-0.991196
7.039323,0.023773,-0.028214,-0.991058
7.039428,0.023560,-0.028137,-0.990936
7.039456,0.023300,-0.028030,-0.990845
7.039482,0.022995,-0.027908,-0.990784
7.039506,0.022659,-0.027832,-0.990753
7.039530,0.022308,-0.027786,-0.990784
7.039553,0.021988,-0.027771,-0.990829
7.039584,0.021698,-0.027771,-0.990906
7.049308,0.021500,-0.027802,-0.990997
7.049421,0.021378,-0.027847,-0.991104
7.049451,0.021378,-0.027908,-0.991241
7.049477,0.021469,-0.027985,-0.991425
7.049503,0.021637,-0.028076,-0.991653
7.049527,0.021835,-0.028152,-0.991898
7.049550,0.022018,-0.028244,-0.992157
7.049573,0.022125,-0.028336,-0.992401
7.060385,0.022156,-0.028442,-0.992599
7.060504,0.022095,-0.028549,-0.992783
7.060532,0.021957,-0.028641,-0.992935
7.060565,0.021805,-0.028702,-0.993088
7.060591,0.021667,-0.028717,-0.993256
7.060615,0.021591,-0.028641,-0.993469
7.060640,0.021576,-0.028519,-0.993729
7.060664,0.021606,-0.028320,-0.994003
7.069459,0.021698,-0.028091,-0.994308
7.069569,0.021805,-0.027863,-0.994583
7.069600,0.021957,-0.027649,-0.994843
7.069626,0.022125,-0.027496,-0.995056
7.069663,0.022324,-0.027390,-0.995209
7.069690,0.022537,-0.027283,-0.995316
7.069715,0.022736,-0.027176,-0.995377
7.069738,0.022934,-0.027039,-0.995438
7.079286,0.023102,-0.026855,-0.995499
7.079406,0.023239,-0.026627,-0.995605
7.079445,0.023300,-0.026382,-0.995758
7.079473,0.023270,-0.026138,-0.995941
7.079497,0.023148,-0.025925,-0.996155
7.079523,0.022934,-0.025772,-0.996368
7.079545,0.022690,-0.025665,-0.996597
7.079569,0.022415,-0.025589,-0.996796
7.089297,0.022186,-0.025528,-0.996979
7.089470,0.022003,-0.025467,-0.997147
7.089532,0.021866,-0.025391,-0.997299
7.089598,0.021790,-0.025269,-0.997406
7.089651,0.021774,-0.025116,-0.997482
7.089712,0.021820,-0.024948,-0.997543
7.089765,0.021881,-0.024796,-0.997543
7.089816,0.021957,-0.024643,-0.997513
7.099254,0.022034,-0.024521,-0.997482
7.099373,0.022095,-0.024384,-0.997437
7.099406,0.022141,-0.024261,-0.997391
7.099438,0.022141,-0.024109,-0.997314
7.099466,0.022095,-0.023911,-0.997238
7.099495,0.021957,-0.023651,-0.997131
7.099530,0.021637,-0.023254,-0.997238
7.099561,0.020950,-0.022552,-0.999359
7.109499,0.019821,-0.020950,-1.008987
7.109676,0.018753,-0.017410,-1.032944
7.109740,0.018784,-0.010834,-1.072052
7.109796,0.021027,-0.001053,-1.118912
7.109847,0.025833,0.010315,-1.163177
7.109910,0.032562,0.020187,-1.194473
7.109962,0.039719,0.024750,-1.201920
7.110014,0.045029,0.020294,-1.176376
7.119235,0.045792,0.003983,-1.114868
7.119368,0.039780,-0.025375,-1.022247
7.119414,0.026047,-0.066528,-0.909058
7.119938,0.005173,-0.115372,-0.789185
7.119990,-0.020691,-0.165451,-0.678391
7.120031,-0.048050,-0.208740,-0.592270
7.120069,-0.072311,-0.237000,-0.543472
7.120107,-0.088684,-0.243423,-0.539352
7.129217,-0.093201,-0.224274,-0.580566
7.129343,-0.083649,-0.179871,-0.660965
7.129372,-0.059982,-0.114792,-0.769241
7.129398,-0.024384,-0.037125,-0.891602
7.129432,0.019241,0.042984,-1.014191
7.129459,0.066116,0.115402,-1.124557
7.129483,0.111374,0.171692,-1.213028
7.129509,0.150742,0.206314,-1.273941
7.139207,0.180939,0.217361,-1.306122
7.139298,0.199951,0.206589,-1.312317
7.139327,0.207062,0.178787,-1.298203
7.139354,0.202698,0.140533,-1.270996
7.139378,0.188171,0.098785,-1.237961
7.139402,0.165329,0.059372,-1.204926
7.139426,0.136230,0.026260,-1.175415
7.139458,0.102859,0.001038,-1.150360
7.149223,0.067017,-0.016891,-1.128387
7.149328,0.030243,-0.029861,-1.106750
7.149362,-0.006210,-0.041107,-1.082184
7.149402,-0.041183,-0.053879,-1.051819
7.149433,-0.073441,-0.070404,-1.013901
7.149462,-0.101639,-0.091370,-0.968369
7.149499,-0.124298,-0.115555,-0.917343
7.149529,-0.139969,-0.140228,-0.864868
7.161232,-0.147400,-0.161697,-0.816086
7.161377,-0.145798,-0.176254,-0.776123
7.161420,-0.135010,-0.181030,-0.749390
7.161459,-0.115646,-0.174530,-0.739029
7.161498,-0.088943,-0.156998,-0.746368
7.161534,-0.056778,-0.130249,-0.770615
7.161572,-0.021393,-0.097412,-0.809006
7.161608,0.014801,-0.062286,-0.857407
7.169233,0.049530,-0.028778,-0.910980
7.169357,0.080780,-0.000290,-0.964737
7.169389,0.106995,0.020737,-1.014145
7.169896,0.127060,0.033142,-1.055634
7.169946,0.140442,0.037033,-1.086960
7.169973,0.147034,0.033646,-1.107285
7.170000,0.147156,0.024994,-1.116882
7.170026,0.141403,0.013504,-1.116821
7.179178,0.130585,0.001587,-1.108780
7.179305,0.115601,-0.008820,-1.094772
7.179336,0.097427,-0.016479,-1.076767
7.179363,0.076996,-0.020950,-1.056366
7.179390,0.055222,-0.022537,-1.034744
7.179537,0.032974,-0.021988,-1.012848
7.179566,0.011154,-0.020370,-0.991516
7.179598,-0.009262,-0.018646,-0.971481
7.189150,-0.027313,-0.017517,-0.953445
7.189288,-0.042068,-0.017365,-0.938126
7.189323,-0.052734,-0.018158,-0.926300
7.189355,-0.058777,-0.019699,-0.918701
7.189386,-0.059967,-0.021606,-0.915817
7.189415,-0.056519,-0.023560,-0.917847
7.189443,-0.048935,-0.025375,-0.924622
7.189479,-0.038025,-0.026993,-0.935715
7.199164,-0.024750,-0.028595,-0.950333
7.199281,-0.010162,-0.030380,-0.967438
7.199316,0.004761,-0.032593,-0.985779
7.199345,0.019180,-0.035400,-1.004181
7.199375,0.032379,-0.038849,-1.021545
7.199412,0.043777,-0.042816,-1.036942
7.199443,0.052994,-0.047058,-1.049576
7.199472,0.059753,-0.051163,-1.058807
7.209235,0.063934,-0.054657,-1.064301
7.209685,0.065475,-0.057098,-1.065918
7.209724,0.064468,-0.058075,-1.063736
7.209755,0.061081,-0.057343,-1.057999
7.209786,0.055588,-0.054825,-1.049118
7.209818,0.048355,-0.050613,-1.037704
7.209848,0.039886,-0.044907,-1.024475
7.209876,0.030731,-0.038040,-1.010269
7.219845,0.021545,-0.030334,-0.995895
7.219988,0.012955,-0.022171,-0.982193
7.220033,0.005585,-0.013870,-0.969940
7.220072,-0.000061,-0.005814,-0.959808
7.220110,-0.003601,0.001678,-0.952225
7.220149,-0.004807,0.008301,-0.947433
7.220185,-0.003677,0.013702,-0.945465
7.220223,-0.000336,0.017563,-0.946228
7.229316,0.004852,0.019638,-0.949387
7.229453,0.011475,0.019699,-0.954544
7.229490,0.018982,0.017609,-0.961182
7.229520,0.026733,0.013397,-0.968857
7.229678,0.034119,0.007217,-0.977112
7.229725,0.040588,-0.000626,-0.985504
7.229760,0.045715,-0.009659,-0.993637
7.229791,0.049179,-0.019318,-1.001175
7.239104,0.050842,-0.028961,-1.007889
7.239224,0.050705,-0.037979,-1.013611
7.239258,0.048889,-0.045807,-1.018250
7.239296,0.045609,-0.051987,-1.021744
7.239329,0.041122,-0.056229,-1.024033
7.239358,0.035706,-0.058411,-1.025208
7.239388,0.029678,-0.058609,-1.025330
7.239416,0.023361,-0.057022,-1.024475
7.249098,0.017090,-0.053925,-1.022781
7.249251,0.011154,-0.049667,-1.020432
7.249286,0.005875,-0.044617,-1.017654
7.249318,0.001511,-0.039108,-1.014648
7.249348,-0.001678,-0.033432,-1.011658
7.249379,-0.003555,-0.027817,-1.008865
7.249408,-0.004028,-0.022446,-1.006439
7.249436,-0.003082,-0.017502,-1.004471
7.259051,-0.000763,-0.013107,-1.002991
7.259117,0.002747,-0.009415,-1.001907
7.259132,0.007248,-0.006561,-1.001114
7.259144,0.012451,-0.004700,-1.000443
7.259155,0.018082,-0.003983,-0.999756
7.259165,0.023788,-0.004456,-0.998917
7.259174,0.029266,-0.006104,-0.997818
7.259184,0.034225,-0.008850,-0.996429
7.269673,0.038406,-0.012497,-0.994751
7.269789,0.041595,-0.016830,-0.992798
7.269819,0.043686,-0.021545,-0.990677
7.269845,0.044617,-0.026321,-0.988480
7.269869,0.044403,-0.030838,-0.986298
7.269893,0.043167,-0.034866,-0.984238
7.269919,0.041061,-0.038177,-0.982330
7.269944,0.038284,-0.040665,-0.980606
7.279284,0.035049,-0.042267,-0.979095
7.279531,0.031509,-0.043030,-0.977768
7.279571,0.027878,-0.043045,-0.976669
7.279598,0.024261,-0.042435,-0.975754
7.279677,0.020798,-0.041351,-0.975052
7.279706,0.017593,-0.039902,-0.974594
7.279736,0.014771,-0.038208,-0.974426
7.279760,0.012436,-0.036362,-0.974640
7.289085,0.010681,-0.034470,-0.975250
7.289175,0.009567,-0.032562,-0.976303
7.289205,0.009155,-0.030685,-0.977798
7.289231,0.009445,-0.028900,-0.979706
7.289257,0.010376,-0.027222,-0.981964
7.289280,0.011932,-0.025665,-0.984512
7.289305,0.013992,-0.024277,-0.987228
7.289330,0.016418,-0.023102,-0.989990
7.299081,0.019073,-0.022186,-0.992676
7.299203,0.021805,-0.021591,-0.995163
7.299263,0.024460,-0.021332,-0.997391
7.299305,0.026901,-0.021408,-0.999298
7.299343,0.028976,-0.021820,-1.000854
7.299380,0.030594,-0.022537,-1.002029
7.299426,0.031677,-0.023529,-1.002853
7.299466,0.032181,-0.024765,-1.003311
7.309204,0.032104,-0.026154,-1.003433
7.309341,0.031525,-0.027649,-1.003265
7.309369,0.030487,-0.029160,-1.002823
7.309404,0.029114,-0.030624,-1.002106
7.309430,0.027527,-0.031967,-1.001160
7.309454,0.025833,-0.033173,-1.000000
7.309480,0.024155,-0.034180,-0.998688
7.309503,0.022537,-0.034943,-0.997253
7.319337,0.021057,-0.035431,-0.995758
7.319453,0.019775,-0.035553,-0.994293
7.319482,0.018723,-0.035278,-0.992935
7.319508,0.017929,-0.034576,-0.991745
7.319652,0.017441,-0.033447,-0.990784
7.319695,0.017273,-0.031952,-0.990082
7.319721,0.017410,-0.030136,-0.989639
7.319748,0.017853,-0.028122,-0.989456
7.329042,0.018524,-0.026047,-0.989487
7.329107,0.019409,-0.024017,-0.989685
7.329122,0.020432,-0.022202,-0.989990
7.329133,0.021515,-0.020706,-0.990311
7.329144,0.022583,-0.019653,-0.990616
7.329154,0.023560,-0.019119,-0.990860
7.329164,0.024399,-0.019089,-0.990997
7.329173,0.025040,-0.019577,-0.991058
7.339007,0.025482,-0.020523,-0.991013
7.339109,0.025726,-0.021851,-0.990906
7.339138,0.025787,-0.023483,-0.990753
7.339164,0.025726,-0.025299,-0.990631
7.339190,0.025558,-0.027191,-0.990555
7.339215,0.025330,-0.029007,-0.990601
7.339239,0.025085,-0.030624,-0.990799
7.339263,0.024826,-0.031967,-0.991135
7.349031,0.024582,-0.032928,-0.991623
7.349156,0.024353,-0.033447,-0.992264
7.349191,0.024155,-0.033493,-0.993042
7.349221,0.023987,-0.033112,-0.993896
7.349252,0.023880,-0.032303,-0.994843
7.349281,0.023865,-0.031158,-0.995850
7.349309,0.023926,-0.029755,-0.996933
7.349344,0.024063,-0.028168,-0.998062
7.360303,0.024200,-0.026489,-0.999222
7.360668,0.024323,-0.024780,-1.000397
7.360710,0.024368,-0.023163,-1.001526
7.360744,0.024323,-0.021683,-1.002579
7.360774,0.024139,-0.020462,-1.003494
7.360807,0.023849,-0.019562,-1.004211
7.360836,0.023453,-0.019043,-1.004700
7.360864,0.022949,-0.018936,-1.004929
7.369181,0.022369,-0.019241,-1.004868
7.369294,0.021729,-0.019882,-1.004517
7.369324,0.021088,-0.020828,-1.003891
7.369490,0.020477,-0.021957,-1.003067
7.369517,0.019958,-0.023193,-1.002106
7.369542,0.019577,-0.024460,-1.001083
7.369566,0.019394,-0.025665,-1.000046
7.369592,0.019348,-0.026764,-0.999054
7.378998,0.019485,-0.027710,-0.998169
7.379134,0.019760,-0.028473,-0.997391
7.379168,0.020187,-0.029022,-0.996735
7.379195,0.020737,-0.029373,-0.996216
7.379220,0.021408,-0.029495,-0.995819
7.379244,0.022156,-0.029388,-0.995529
7.379268,0.022949,-0.029053,-0.995346
7.379300,0.023758,-0.028549,-0.995239
7.388966,0.024536,-0.027939,-0.995163
7.389087,0.025208,-0.027283,-0.995071
7.389123,0.025757,-0.026642,-0.994934
7.389155,0.026154,-0.026047,-0.994705
7.389185,0.026367,-0.025543,-0.994385
7.389216,0.026428,-0.025162,-0.993973
7.389245,0.026291,-0.024872,-0.993484
7.389273,0.025986,-0.024719,-0.992966
7.398973,0.025513,-0.024689,-0.992401
7.399090,0.024902,-0.024780,-0.991806
7.399124,0.024170,-0.024994,-0.991196
7.399150,0.023346,-0.025314,-0.990585
7.399177,0.022461,-0.025711,-0.990021
7.399211,0.021591,-0.026154,-0.989532
7.399239,0.020767,-0.026642,-0.989120
7.399263,0.020065,-0.027115,-0.988861
7.410594,0.019547,-0.027588,-0.988754
7.411018,0.019241,-0.028030,-0.988846
7.411054,0.019165,-0.028412,-0.989120
7.411088,0.019287,-0.028732,-0.989517
7.411221,0.019592,-0.029022,-0.990021
7.411271,0.020035,-0.029282,-0.990540
7.411305,0.020584,-0.029526,-0.991043
7.411335,0.021149,-0.029770,-0.991501
7.418905,0.021729,-0.029984,-0.991867
7.419035,0.022293,-0.030182,-0.992142
7.419072,0.022827,-0.030319,-0.992340
7.419099,0.023361,-0.030426,-0.992447
7.419123,0.023865,-0.030457,-0.992493
7.419148,0.024307,-0.030441,-0.992462
7.419172,0.024658,-0.030365,-0.992386
7.419195,0.024887,-0.030228,-0.992233
7.428961,0.024979,-0.030029,-0.992050
7.429083,0.024933,-0.029770,-0.991852
7.429116,0.024765,-0.029449,-0.991623
7.429149,0.024506,-0.029068,-0.991425
7.429178,0.024200,-0.028641,-0.991241
7.429207,0.023880,-0.028214,-0.991074
7.429236,0.023544,-0.027771,-0.990952
7.429266,0.023224,-0.027328,-0.990829
7.438936,0.022888,-0.026932,-0.990723
7.439067,0.022568,-0.026611,-0.990601
7.439106,0.022278,-0.026382,-0.990463
7.439137,0.022049,-0.026276,-0.990295
7.439166,0.021912,-0.026306,-0.990097
7.439195,0.021881,-0.026489,-0.989899
7.439239,0.021942,-0.026810,-0.989700
7.439270,0.022110,-0.027237,-0.989578
7.448917,0.022324,-0.027740,-0.989563
7.449042,0.022583,-0.028275,-0.989655
7.449075,0.022842,-0.028778,-0.989899
7.449104,0.023071,-0.029221,-0.990250
7.449143,0.023239,-0.029526,-0.990707
7.449173,0.023331,-0.029709,-0.991241
7.449202,0.023346,-0.029724,-0.991806
7.449232,0.023300,-0.029602,-0.992371
7.458909,0.023209,-0.029343,-0.992905
7.459009,0.023087,-0.029007,-0.993393
7.459053,0.022949,-0.028595,-0.993805
7.459092,0.022797,-0.028107,-0.994171
7.459140,0.022659,-0.027603,-0.994476
7.459246,0.022507,-0.027069,-0.994720
7.459727,0.022369,-0.026566,-0.994934
7.459785,0.022232,-0.026123,-0.995148
7.468907,0.022125,-0.025742,-0.995346
7.469022,0.022049,-0.025452,-0.995544
7.469066,0.022003,-0.025284,-0.995758
7.469104,0.021988,-0.025192,-0.995987
7.469143,0.022018,-0.025162,-0.996231
7.469180,0.022079,-0.025177,-0.996506
7.469216,0.022202,-0.025208,-0.996796
7.469254,0.022354,-0.025269,-0.997070
7.478953,0.022537,-0.025314,-0.997345
7.479075,0.022720,-0.025360,-0.997620
7.479123,0.022919,-0.025391,-0.997849
7.479149,0.023117,-0.025406,-0.998062
7.479173,0.023285,-0.025406,-0.998245
7.479198,0.023438,-0.025406,-0.998413
7.479226,0.023514,-0.025375,-0.998550
7.479249,0.023560,-0.025314,-0.998642
7.488848,0.023560,-0.025208,-0.998718
7.488953,0.023529,-0.025055,-0.998734
7.488989,0.023468,-0.024857,-0.998703
7.489020,0.023392,-0.024673,-0.998611
7.489049,0.023315,-0.024506,-0.998505
7.489079,0.023239,-0.024399,-0.998398
7.489110,0.023148,-0.024368,-0.998276
7.489140,0.023041,-0.024414,-0.998184
7.498884,0.022919,-0.024551,-0.998077
7.499053,0.022766,-0.024734,-0.997955
7.499105,0.022614,-0.024933,-0.997803
7.499152,0.022476,-0.025131,-0.997635
7.499182,0.022415,-0.025284,-0.997437
7.499208,0.022430,-0.025375,-0.997269
7.499232,0.022522,-0.025436,-0.997131
7.499257,0.022659,-0.025467,-0.997055
7.509063,0.022797,-0.025467,-0.997009
7.509127,0.022919,-0.025497,-0.997009
7.509141,0.022980,-0.025513,-0.997055
7.509154,0.022995,-0.025543,-0.997116
7.509165,0.022980,-0.025558,-0.997192
7.509175,0.022949,-0.025558,-0.997269
7.509185,0.022934,-0.025543,-0.997314
7.509195,0.022934,-0.025513,-0.997284
7.518936,0.022934,-0.025513,-0.997177
7.519083,0.022934,-0.025558,-0.996979
7.519116,0.022919,-0.025650,-0.996674
7.519144,0.022888,-0.025787,-0.996277
7.519169,0.022797,-0.026001,-0.995804
7.519195,0.022675,-0.026245,-0.995270
7.519220,0.022522,-0.026520,-0.994705
7.519253,0.022354,-0.026794,-0.994156
7.528863,0.022202,-0.027084,-0.993622
7.528995,0.022049,-0.027359,-0.993149
7.529023,0.021927,-0.027603,-0.992722
7.529171,0.021820,-0.027832,-0.992371
7.529211,0.021759,-0.028015,-0.992081
7.529239,0.021713,-0.028183,-0.991867
7.529267,0.021698,-0.028320,-0.991730
7.529293,0.021683,-0.028397,-0.991653
7.538813,0.021713,-0.028427,-0.991638
7.538942,0.021805,-0.028412,-0.991653
7.538978,0.021957,-0.028351,-0.991699
7.539008,0.022156,-0.028259,-0.991714
7.539054,0.022415,-0.028152,-0.991699
7.539086,0.022690,-0.028030,-0.991592
7.539116,0.022964,-0.027908,-0.991440
7.539147,0.023193,-0.027817,-0.991226
7.548787,0.023361,-0.027771,-0.990952
7.548904,0.023483,-0.027756,-0.990662
7.548939,0.023560,-0.027756,-0.990387
7.548969,0.023621,-0.027740,-0.990112
7.549010,0.023697,-0.027740,-0.989899
7.549040,0.023758,-0.027710,-0.989716
7.549071,0.023819,-0.027679,-0.989624
7.549100,0.023849,-0.027649,-0.989609
7.559040,0.023865,-0.027634,-0.989685
7.559221,0.023834,-0.027649,-0.989807
7.559263,0.023773,-0.027695,-0.989990
7.559290,0.023712,-0.027771,-0.990219
7.559314,0.023621,-0.027878,-0.990494
7.559340,0.023529,-0.027985,-0.990799
7.559366,0.023438,-0.028107,-0.991135
7.559392,0.023346,-0.028198,-0.991486
7.568899,0.023239,-0.028290,-0.991806
7.569369,0.023087,-0.028320,-0.992111
7.569419,0.022903,-0.028320,-0.992340
7.569447,0.022720,-0.028259,-0.992477
7.569473,0.022552,-0.028183,-0.992493
7.569497,0.022446,-0.028091,-0.992416
7.569531,0.022415,-0.028000,-0.992279
7.569671,0.022461,-0.027939,-0.992142
7.578736,0.022583,-0.027893,-0.992050
7.578859,0.022736,-0.027878,-0.992035
7.578889,0.022903,-0.027893,-0.992096
7.578914,0.023071,-0.027924,-0.992264
7.578938,0.023163,-0.027954,-0.992462
7.578972,0.023209,-0.027985,-0.992691
7.578997,0.023193,-0.028015,-0.992935
7.579021,0.023163,-0.028015,-0.993164
7.588760,0.023117,-0.027985,-0.993408
7.588855,0.023102,-0.027908,-0.993668
7.588884,0.023102,-0.027802,-0.993927
7.588919,0.023102,-0.027664,-0.994186
7.588945,0.023117,-0.027466,-0.994446
7.588969,0.023132,-0.027237,-0.994705
7.588992,0.023117,-0.026993,-0.994965
7.589023,0.023056,-0.026764,-0.995209
7.598816,0.022980,-0.026550,-0.995438
7.598922,0.022903,-0.026398,-0.995636
7.598957,0.022842,-0.026321,-0.995804
7.598997,0.022797,-0.026260,-0.995972
7.599028,0.022766,-0.026215,-0.996170
7.599065,0.022797,-0.026169,-0.996399
7.599096,0.022842,-0.026108,-0.996658
7.599126,0.022919,-0.026016,-0.996933
7.608748,0.023010,-0.025894,-0.997238
7.608912,0.023132,-0.025726,-0.997528
7.608958,0.023254,-0.025558,-0.997818
7.609390,0.023376,-0.025391,-0.998093
7.609474,0.023514,-0.025223,-0.998337
7.609508,0.023636,-0.025070,-0.998520
7.609539,0.023743,-0.024887,-0.998657
7.609570,0.023804,-0.024704,-0.998703
7.618851,0.023804,-0.024506,-0.998657
7.619119,0.023712,-0.024292,-0.998520
7.619168,0.023529,-0.024094,-0.998276
7.619210,0.023224,-0.023911,-0.997925
7.619248,0.022858,-0.023727,-0.997543
7.619285,0.022430,-0.023575,-0.997147
7.619323,0.021896,-0.023392,-0.996780
7.619362,0.021011,-0.023010,-0.996826
7.628854,0.019394,-0.021820,-0.999924
7.628995,0.016953,-0.018616,-1.013626
7.629024,0.014282,-0.011887,-1.047363
7.629051,0.012787,-0.000397,-1.102142
7.629078,0.014053,0.015625,-1.166504
7.629103,0.018784,0.033539,-1.223999
7.629128,0.026306,0.048462,-1.259521
7.629153,0.034622,0.054581,-1.260269
7.638694,0.040710,0.046814,-1.217590
7.638795,0.041290,0.022095,-1.131134
7.638825,0.033752,-0.019775,-1.010483
7.638852,0.017136,-0.075714,-0.871872
7.638878,-0.007568,-0.139374,-0.733673
7.638905,-0.037476,-0.201889,-0.613937
7.638928,-0.068085,-0.252960,-0.528381
7.638952,-0.093933,-0.282700,-0.488281
7.648698,-0.109619,-0.283890,-0.498779
7.648805,-0.111130,-0.253876,-0.557999
7.648835,-0.096588,-0.195374,-0.656952
7.648861,-0.066650,-0.115967,-0.781158
7.648887,-0.024124,-0.026520,-0.914032
7.648913,0.026474,0.061005,-1.040283
7.648938,0.079987,0.135880,-1.147675
7.648961,0.131241,0.190186,-1.227890
7.658663,0.175797,0.219666,-1.277206
7.658763,0.210281,0.224014,-1.296509
7.658794,0.232620,0.206512,-1.290482
7.658819,0.242096,0.173157,-1.266190
7.658855,0.239166,0.131424,-1.231750
7.658883,0.225128,0.088623,-1.195007
7.658907,0.201828,0.050461,-1.162048
7.658930,0.171371,0.020218,-1.135986
7.668634,0.135712,-0.001389,-1.116714
7.668760,0.096664,-0.015976,-1.101639
7.668798,0.055710,-0.026535,-1.086838
7.668832,0.014175,-0.036621,-1.068283
7.668862,-0.026657,-0.049393,-1.042786
7.669046,-0.065445,-0.066833,-1.008438
7.669358,-0.100616,-0.089188,-0.965271
7.669394,-0.130447,-0.114929,-0.915527
7.678655,-0.153183,-0.140991,-0.863617
7.678796,-0.167267,-0.163483,-0.815247
7.678831,-0.171616,-0.178528,-0.776169
7.678871,-0.165756,-0.183151,-0.751282
7.678904,-0.150055,-0.175964,-0.743912
7.678935,-0.125595,-0.157333,-0.755203
7.678970,-0.094208,-0.129303,-0.783997
7.678999,-0.058151,-0.095184,-0.827087
7.688614,-0.019974,-0.058929,-0.879868
7.688721,0.017838,-0.024567,-0.937164
7.688749,0.053101,0.004425,-0.993759
7.688775,0.083984,0.025635,-1.044983
7.688799,0.109238,0.037933,-1.087219
7.688823,0.128113,0.041534,-1.118347
7.688855,0.140366,0.037766,-1.137711
7.688881,0.146133,0.028824,-1.145874
7.698621,0.145813,0.017227,-1.144150
7.698758,0.140030,0.005356,-1.134308
7.698796,0.129471,-0.004959,-1.118317
7.698826,0.114899,-0.012695,-1.098038
7.698855,0.097092,-0.017517,-1.074997
7.698883,0.076859,-0.019852,-1.050339
7.698913,0.055054,-0.020508,-1.024994
7.698943,0.032639,-0.020401,-0.999832
7.708597,0.010635,-0.020355,-0.975754
7.708710,-0.009827,-0.020874,-0.953629
7.708754,-0.027695,-0.022095,-0.934296
7.708819,-0.042007,-0.023865,-0.918625
7.708872,-0.052078,-0.025848,-0.907394
7.708924,-0.057526,-0.027679,-0.901215
7.709492,-0.058334,-0.029083,-0.900314
7.709611,-0.054825,-0.029892,-0.904587
7.718669,-0.047577,-0.030212,-0.913620
7.718789,-0.037338,-0.030273,-0.926712
7.718827,-0.024979,-0.030441,-0.942856
7.718858,-0.011368,-0.031067,-0.960815
7.718888,0.002640,-0.032394,-0.979401
7.719480,0.016357,-0.034485,-0.997513
7.719530,0.029099,-0.037262,-1.014252
7.719562,0.040375,-0.040421,-1.028839
7.728968,0.049774,-0.043610,-1.040665
7.729105,0.057007,-0.046371,-1.049255
7.729141,0.061844,-0.048325,-1.054413
7.729173,0.064178,-0.049118,-1.056076
7.729203,0.063965,-0.048508,-1.054306
7.729231,0.061310,-0.046463,-1.049362
7.729260,0.056427,-0.043045,-1.041687
7.729431,0.049698,-0.038483,-1.031860
7.738555,0.041641,-0.033005,-1.020615
7.738670,0.032883,-0.026917,-1.008713
7.738705,0.024109,-0.020493,-0.996948
7.738733,0.015976,-0.014008,-0.986115
7.738758,0.009094,-0.007690,-0.976883
7.738784,0.003937,-0.001816,-0.969757
7.738807,0.000824,0.003311,-0.964981
7.738833,-0.000107,0.007401,-0.962585
7.748605,0.001053,0.010147,-0.962463
7.748769,0.004150,0.011292,-0.964340
7.748829,0.008774,0.010590,-0.967865
7.748877,0.014465,0.007950,-0.972595
7.749000,0.020691,0.003357,-0.978088
7.749036,0.026947,-0.003006,-0.983978
7.749067,0.032745,-0.010788,-0.989960
7.749096,0.037643,-0.019455,-0.995804
7.758597,0.041397,-0.028351,-1.001312
7.758706,0.043777,-0.036804,-1.006348
7.758742,0.044724,-0.044205,-1.010788
7.758773,0.044220,-0.050064,-1.014511
7.758844,0.042358,-0.054092,-1.017380
7.758876,0.039276,-0.056183,-1.019302
7.758907,0.035202,-0.056442,-1.020157
7.758935,0.030350,-0.055084,-1.019943
7.769845,0.024994,-0.052414,-1.018661
7.769979,0.019455,-0.048737,-1.016434
7.770014,0.014008,-0.044373,-1.013443
7.770145,0.008942,-0.039520,-1.009949
7.770172,0.004547,-0.034439,-1.006256
7.770198,0.001083,-0.029282,-1.002609
7.770224,-0.001205,-0.024185,-0.999268
7.770248,-0.002213,-0.019302,-0.996475
7.778538,-0.001816,-0.014771,-0.994370
7.778610,-0.000031,-0.010757,-0.993011
7.778627,0.003036,-0.007446,-0.992401
7.778640,0.007248,-0.005005,-0.992401
7.778652,0.012314,-0.003601,-0.992874
7.778663,0.017899,-0.003326,-0.993652
7.778674,0.023666,-0.004227,-0.994568
7.778684,0.029266,-0.006256,-0.995468
7.788524,0.034363,-0.009338,-0.996231
7.788619,0.038696,-0.013290,-0.996796
7.788648,0.042084,-0.017838,-0.997131
7.788674,0.044388,-0.022690,-0.997192
7.788698,0.045547,-0.027527,-0.996948
7.788725,0.045563,-0.032059,-0.996399
7.788750,0.044479,-0.036026,-0.995575
7.788775,0.042389,-0.039230,-0.994461
7.798525,0.039429,-0.041519,-0.993057
7.798624,0.035751,-0.042847,-0.991425
7.798653,0.031555,-0.043274,-0.989594
7.798679,0.027054,-0.042892,-0.987625
7.798704,0.022491,-0.041855,-0.985611
7.798730,0.018051,-0.040329,-0.983627
7.798755,0.013962,-0.038467,-0.981781
7.798780,0.010406,-0.036423,-0.980194
7.808581,0.007523,-0.034271,-0.978973
7.808731,0.005432,-0.032135,-0.978210
7.808761,0.004242,-0.030029,-0.977982
7.808786,0.003983,-0.028015,-0.978302
7.808811,0.004700,-0.026154,-0.979233
7.808842,0.006317,-0.024475,-0.980728
7.808869,0.008728,-0.023041,-0.982727
7.808894,0.011826,-0.021942,-0.985107
7.818641,0.015381,-0.021194,-0.987762
7.818762,0.019226,-0.020874,-0.990524
7.818793,0.023102,-0.020981,-0.993240
7.818821,0.026810,-0.021469,-0.995758
7.818853,0.030151,-0.022278,-0.998001
7.818879,0.032928,-0.023361,-0.999863
7.818903,0.035034,-0.024612,-1.001282
7.818936,0.036346,-0.025986,-1.002213
7.828519,0.036865,-0.027359,-1.002655
7.828718,0.036591,-0.028671,-1.002609
7.828765,0.035599,-0.029877,-1.002075
7.828793,0.033997,-0.030960,-1.001068
7.828820,0.031860,-0.031906,-0.999634
7.828855,0.029373,-0.032684,-0.997833
7.828881,0.026657,-0.033264,-0.995743
7.828908,0.023865,-0.033661,-0.993484
7.838478,0.021149,-0.033844,-0.991165
7.838583,0.018616,-0.033844,-0.988922
7.838610,0.016388,-0.033676,-0.986908
7.838643,0.014557,-0.033340,-0.985214
7.838669,0.013229,-0.032837,-0.983963
7.838694,0.012436,-0.032166,-0.983185
7.838719,0.012238,-0.031342,-0.982956
7.838742,0.012604,-0.030365,-0.983231
7.848485,0.013474,-0.029236,-0.983994
7.848599,0.014755,-0.027985,-0.985138
7.848635,0.016357,-0.026672,-0.986572
7.848674,0.018173,-0.025406,-0.988190
7.848706,0.020081,-0.024277,-0.989838
7.848735,0.021973,-0.023392,-0.991440
7.848771,0.023773,-0.022812,-0.992889
7.848803,0.025406,-0.022552,-0.994110
7.858646,0.026794,-0.022614,-0.995087
7.858823,0.027878,-0.022964,-0.995819
7.859224,0.028595,-0.023544,-0.996338
7.859308,0.028946,-0.024261,-0.996643
7.859353,0.028946,-0.025040,-0.996796
7.859390,0.028641,-0.025818,-0.996826
7.859427,0.028046,-0.026566,-0.996796
7.859467,0.027237,-0.027222,-0.996735
7.868460,0.026337,-0.027740,-0.996704
7.868597,0.025421,-0.028107,-0.996719
7.868822,0.024567,-0.028275,-0.996841
7.868882,0.023834,-0.028229,-0.997086
7.869102,0.023285,-0.027939,-0.997498
7.869138,0.022919,-0.027435,-0.998047
7.869174,0.022720,-0.026718,-0.998749
7.869201,0.022644,-0.025833,-0.999557
7.878794,0.022675,-0.024857,-1.000427
7.878927,0.022751,-0.023849,-1.001297
7.878961,0.022842,-0.022919,-1.002106
7.878993,0.022949,-0.022095,-1.002808
7.879145,0.023026,-0.021423,-1.003326
7.879195,0.023056,-0.020950,-1.003662
7.879231,0.023026,-0.020691,-1.003754
7.879261,0.022903,-0.020660,-1.003632
7.888393,0.022690,-0.020874,-1.003281
7.888489,0.022369,-0.021301,-1.002762
7.888519,0.021927,-0.021912,-1.002106
7.888544,0.021393,-0.022675,-1.001343
7.888571,0.020844,-0.023544,-1.000549
7.888596,0.020309,-0.024445,-0.999695
7.888619,0.019867,-0.025299,-0.998856
7.888642,0.019547,-0.026047,-0.998032
7.898432,0.019424,-0.026627,-0.997269
7.898540,0.019485,-0.027023,-0.996613
7.898578,0.019760,-0.027222,-0.996063
7.898610,0.020218,-0.027237,-0.995621
7.898644,0.020828,-0.027115,-0.995316
7.898673,0.021591,-0.026886,-0.995117
7.898702,0.022446,-0.026627,-0.995026
7.898734,0.023376,-0.026337,-0.995010
7.908725,0.024353,-0.026077,-0.995041
7.908862,0.025314,-0.025833,-0.995117
7.908897,0.026199,-0.025604,-0.995193
7.908928,0.026932,-0.025391,-0.995300
7.908967,0.027496,-0.025177,-0.995377
7.908998,0.027802,-0.024963,-0.995422
7.909027,0.027847,-0.024765,-0.995407
7.909057,0.027588,-0.024597,-0.995300
7.918432,0.027069,-0.024521,-0.995087
7.918549,0.026306,-0.024567,-0.994766
7.918738,0.025375,-0.024734,-0.994339
7.918774,0.024353,-0.025024,-0.993805
7.918805,0.023315,-0.025406,-0.993210
7.918835,0.022293,-0.025848,-0.992630
7.918866,0.021378,-0.026291,-0.992081
7.918894,0.020584,-0.026688,-0.991638
7.928461,0.019943,-0.027023,-0.991302
7.928587,0.019470,-0.027298,-0.991104
7.928616,0.019180,-0.027542,-0.991028
7.928641,0.019073,-0.027771,-0.991074
7.928665,0.019150,-0.028030,-0.991196
7.928691,0.019424,-0.028305,-0.991379
7.928716,0.019882,-0.028595,-0.991623
7.928740,0.020508,-0.028915,-0.991882
7.938372,0.021240,-0.029221,-0.992157
7.938471,0.022034,-0.029526,-0.992416
7.938501,0.022827,-0.029785,-0.992661
7.938527,0.023560,-0.029984,-0.992859
7.938551,0.024185,-0.030136,-0.993011
7.938575,0.024704,-0.030197,-0.993088
7.938599,0.025070,-0.030197,-0.993103
7.938624,0.025299,-0.030106,-0.993057
7.948406,0.025406,-0.029922,-0.992996
7.948514,0.025360,-0.029648,-0.992874
7.948542,0.025192,-0.029282,-0.992722
7.948576,0.024918,-0.028824,-0.992508
7.948601,0.024551,-0.028320,-0.992188
7.948628,0.024109,-0.027786,-0.991776
7.948653,0.023651,-0.027298,-0.991226
7.948677,0.023178,-0.026871,-0.990570
7.958369,0.022736,-0.026581,-0.989838
7.958480,0.022369,-0.026443,-0.989075
7.958510,0.022079,-0.026474,-0.988358
7.958535,0.021866,-0.026642,-0.987732
7.958568,0.021729,-0.026947,-0.987274
7.958593,0.021652,-0.027344,-0.987015
7.958618,0.021606,-0.027771,-0.986954
7.958643,0.021606,-0.028229,-0.987091
7.968372,0.021606,-0.028671,-0.987396
7.968501,0.021637,-0.029083,-0.987854
7.968538,0.021698,-0.029465,-0.988419
7.968570,0.021790,-0.029770,-0.989044
7.968600,0.021927,-0.029999,-0.989685
7.968628,0.022125,-0.030090,-0.990311
7.968657,0.022354,-0.030060,-0.990875
7.968694,0.022629,-0.029877,-0.991364
7.978345,0.022903,-0.029572,-0.991760
7.978490,0.023178,-0.029144,-0.992111
7.978526,0.023453,-0.028671,-0.992432
7.978556,0.023697,-0.028183,-0.992737
7.978713,0.023895,-0.027710,-0.993042
7.978755,0.024033,-0.027283,-0.993362
7.978786,0.024139,-0.026917,-0.993683
7.978818,0.024185,-0.026611,-0.994003
7.988339,0.024185,-0.026306,-0.994324
7.988447,0.024124,-0.026001,-0.994629
7.988477,0.024002,-0.025665,-0.994888
7.988502,0.023834,-0.025330,-0.995087
7.988526,0.023636,-0.024994,-0.995255
7.988549,0.023438,-0.024673,-0.995392
7.988582,0.023239,-0.024399,-0.995544
7.988609,0.023056,-0.024185,-0.995773
7.998326,0.022919,-0.024048,-0.996048
7.998490,0.022812,-0.023972,-0.996414
7.998549,0.022766,-0.023941,-0.996841
7.998595,0.022751,-0.023956,-0.997284
7.998629,0.022766,-0.023987,-0.997681
7.998659,0.022797,-0.024033,-0.998016
7.998688,0.022797,-0.024094,-0.998260
7.998719,0.022751,-0.024185,-0.998413
8.008804,0.022629,-0.024277,-0.998474
8.008990,0.022461,-0.024414,-0.998459
8.009028,0.022247,-0.024567,-0.998398
8.009042,0.022003,-0.024734,-0.998306
8.009052,0.021774,-0.024887,-0.998169
8.009062,0.021576,-0.025024,-0.998032
8.009072,0.021423,-0.025101,-0.997894
8.009081,0.021317,-0.025131,-0.997742
8.019369,0.021240,-0.025116,-0.997604
8.019595,0.021194,-0.025055,-0.997498
8.019639,0.021149,-0.024963,-0.997391
8.019668,0.021103,-0.024887,-0.997314
8.019694,0.021072,-0.024811,-0.997223
8.019720,0.021072,-0.024734,-0.997131
8.019744,0.021164,-0.024658,-0.997040
8.019768,0.021332,-0.024597,-0.996964
8.028294,0.021591,-0.024521,-0.996902
8.028582,0.021942,-0.024475,-0.996857
8.028628,0.022339,-0.024445,-0.996826
8.028724,0.022751,-0.024414,-0.996796
8.028750,0.023148,-0.024399,-0.996750
8.028774,0.023499,-0.024429,-0.996689
8.028800,0.023788,-0.024460,-0.996567
8.028824,0.023987,-0.024536,-0.996414
8.038255,0.024094,-0.024628,-0.996231
8.038367,0.024109,-0.024734,-0.996048
8.038403,0.024033,-0.024841,-0.995865
8.038432,0.023880,-0.024948,-0.995697
8.038458,0.023682,-0.025070,-0.995560
8.038484,0.023453,-0.025238,-0.995422
8.038509,0.023178,-0.025497,-0.995270
8.038533,0.022873,-0.025833,-0.995117
8.048251,0.022568,-0.026276,-0.994919
8.048370,0.022293,-0.026779,-0.994690
8.048397,0.022064,-0.027313,-0.994400
8.048434,0.021896,-0.027832,-0.994064
8.048464,0.021774,-0.028259,-0.993713
8.048495,0.021729,-0.028580,-0.993347
8.048532,0.021729,-0.028778,-0.993042
8.048564,0.021759,-0.028900,-0.992813
8.058456,0.021805,-0.028961,-0.992661
8.058880,0.021851,-0.028992,-0.992569
8.058916,0.021927,-0.028992,-0.992508
8.058942,0.022034,-0.029007,-0.992462
8.058968,0.022171,-0.028976,-0.992432
8.058993,0.022339,-0.028915,-0.992447
8.059016,0.022537,-0.028809,-0.992477
8.059046,0.022736,-0.028656,-0.992554
8.068495,0.022919,-0.028427,-0.992630
8.068611,0.023087,-0.028152,-0.992691
8.068642,0.023224,-0.027832,-0.992706
8.068666,0.023300,-0.027512,-0.992599
8.068697,0.023331,-0.027222,-0.992386
8.068724,0.023331,-0.026978,-0.992065
8.068748,0.023346,-0.026825,-0.991699
8.068780,0.023361,-0.026749,-0.991318
8.078212,0.023376,-0.026733,-0.990967
8.078322,0.023392,-0.026764,-0.990677
8.078359,0.023361,-0.026825,-0.990448
8.078391,0.023300,-0.026886,-0.990295
8.078418,0.023163,-0.026947,-0.990204
8.078445,0.022964,-0.026978,-0.990143
8.078469,0.022705,-0.026962,-0.990097
8.078492,0.022415,-0.026932,-0.990051
8.088205,0.022079,-0.026855,-0.990021
8.088320,0.021759,-0.026764,-0.990005
8.088364,0.021439,-0.026627,-0.990021
8.088398,0.021072,-0.026505,-0.990112
8.088428,0.020508,-0.026352,-0.991119
8.088459,0.019516,-0.025864,-0.996796
8.088488,0.018204,-0.024216,-1.014633
8.088517,0.017487,-0.020065,-1.049973
8.098229,0.018921,-0.012192,-1.098083
8.098344,0.023651,-0.000977,-1.145905
8.098381,0.031387,0.010788,-1.179871
8.098411,0.040359,0.018753,-1.189178
8.098449,0.047729,0.018387,-1.166367
8.098481,0.050339,0.006378,-1.109344
8.098510,0.045609,-0.018494,-1.022949
8.098540,0.032394,-0.055084,-0.917679
8.108242,0.011444,-0.099640,-0.806564
8.108351,-0.014816,-0.146179,-0.703033
8.108382,-0.042664,-0.187225,-0.619904
8.108407,-0.067551,-0.214935,-0.568161
8.108433,-0.084839,-0.222809,-0.555435
8.108459,-0.090744,-0.207352,-0.584366
8.108482,-0.083191,-0.169006,-0.651260
8.108506,-0.062119,-0.112152,-0.746613
8.118165,-0.029526,-0.044220,-0.857727
8.118276,0.011002,0.025879,-0.971985
8.118321,0.055084,0.089478,-1.078568
8.118347,0.098297,0.139557,-1.169037
8.118373,0.136795,0.171616,-1.237854
8.118399,0.167587,0.183975,-1.282913
8.118424,0.188766,0.177765,-1.305237
8.118448,0.199356,0.156509,-1.308167
8.128181,0.199326,0.125427,-1.296646
8.128327,0.189316,0.090179,-1.276291
8.128358,0.170547,0.055756,-1.252167
8.128387,0.144592,0.025513,-1.227570
8.128413,0.113144,0.000916,-1.203491
8.128436,0.077911,-0.018295,-1.179047
8.128461,0.040558,-0.033691,-1.152298
8.128492,0.002670,-0.047302,-1.121231
8.139065,-0.034241,-0.061218,-1.084366
8.139174,-0.068710,-0.076904,-1.040955
8.139202,-0.099197,-0.094788,-0.991257
8.139227,-0.124207,-0.114059,-0.936996
8.139253,-0.142365,-0.132751,-0.881470
8.139278,-0.152542,-0.148102,-0.829163
8.139302,-0.154037,-0.157288,-0.784882
8.139328,-0.146606,-0.158066,-0.752792
8.148159,-0.130646,-0.149323,-0.735901
8.148283,-0.107117,-0.131363,-0.735626
8.148315,-0.077484,-0.105759,-0.751648
8.148355,-0.043594,-0.075104,-0.781952
8.148385,-0.007538,-0.042542,-0.823227
8.148415,0.028564,-0.011398,-0.871445
8.148445,0.062714,0.015289,-0.922256
8.148473,0.093109,0.035172,-0.971497
8.158150,0.118362,0.046814,-1.015503
8.158276,0.137527,0.049973,-1.051697
8.158313,0.150131,0.045471,-1.078751
8.158345,0.156082,0.035019,-1.096481
8.158385,0.155670,0.020905,-1.105530
8.158416,0.149429,0.005539,-1.106918
8.158445,0.138031,-0.008911,-1.102005
8.158483,0.122299,-0.020905,-1.092239
8.168160,0.103073,-0.029572,-1.078934
8.168315,0.081223,-0.034744,-1.063095
8.168372,0.057678,-0.036804,-1.045456
8.168426,0.033432,-0.036514,-1.026688
8.168476,0.009567,-0.034760,-1.007477
8.168540,-0.012802,-0.032303,-0.988571
8.168591,-0.032562,-0.029739,-0.970703
8.168708,-0.048706,-0.027374,-0.954697
8.178733,-0.060410,-0.025253,-0.941422
8.178883,-0.067215,-0.023331,-0.931686
8.178922,-0.068985,-0.021469,-0.926117
8.178950,-0.065933,-0.019577,-0.925034
8.179090,-0.058533,-0.017685,-0.928497
8.179134,-0.047562,-0.015976,-0.936249
8.179161,-0.033890,-0.014816,-0.947739
8.179186,-0.018524,-0.014603,-0.962036
8.188112,-0.002396,-0.015656,-0.978104
8.188191,0.013580,-0.018173,-0.994888
8.188221,0.028671,-0.022141,-1.011383
8.188248,0.042206,-0.027359,-1.026672
8.188272,0.053680,-0.033417,-1.039886
8.188295,0.062714,-0.039841,-1.050308
8.188319,0.069061,-0.046005,-1.057465
8.188343,0.072571,-0.051376,-1.061081
8.198099,0.073242,-0.055435,-1.061127
8.198198,0.071152,-0.057785,-1.057693
8.198226,0.066513,-0.058243,-1.051086
8.198253,0.059692,-0.056732,-1.041794
8.198280,0.051163,-0.053329,-1.030457
8.198304,0.041504,-0.048233,-1.017792
8.198329,0.031372,-0.041687,-1.004578
8.198360,0.021469,-0.034027,-0.991608
8.208090,0.012466,-0.025650,-0.979599
8.208199,0.004974,-0.016998,-0.969147
8.208259,-0.000549,-0.008575,-0.960632
8.208302,-0.003830,-0.000885,-0.954300
8.208344,-0.004761,0.005493,-0.950226
8.208381,-0.003403,0.010132,-0.948441
8.208419,0.000000,0.012634,-0.948837
8.208457,0.005081,0.012787,-0.951157
8.218216,0.011383,0.010498,-0.955109
8.218348,0.018356,0.005905,-0.960373
8.218394,0.025421,-0.000687,-0.966629
8.218432,0.032059,-0.008850,-0.973526
8.218470,0.037766,-0.017975,-0.980728
8.218508,0.042206,-0.027435,-0.987900
8.218573,0.045151,-0.036545,-0.994781
8.218610,0.046494,-0.044708,-1.001099
8.228123,0.046234,-0.051437,-1.006592
8.228638,0.044449,-0.056366,-1.011017
8.228679,0.041290,-0.059341,-1.014267
8.228707,0.036987,-0.060364,-1.016220
8.228732,0.031799,-0.059570,-1.016891
8.228765,0.025986,-0.057205,-1.016342
8.228792,0.019897,-0.053558,-1.014709
8.228816,0.013840,-0.048935,-1.012268
8.238064,0.008163,-0.043655,-1.009277
8.238205,0.003235,-0.037994,-1.006073
8.238251,-0.000656,-0.032196,-1.002914
8.238291,-0.003281,-0.026459,-1.000076
8.238329,-0.004425,-0.020981,-0.997787
8.238367,-0.003998,-0.015945,-0.996185
8.238405,-0.002014,-0.011490,-0.995316
8.238445,0.001389,-0.007812,-0.995132
8.248053,0.006058,-0.005066,-0.995544
8.248192,0.011642,-0.003403,-0.996414
8.248228,0.017822,-0.002930,-0.997559
8.248260,0.024185,-0.003677,-0.998825
8.248290,0.030380,-0.005600,-1.000031
8.248347,0.036011,-0.008591,-1.001022
8.248378,0.040802,-0.012436,-1.001724
8.248408,0.044495,-0.016876,-1.002060
8.258763,0.046921,-0.021622,-1.001999
8.258939,0.048019,-0.026321,-1.001572
8.259356,0.047745,-0.030685,-1.000763
8.259439,0.046158,-0.034500,-0.999573
8.259474,0.043350,-0.037582,-0.998001
8.259503,0.039536,-0.039841,-0.996048
8.259541,0.034927,-0.041229,-0.993729
8.259573,0.029785,-0.041824,-0.991119
8.268663,0.024399,-0.041702,-0.988312
8.268796,0.019058,-0.040970,-0.985458
8.268835,0.014023,-0.039749,-0.982697
8.268866,0.009552,-0.038162,-0.980194
8.268895,0.005829,-0.036285,-0.978104
8.268924,0.003036,-0.034241,-0.976578
8.268963,0.001282,-0.032089,-0.975723
8.268992,0.000641,-0.029922,-0.975601
8.278028,0.001160,-0.027802,-0.976257
8.278418,0.002762,-0.025818,-0.977676
8.278823,0.005371,-0.023987,-0.979782
8.278879,0.008865,-0.022385,-0.982513
8.278920,0.013000,-0.021042,-0.985733
8.278958,0.017593,-0.019989,-0.989243
8.278998,0.022354,-0.019241,-0.992874
8.279036,0.027039,-0.018829,-0.996429
8.287964,0.031387,-0.018784,-0.999725
8.288066,0.035187,-0.019073,-1.002594
8.288103,0.038208,-0.019684,-1.004913
8.288130,0.040298,-0.020599,-1.006592
8.288155,0.041351,-0.021790,-1.007568
8.288179,0.041351,-0.023193,-1.007858
8.288202,0.040314,-0.024719,-1.007477
8.288233,0.038345,-0.026291,-1.006500
8.297981,0.035583,-0.027832,-1.004974
8.298099,0.032211,-0.029251,-1.002991
8.298137,0.028458,-0.030487,-1.000671
8.298170,0.024551,-0.031509,-0.998199
8.298199,0.020737,-0.032303,-0.995728
8.298230,0.017227,-0.032852,-0.993378
8.298258,0.014191,-0.033173,-0.991302
8.298287,0.011795,-0.033264,-0.989594
8.308207,0.010132,-0.033081,-0.988312
8.308390,0.009247,-0.032639,-0.987534
8.308421,0.009125,-0.031921,-0.987274
8.308446,0.009735,-0.030975,-0.987503
8.308473,0.010986,-0.029816,-0.988174
8.308499,0.012756,-0.028534,-0.989212
8.308523,0.014893,-0.027237,-0.990509
8.308611,0.017258,-0.025986,-0.991959
8.318120,0.019684,-0.024918,-0.993469
8.318223,0.022049,-0.024063,-0.994888
8.318253,0.024200,-0.023483,-0.996124
8.318279,0.026062,-0.023209,-0.997055
8.318303,0.027557,-0.023224,-0.997604
8.318327,0.028641,-0.023483,-0.997772
8.318358,0.029282,-0.023956,-0.997574
8.318384,0.029510,-0.024597,-0.997055
8.328911,0.029358,-0.025360,-0.996292
8.329053,0.028931,-0.026169,-0.995361
8.329091,0.028259,-0.027008,-0.994339
8.329141,0.027451,-0.027847,-0.993332
8.329285,0.026581,-0.028610,-0.992447
8.329316,0.025742,-0.029266,-0.991776
8.329343,0.024963,-0.029755,-0.991364
8.329367,0.024261,-0.030014,-0.991257
8.338009,0.023651,-0.030029,-0.991486
8.338124,0.023132,-0.029800,-0.992020
8.338158,0.022690,-0.029312,-0.992844
8.338191,0.022369,-0.028625,-0.993866
8.338221,0.022156,-0.027771,-0.995010
8.338251,0.022034,-0.026840,-0.996170
8.338280,0.021988,-0.025864,-0.997253
8.338311,0.021988,-0.024933,-0.998169
8.347972,0.021988,-0.024109,-0.998871
8.348079,0.021973,-0.023453,-0.999329
8.348113,0.021912,-0.022980,-0.999542
8.348155,0.021790,-0.022751,-0.999557
8.348185,0.021591,-0.022766,-0.999390
8.348216,0.021317,-0.023026,-0.999084
8.348244,0.020981,-0.023514,-0.998657
8.348272,0.020569,-0.024200,-0.998138
8.357978,0.020142,-0.025009,-0.997528
8.358084,0.019699,-0.025864,-0.996872
8.358119,0.019333,-0.026703,-0.996170
8.358151,0.019058,-0.027466,-0.995468
8.358182,0.018921,-0.028107,-0.994812
8.358213,0.018982,-0.028595,-0.994247
8.358244,0.019241,-0.028931,-0.993805
8.358272,0.019684,-0.029099,-0.993500
8.367954,0.020309,-0.029129,-0.993301
8.368097,0.021088,-0.029007,-0.993240
8.368136,0.022018,-0.028763,-0.993286
8.368167,0.023056,-0.028397,-0.993408
8.368198,0.024155,-0.027908,-0.993591
8.368228,0.025269,-0.027328,-0.993790
8.368259,0.026352,-0.026688,-0.994003
8.368288,0.027313,-0.026016,-0.994171
8.378131,0.028061,-0.025391,-0.994278
8.378546,0.028519,-0.024857,-0.994293
8.378575,0.028656,-0.024475,-0.994186
8.378601,0.028458,-0.024277,-0.993942
8.378625,0.027954,-0.024277,-0.993607
8.378651,0.027206,-0.024475,-0.993179
8.378676,0.026306,-0.024826,-0.992691
8.378811,0.025284,-0.025299,-0.992142
8.387900,0.024231,-0.025833,-0.991592
8.387996,0.023178,-0.026382,-0.991074
8.388026,0.022171,-0.026871,-0.990631
8.388052,0.021240,-0.027252,-0.990265
8.388076,0.020432,-0.027557,-0.990021
8.388102,0.019745,-0.027786,-0.989883
8.388126,0.019211,-0.027985,-0.989853
8.388150,0.018890,-0.028122,-0.989929
8.397912,0.018799,-0.028229,-0.990143
8.398045,0.018921,-0.028305,-0.990479
8.398076,0.019257,-0.028351,-0.990921
8.398101,0.019791,-0.028366,-0.991455
8.398125,0.020462,-0.028366,-0.992050
8.398162,0.021225,-0.028336,-0.992691
8.398193,0.022049,-0.028275,-0.993347
8.398221,0.022888,-0.028198,-0.993973
8.407902,0.023697,-0.028076,-0.994537
8.408026,0.024445,-0.027908,-0.995026
8.408058,0.025101,-0.027695,-0.995422
8.408091,0.025650,-0.027435,-0.995697
8.408130,0.026047,-0.027161,-0.995850
8.408168,0.026276,-0.026840,-0.995895
8.408205,0.026321,-0.026520,-0.995834
8.408251,0.026169,-0.026199,-0.995667
8.418044,0.025848,-0.025894,-0.995422
8.418173,0.025375,-0.025635,-0.995087
8.418211,0.024796,-0.025421,-0.994675
8.418242,0.024170,-0.025314,-0.994202
8.418272,0.023560,-0.025299,-0.993683
8.418301,0.022995,-0.025406,-0.993149
8.418332,0.022476,-0.025604,-0.992615
8.418360,0.022034,-0.025864,-0.992111
8.427912,0.021667,-0.026199,-0.991699
8.428045,0.021378,-0.026581,-0.991364
8.428075,0.021194,-0.027008,-0.991165
8.428456,0.021133,-0.027466,-0.991119
8.428491,0.021194,-0.027924,-0.991241
8.428517,0.021347,-0.028366,-0.991516
8.428544,0.021591,-0.028748,-0.991913
8.428568,0.021896,-0.029068,-0.992386
8.438721,0.022232,-0.029266,-0.992935
8.438854,0.022552,-0.029327,-0.993546
8.438884,0.022842,-0.029236,-0.994156
8.438909,0.023087,-0.028976,-0.994736
8.438935,0.023254,-0.028580,-0.995285
8.438958,0.023376,-0.028061,-0.995789
8.438982,0.023453,-0.027481,-0.996185
8.439014,0.023499,-0.026901,-0.996506
8.447890,0.023483,-0.026352,-0.996704
8.448020,0.023438,-0.025864,-0.996811
8.448068,0.023346,-0.025436,-0.996841
8.448106,0.023254,-0.025070,-0.996765
8.448155,0.023163,-0.024780,-0.996613
8.448195,0.023087,-0.024551,-0.996384
8.448234,0.023026,-0.024368,-0.996124
8.448271,0.022980,-0.024246,-0.995865
8.457842,0.022949,-0.024231,-0.995651
8.457960,0.022934,-0.024292,-0.995499
8.458004,0.022919,-0.024475,-0.995422
8.458044,0.022873,-0.024734,-0.995468
8.458081,0.022812,-0.025040,-0.995590
8.458118,0.022690,-0.025345,-0.995773
8.458157,0.022537,-0.025604,-0.996002
8.458193,0.022369,-0.025818,-0.996231
8.467977,0.022171,-0.025986,-0.996429
8.468176,0.021988,-0.026093,-0.996597
8.468224,0.021820,-0.026154,-0.996719
8.468265,0.021683,-0.026215,-0.996780
8.468304,0.021591,-0.026276,-0.996811
8.468343,0.021515,-0.026306,-0.996750
8.468380,0.021469,-0.026337,-0.996643
8.468427,0.021469,-0.026352,-0.996490
8.477830,0.021515,-0.026321,-0.996292
8.477988,0.021576,-0.026276,-0.996033
8.478035,0.021667,-0.026184,-0.995712
8.478275,0.021790,-0.026062,-0.995377
8.478655,0.021896,-0.025955,-0.995041
8.478707,0.022003,-0.025848,-0.994736
8.478746,0.022079,-0.025772,-0.994461
8.478783,0.022141,-0.025726,-0.994232
8.487832,0.022202,-0.025726,-0.994034
8.487986,0.022263,-0.025742,-0.993881
8.488022,0.022354,-0.025757,-0.993744
8.488052,0.022507,-0.025787,-0.993637
8.488081,0.022736,-0.025848,-0.993546
8.488111,0.023041,-0.025909,-0.993469
8.488141,0.023392,-0.026016,-0.993393
8.488171,0.023743,-0.026169,-0.993317
8.497771,0.024048,-0.026367,-0.993225
8.497941,0.024292,-0.026581,-0.993149
8.497978,0.024445,-0.026810,-0.993073
8.498012,0.024506,-0.026978,-0.993011
8.498044,0.024490,-0.027115,-0.992981
8.498073,0.024414,-0.027176,-0.992981
8.498102,0.024277,-0.027176,-0.992981
8.498133,0.024063,-0.027145,-0.992935
8.507754,0.023773,-0.027084,-0.992844
8.507828,0.023422,-0.027054,-0.992722
8.507844,0.023026,-0.027054,-0.992554
8.507857,0.022583,-0.027069,-0.992386
8.507869,0.022141,-0.027145,-0.992203
8.507880,0.021729,-0.027237,-0.992050
8.507890,0.021362,-0.027328,-0.991943
8.507899,0.021103,-0.027390,-0.991928
8.519339,0.020935,-0.027405,-0.991989
8.519493,0.020859,-0.027374,-0.992142
8.519525,0.020828,-0.027313,-0.992386
8.519552,0.020844,-0.027206,-0.992691
8.519577,0.020859,-0.027069,-0.993042
8.519600,0.020905,-0.026917,-0.993408
8.519624,0.020950,-0.026718,-0.993790
8.519656,0.021057,-0.026505,-0.994171
8.527832,0.021225,-0.026245,-0.994522
8.528235,0.021469,-0.025940,-0.994812
8.528569,0.021744,-0.025589,-0.995010
8.528630,0.022034,-0.025208,-0.995117
8.528672,0.022263,-0.024841,-0.995132
8.528712,0.022247,-0.024445,-0.995499
8.528752,0.021805,-0.023758,-0.998917
8.529071,0.020935,-0.022095,-1.012131
8.537697,0.020264,-0.018356,-1.042389
8.537804,0.021103,-0.011429,-1.088760
8.537834,0.024567,-0.001282,-1.140442
8.537860,0.030746,0.010208,-1.183670
8.537885,0.038528,0.019470,-1.206284
8.537910,0.045776,0.022293,-1.198029
8.537934,0.049652,0.014816,-1.152832
8.537958,0.047302,-0.005478,-1.072311
8.547749,0.036850,-0.038803,-0.965866
8.547866,0.018173,-0.082550,-0.847137
8.547909,-0.007111,-0.131454,-0.731232
8.547941,-0.035904,-0.178192,-0.633041
8.547971,-0.063797,-0.214401,-0.565582
8.547999,-0.085770,-0.232269,-0.538116
8.548038,-0.097229,-0.226364,-0.554565
8.548067,-0.095032,-0.195129,-0.612717
8.557861,-0.078140,-0.141434,-0.704208
8.557976,-0.047806,-0.072098,-0.816589
8.558007,-0.007294,0.003494,-0.936249
8.558033,0.038879,0.075363,-1.050674
8.558059,0.085876,0.134750,-1.149628
8.558084,0.129211,0.175583,-1.226013
8.558108,0.165283,0.194992,-1.276596
8.558131,0.191559,0.193375,-1.301834
8.568065,0.206680,0.174057,-1.305069
8.568238,0.210327,0.142441,-1.291641
8.568269,0.203094,0.104767,-1.267899
8.568295,0.186234,0.066895,-1.239883
8.568319,0.161438,0.033142,-1.212067
8.568346,0.130554,0.005829,-1.186676
8.568369,0.095474,-0.014771,-1.163574
8.568392,0.057892,-0.030014,-1.140808
8.577717,0.019394,-0.042282,-1.115677
8.577824,-0.018616,-0.054230,-1.085571
8.577854,-0.054840,-0.068085,-1.048676
8.577879,-0.087860,-0.085007,-1.004333
8.577903,-0.116257,-0.104767,-0.953476
8.577929,-0.138519,-0.125702,-0.898911
8.577952,-0.153244,-0.145081,-0.845078
8.577976,-0.159348,-0.159683,-0.797089
8.587831,-0.156219,-0.166550,-0.759811
8.587985,-0.143860,-0.163727,-0.737122
8.588031,-0.123001,-0.150620,-0.731445
8.588072,-0.094940,-0.128174,-0.743347
8.588173,-0.061554,-0.098618,-0.771332
8.588216,-0.025009,-0.065186,-0.812225
8.588254,0.012344,-0.031494,-0.861755
8.588294,0.048309,-0.001068,-0.915268
8.597697,0.080872,0.023163,-0.968140
8.597806,0.108459,0.039291,-1.016266
8.597840,0.129974,0.046631,-1.056519
8.597871,0.144836,0.045685,-1.087143
8.597900,0.152924,0.037994,-1.107620
8.597932,0.154510,0.025848,-1.118423
8.597968,0.150101,0.011765,-1.120636
8.597998,0.140381,-0.001923,-1.115723
8.607697,0.126114,-0.013474,-1.105270
8.607815,0.108109,-0.021881,-1.090790
8.607850,0.087189,-0.026932,-1.073410
8.607881,0.064209,-0.029037,-1.053970
8.607911,0.040146,-0.029022,-1.033203
8.607940,0.016037,-0.027863,-1.011856
8.607968,-0.006973,-0.026382,-0.990753
8.608008,-0.027756,-0.025116,-0.970764
8.617677,-0.045181,-0.024323,-0.952789
8.618306,-0.058380,-0.023941,-0.937775
8.618354,-0.066696,-0.023788,-0.926651
8.618394,-0.069870,-0.023605,-0.920074
8.618444,-0.068024,-0.023209,-0.918396
8.618482,-0.061554,-0.022568,-0.921616
8.618521,-0.051208,-0.021835,-0.929398
8.618560,-0.037888,-0.021271,-0.941147
8.627789,-0.022583,-0.021255,-0.955948
8.628126,-0.006302,-0.022110,-0.972687
8.628157,0.010010,-0.024048,-0.990250
8.628186,0.025574,-0.027130,-1.007553
8.628213,0.039688,-0.031219,-1.023636
8.628238,0.051849,-0.035995,-1.037628
8.628263,0.061584,-0.041077,-1.048798
8.628287,0.068649,-0.045944,-1.056641
8.637649,0.072861,-0.050125,-1.060883
8.637769,0.074158,-0.053162,-1.061401
8.637814,0.072632,-0.054718,-1.058350
8.637845,0.068451,-0.054581,-1.052002
8.637882,0.061951,-0.052658,-1.042923
8.637981,0.053604,-0.049042,-1.031769
8.638025,0.044006,-0.043854,-1.019272
8.638059,0.033813,-0.037354,-1.006226
8.647645,0.023758,-0.029861,-0.993378
8.647757,0.014481,-0.021759,-0.981506
8.647787,0.006592,-0.013489,-0.971191
8.647815,0.000580,-0.005524,-0.962906
8.647840,-0.003189,0.001633,-0.956894
8.647864,-0.004578,0.007553,-0.953247
8.647888,-0.003601,0.011749,-0.951965
8.647921,-0.000473,0.013885,-0.952866
8.657652,0.004440,0.013702,-0.955673
8.657790,0.010651,0.011124,-0.960007
8.657850,0.017578,0.006256,-0.965500
8.657904,0.024643,-0.000671,-0.971802
8.657956,0.031296,-0.009201,-0.978577
8.658020,0.037094,-0.018738,-0.985519
8.658072,0.041656,-0.028595,-0.992310
8.658134,0.044769,-0.038101,-0.998749
8.667650,0.046310,-0.046585,-1.004593
8.667759,0.046265,-0.053513,-1.009644
8.667788,0.044724,-0.058517,-1.013687
8.667813,0.041779,-0.061401,-1.016571
8.667838,0.037628,-0.062164,-1.018250
8.667865,0.032471,-0.060974,-1.018646
8.667890,0.026596,-0.058075,-1.017807
8.667914,0.020355,-0.053818,-1.015869
8.677611,0.014084,-0.048523,-1.013046
8.677747,0.008179,-0.042557,-1.009644
8.677792,0.002991,-0.036224,-1.005966
8.677829,-0.001175,-0.029831,-1.002335
8.677876,-0.004089,-0.023636,-0.998978
8.677915,-0.005539,-0.017853,-0.996155
8.677953,-0.005432,-0.012695,-0.993988
8.677992,-0.003769,-0.008301,-0.992554
8.687584,-0.000626,-0.004868,-0.991852
8.687728,0.003815,-0.002487,-0.991806
8.687770,0.009323,-0.001297,-0.992325
8.687818,0.015564,-0.001343,-0.993256
8.687858,0.022156,-0.002625,-0.994446
8.687896,0.028748,-0.005081,-0.995697
8.688008,0.034943,-0.008560,-0.996902
8.688058,0.040421,-0.012894,-0.997940
8.697570,0.044876,-0.017792,-0.998703
8.697692,0.048096,-0.022980,-0.999115
8.697723,0.049973,-0.028152,-0.999130
8.697748,0.050415,-0.032990,-0.998749
8.697779,0.049454,-0.037262,-0.997971
8.697806,0.047211,-0.040741,-0.996841
8.697831,0.043839,-0.043289,-0.995361
8.697857,0.039536,-0.044830,-0.993576
8.707592,0.034531,-0.045395,-0.991531
8.707710,0.029099,-0.045044,-0.989304
8.707739,0.023499,-0.043915,-0.986938
8.707765,0.018005,-0.042191,-0.984528
8.707800,0.012863,-0.040024,-0.982224
8.707825,0.008316,-0.037567,-0.980179
8.707848,0.004578,-0.034958,-0.978531
8.707872,0.001831,-0.032303,-0.977402
8.717545,0.000183,-0.029678,-0.976913
8.718088,-0.000229,-0.027161,-0.977097
8.718131,0.000534,-0.024826,-0.977997
8.718165,0.002502,-0.022705,-0.979584
8.718195,0.005508,-0.020828,-0.981766
8.718302,0.009369,-0.019272,-0.984436
8.718341,0.013840,-0.018097,-0.987442
8.718372,0.018631,-0.017380,-0.990631
8.727577,0.023438,-0.017151,-0.993820
8.727710,0.028046,-0.017456,-0.996857
8.727761,0.032181,-0.018311,-0.999588
8.727802,0.035629,-0.019623,-1.001923
8.727840,0.038239,-0.021332,-1.003784
8.727887,0.039886,-0.023300,-1.005066
8.727923,0.040543,-0.025375,-1.005737
8.727969,0.040192,-0.027451,-1.005798
8.737567,0.038910,-0.029404,-1.005249
8.737679,0.036819,-0.031143,-1.004120
8.737707,0.034088,-0.032623,-1.002487
8.737732,0.030884,-0.033798,-1.000427
8.737758,0.027451,-0.034637,-0.998093
8.737784,0.023987,-0.035156,-0.995621
8.737809,0.020660,-0.035324,-0.993164
8.737835,0.017654,-0.035156,-0.990860
8.747547,0.015106,-0.034637,-0.988831
8.747698,0.013138,-0.033783,-0.987183
8.747726,0.011795,-0.032608,-0.985992
8.747784,0.011124,-0.031143,-0.985306
8.747812,0.011078,-0.029449,-0.985138
8.747879,0.011627,-0.027618,-0.985474
8.747904,0.012680,-0.025757,-0.986267
8.748001,0.014175,-0.023956,-0.987457
8.758126,0.015945,-0.022339,-0.988937
8.758321,0.017899,-0.021011,-0.990601
8.758387,0.019897,-0.020020,-0.992279
8.758422,0.021851,-0.019470,-0.993835
8.758451,0.023666,-0.019363,-0.995163
8.758518,0.025253,-0.019714,-0.996185
8.758636,0.026581,-0.020508,-0.996857
8.758668,0.027603,-0.021667,-0.997177
8.767488,0.028290,-0.023117,-0.997177
8.771610,0.028625,-0.024765,-0.996902
8.771649,0.028625,-0.026474,-0.996445
8.771676,0.028336,-0.028107,-0.995895
8.771780,0.027771,-0.029556,-0.995331
8.771804,0.027039,-0.030716,-0.994843
8.771828,0.026184,-0.031525,-0.994476
8.771851,0.025314,-0.031952,-0.994278
8.777483,0.024506,-0.032028,-0.994263
8.777586,0.023788,-0.031754,-0.994476
8.777613,0.023239,-0.031189,-0.994934
8.777648,0.022858,-0.030380,-0.995605
8.777676,0.022644,-0.029358,-0.996460
8.777699,0.022583,-0.028183,-0.997452
8.777723,0.022614,-0.026932,-0.998489
8.777755,0.022705,-0.025650,-0.999527
8.787625,0.022812,-0.024414,-1.000458
8.787775,0.022888,-0.023315,-1.001251
8.787845,0.022903,-0.022415,-1.001846
8.787920,0.022858,-0.021759,-1.002213
8.787987,0.022720,-0.021423,-1.002335
8.788050,0.022522,-0.021423,-1.002167
8.788122,0.022247,-0.021744,-1.001724
8.788181,0.021912,-0.022354,-1.001022
8.797520,0.021530,-0.023193,-1.000137
8.797664,0.021133,-0.024155,-0.999100
8.797725,0.020737,-0.025177,-0.998016
8.797781,0.020386,-0.026199,-0.996933
8.797834,0.020096,-0.027145,-0.995911
8.797883,0.019928,-0.028000,-0.995010
8.797934,0.019882,-0.028732,-0.994247
8.797986,0.020004,-0.029297,-0.993652
8.808000,0.020294,-0.029663,-0.993225
8.808570,0.020798,-0.029831,-0.992966
8.808641,0.021454,-0.029800,-0.992874
8.808801,0.022263,-0.029572,-0.992905
8.808859,0.023163,-0.029190,-0.993011
8.808923,0.024078,-0.028687,-0.993118
8.808975,0.024963,-0.028122,-0.993210
8.809028,0.025742,-0.027557,-0.993256
8.817583,0.026367,-0.027069,-0.993240
8.817690,0.026794,-0.026642,-0.993149
8.817720,0.026993,-0.026306,-0.992996
8.817746,0.026993,-0.026062,-0.992783
8.817771,0.026779,-0.025894,-0.992523
8.817795,0.026413,-0.025803,-0.992249
8.817827,0.025894,-0.025757,-0.991959
8.817852,0.025269,-0.025742,-0.991653
8.827688,0.024551,-0.025757,-0.991318
8.827833,0.023727,-0.025818,-0.990982
8.827864,0.022858,-0.025940,-0.990631
8.827892,0.021957,-0.026123,-0.990311
8.827918,0.021103,-0.026367,-0.990067
8.827944,0.020355,-0.026688,-0.989929
8.827969,0.019760,-0.027039,-0.989944
8.827992,0.019394,-0.027420,-0.990128
8.837512,0.019226,-0.027802,-0.990479
8.837624,0.019257,-0.028168,-0.990982
8.837653,0.019424,-0.028519,-0.991577
8.837680,0.019699,-0.028839,-0.992249
8.837704,0.020050,-0.029160,-0.992950
8.837728,0.020447,-0.029495,-0.993637
8.837751,0.020905,-0.029816,-0.994263
8.837774,0.021393,-0.030106,-0.994797
8.847420,0.021927,-0.030319,-0.995239
8.847553,0.022507,-0.030426,-0.995560
8.847584,0.023117,-0.030380,-0.995743
8.847609,0.023727,-0.030151,-0.995834
8.847635,0.024307,-0.029785,-0.995819
8.847659,0.024811,-0.029282,-0.995697
8.847684,0.025192,-0.028717,-0.995453
8.847709,0.025406,-0.028122,-0.995102
8.857411,0.025436,-0.027557,-0.994614
8.857511,0.025299,-0.027023,-0.994003
8.857547,0.024994,-0.026566,-0.993286
8.857577,0.024551,-0.026184,-0.992523
8.857608,0.024017,-0.025894,-0.991760
8.857638,0.023438,-0.025711,-0.991028
8.857670,0.022842,-0.025665,-0.990387
8.857699,0.022293,-0.025742,-0.989868
8.867402,0.021820,-0.025955,-0.989487
8.867633,0.021454,-0.026291,-0.989258
8.867681,0.021210,-0.026733,-0.989151
8.867720,0.021118,-0.027222,-0.989182
8.867759,0.021133,-0.027725,-0.989334
8.867795,0.021240,-0.028198,-0.989594
8.867843,0.021439,-0.028595,-0.989960
8.867881,0.021713,-0.028931,-0.990433
8.878289,0.022018,-0.029190,-0.990982
8.878457,0.022324,-0.029358,-0.991577
8.878501,0.022598,-0.029404,-0.992203
8.878539,0.022842,-0.029327,-0.992813
8.878577,0.023041,-0.029129,-0.993408
8.878615,0.023239,-0.028839,-0.993988
8.878651,0.023407,-0.028458,-0.994507
8.878787,0.023544,-0.028015,-0.994965
8.887383,0.023682,-0.027542,-0.995361
8.887515,0.023743,-0.027023,-0.995697
8.887570,0.023743,-0.026489,-0.995972
8.887610,0.023651,-0.025955,-0.996170
8.887649,0.023483,-0.025452,-0.996292
8.887687,0.023239,-0.025009,-0.996384
8.887734,0.022949,-0.024658,-0.996460
8.887772,0.022659,-0.024429,-0.996552
8.897360,0.022415,-0.024307,-0.996689
8.897496,0.022232,-0.024292,-0.996872
8.897541,0.022079,-0.024353,-0.997116
8.897572,0.021988,-0.024460,-0.997360
8.897601,0.021957,-0.024582,-0.997604
8.897633,0.021973,-0.024734,-0.997803
8.897661,0.022049,-0.024902,-0.997940
8.897690,0.022156,-0.025085,-0.998032
8.907310,0.022324,-0.025269,-0.998077
8.907411,0.022522,-0.025467,-0.998093
8.907446,0.022720,-0.025635,-0.998077
8.907476,0.022903,-0.025803,-0.998077
8.907504,0.023041,-0.025925,-0.998093
8.907533,0.023132,-0.026016,-0.998123
8.907563,0.023193,-0.026062,-0.998123
8.907592,0.023239,-0.026062,-0.998093
8.917370,0.023239,-0.026031,-0.998001
8.917466,0.023254,-0.026016,-0.997864
8.917511,0.023239,-0.026016,-0.997650
8.917555,0.023224,-0.026062,-0.997375
8.918097,0.023224,-0.026169,-0.997040
8.918149,0.023209,-0.026337,-0.996643
8.918309,0.023209,-0.026535,-0.996231
8.918349,0.023224,-0.026733,-0.995850
8.927388,0.023270,-0.026917,-0.995499
8.927535,0.023376,-0.027054,-0.995193
8.927580,0.023529,-0.027130,-0.994949
8.927628,0.023712,-0.027161,-0.994781
8.927668,0.023926,-0.027145,-0.994659
8.927706,0.024139,-0.027115,-0.994629
8.927744,0.024292,-0.027054,-0.994659
8.927782,0.024399,-0.026993,-0.994751
8.937295,0.024460,-0.026901,-0.994888
8.937399,0.024475,-0.026794,-0.995041
8.937448,0.024460,-0.026688,-0.995209
8.937481,0.024414,-0.026581,-0.995361
8.937508,0.024353,-0.026489,-0.995514
8.937532,0.024307,-0.026443,-0.995636
8.937558,0.024246,-0.026428,-0.995743
8.937582,0.024185,-0.026505,-0.995804
8.947309,0.024109,-0.026627,-0.995804
8.947425,0.024048,-0.026794,-0.995758
8.947456,0.023972,-0.026978,-0.995651
8.947483,0.023880,-0.027130,-0.995453
8.947509,0.023773,-0.027237,-0.995193
8.947533,0.023605,-0.027267,-0.994858
8.947561,0.023376,-0.027267,-0.994461
8.947592,0.023087,-0.027222,-0.994019
8.957286,0.022751,-0.027206,-0.993546
8.957394,0.022400,-0.027206,-0.993088
8.957423,0.022079,-0.027237,-0.992661
8.957447,0.021790,-0.027313,-0.992294
8.957482,0.021591,-0.027405,-0.992020
8.957508,0.021500,-0.027512,-0.991791
8.957533,0.021484,-0.027603,-0.991623
8.957559,0.021576,-0.027695,-0.991501
8.967282,0.021744,-0.027756,-0.991425
8.967384,0.021973,-0.027802,-0.991379
8.967428,0.022232,-0.027832,-0.991364
8.967461,0.022522,-0.027878,-0.991333
8.967492,0.022781,-0.027908,-0.991302
8.967523,0.023041,-0.027924,-0.991272
8.969731,0.023300,-0.027893,-0.991257
8.969794,0.023544,-0.027832,-0.991241
8.977555,0.023788,-0.027756,-0.991257
8.977703,0.024033,-0.027649,-0.991318
8.977735,0.024231,-0.027527,-0.991425
8.977761,0.024368,-0.027435,-0.991577
8.977785,0.024429,-0.027374,-0.991730
8.977810,0.024399,-0.027359,-0.991867
8.977845,0.024277,-0.027374,-0.991989
8.977870,0.024094,-0.027405,-0.992050
8.987257,0.023849,-0.027405,-0.992065
8.987366,0.023575,-0.027374,-0.992035
8.987395,0.023315,-0.027298,-0.991974
8.987429,0.023041,-0.027161,-0.991913
8.987455,0.022766,-0.026993,-0.991852
8.987478,0.022476,-0.026825,-0.991821
8.987502,0.022171,-0.026672,-0.991837
8.987532,0.021866,-0.026550,-0.991913
8.997242,0.021576,-0.026489,-0.992081
8.997391,0.021362,-0.026459,-0.992371
8.997420,0.021240,-0.026459,-0.992767
8.997446,0.021255,-0.026474,-0.993286
8.997473,0.021378,-0.026505,-0.993866
8.997497,0.021591,-0.026520,-0.994476
8.997520,0.021851,-0.026535,-0.995026
8.997543,0.022141,-0.026535,-0.995499
9.007368,0.022430,-0.026550,-0.995850
9.007439,0.022675,-0.026596,-0.996033
9.007454,0.022858,-0.026672,-0.996094
9.007466,0.022964,-0.026779,-0.996048
9.007476,0.023041,-0.026871,-0.995911
9.007486,0.023087,-0.026932,-0.995728
9.007495,0.023132,-0.026978,-0.995560
9.007505,0.023193,-0.026978,-0.995438
9.019218,0.023285,-0.026932,-0.995392
9.019349,0.023422,-0.026886,-0.995377
9.019380,0.023621,-0.026855,-0.995392
9.019406,0.023834,-0.026855,-0.995422
9.019429,0.024063,-0.026932,-0.995438
9.019463,0.024261,-0.027069,-0.995407
9.019488,0.024399,-0.027267,-0.995331
9.019512,0.024475,-0.027466,-0.995224
9.027342,0.024506,-0.027618,-0.995132
9.027479,0.024475,-0.027664,-0.995041
9.027534,0.024399,-0.027603,-0.994965
9.027574,0.024261,-0.027405,-0.994919
9.027614,0.024078,-0.027084,-0.994904
9.027650,0.023834,-0.026642,-0.994888
9.027686,0.023529,-0.026123,-0.994873
9.027725,0.023178,-0.025589,-0.994843
9.037221,0.022797,-0.025085,-0.994797
9.037411,0.022385,-0.024628,-0.994766
9.037450,0.021988,-0.024216,-0.994736
9.037485,0.021622,-0.023865,-0.994751
9.037516,0.021301,-0.023560,-0.994797
9.037548,0.021042,-0.023300,-0.994858
9.037577,0.020844,-0.023117,-0.994965
9.037606,0.020676,-0.023026,-0.995087
9.047203,0.020569,-0.022995,-0.995224
9.047297,0.020538,-0.023010,-0.995346
9.047325,0.020569,-0.023087,-0.995483
9.047350,0.020660,-0.023193,-0.995636
9.047374,0.020782,-0.023346,-0.995834
9.047400,0.020920,-0.023529,-0.996063
9.047425,0.020935,-0.023712,-0.996384
9.047451,0.020691,-0.023621,-0.997971
9.057408,0.020264,-0.022446,-1.005768
9.057539,0.020126,-0.018967,-1.028595
9.057576,0.021194,-0.011993,-1.071304
9.057612,0.024414,-0.001114,-1.127167
9.057638,0.030045,0.012344,-1.181717
9.057662,0.037231,0.024994,-1.220398
9.057686,0.044174,0.032089,-1.229736
9.057709,0.048325,0.028809,-1.199112
9.067451,0.046738,0.011612,-1.126404
9.067578,0.037170,-0.020401,-1.020187
9.067609,0.019012,-0.064911,-0.896057
9.067634,-0.006439,-0.116470,-0.771957
9.067667,-0.036270,-0.167374,-0.665009
9.069111,-0.066116,-0.208740,-0.589340
9.069324,-0.090775,-0.232010,-0.554169
9.069364,-0.105179,-0.230865,-0.563034
9.077171,-0.105667,-0.203003,-0.613815
9.077288,-0.090759,-0.151093,-0.698792
9.077318,-0.061371,-0.082245,-0.805710
9.077343,-0.020599,-0.006638,-0.920349
9.077367,0.027023,0.064819,-1.029526
9.077400,0.076477,0.122772,-1.122818
9.077426,0.123047,0.161041,-1.193405
9.077450,0.162949,0.177307,-1.238495
9.087206,0.193588,0.172729,-1.259201
9.087318,0.213455,0.151367,-1.259476
9.087352,0.222076,0.119034,-1.244781
9.087384,0.219666,0.082138,-1.221146
9.087422,0.207062,0.046448,-1.194168
9.087452,0.185471,0.016083,-1.168091
9.087481,0.156342,-0.007034,-1.145096
9.087512,0.121277,-0.023163,-1.125015
9.097247,0.081940,-0.034241,-1.105774
9.097364,0.040100,-0.043015,-1.084412
9.097398,-0.002411,-0.052200,-1.058273
9.097439,-0.043732,-0.063751,-1.025864
9.097467,-0.081894,-0.078430,-0.987000
9.097496,-0.114944,-0.095673,-0.942871
9.097535,-0.141052,-0.113785,-0.896103
9.097564,-0.158676,-0.130264,-0.850601
9.107190,-0.166718,-0.142303,-0.810913
9.107285,-0.164703,-0.147385,-0.781403
9.107312,-0.152786,-0.143799,-0.765579
9.107346,-0.131866,-0.131104,-0.765610
9.107372,-0.103409,-0.110245,-0.781891
9.107397,-0.069412,-0.083389,-0.812836
9.107422,-0.032181,-0.053528,-0.855179
9.107446,0.005829,-0.023941,-0.904663
9.117108,0.042358,0.002258,-0.956757
9.117212,0.075363,0.022644,-1.007111
9.117241,0.103256,0.035629,-1.051971
9.117268,0.125015,0.040710,-1.088364
9.117293,0.140121,0.038467,-1.114578
9.117317,0.148560,0.030304,-1.130157
9.117342,0.150620,0.018219,-1.135666
9.117368,0.146805,0.004471,-1.132278
9.127135,0.137772,-0.008865,-1.121536
9.127276,0.124298,-0.020233,-1.105164
9.127513,0.107147,-0.028671,-1.084885
9.127542,0.087158,-0.033890,-1.062164
9.127569,0.065216,-0.036179,-1.038162
9.127594,0.042297,-0.036133,-1.013885
9.127657,0.019424,-0.034561,-0.990234
9.127959,-0.002304,-0.032135,-0.968155
9.137135,-0.021820,-0.029358,-0.948456
9.137254,-0.038101,-0.026520,-0.931946
9.137283,-0.050308,-0.023727,-0.919281
9.137308,-0.057938,-0.021042,-0.911057
9.137339,-0.060806,-0.018539,-0.907608
9.137365,-0.059067,-0.016296,-0.908920
9.137390,-0.053192,-0.014526,-0.914703
9.137415,-0.043900,-0.013474,-0.924469
9.147092,-0.032013,-0.013397,-0.937515
9.147191,-0.018448,-0.014572,-0.952988
9.147225,-0.004074,-0.017151,-0.969849
9.147258,0.010300,-0.021149,-0.987045
9.147286,0.024017,-0.026367,-1.003616
9.147315,0.036499,-0.032440,-1.018768
9.147351,0.047272,-0.038849,-1.031815
9.147382,0.056000,-0.045029,-1.042175
9.157083,0.062408,-0.050369,-1.049469
9.157189,0.066284,-0.054382,-1.053513
9.157222,0.067566,-0.056702,-1.054230
9.157252,0.066238,-0.057098,-1.051758
9.157282,0.062469,-0.055527,-1.046356
9.157312,0.056564,-0.052078,-1.038498
9.157341,0.049026,-0.046982,-1.028839
9.157372,0.040436,-0.040527,-1.018127
9.167472,0.031479,-0.033035,-1.007095
9.167722,0.022812,-0.024887,-0.996490
9.167759,0.014984,-0.016434,-0.987015
9.167792,0.008530,-0.008102,-0.979233
9.167822,0.003830,-0.000320,-0.973541
9.167850,0.001129,0.006409,-0.970032
9.167889,0.000488,0.011688,-0.968643
9.167919,0.001846,0.015076,-0.969193
9.177086,0.004929,0.016235,-0.971390
9.177663,0.009399,0.014954,-0.974869
9.177698,0.014771,0.011261,-0.979263
9.177725,0.020538,0.005341,-0.984238
9.177749,0.026169,-0.002426,-0.989517
9.177773,0.031204,-0.011536,-0.994858
9.177805,0.035248,-0.021317,-1.000000
9.177830,0.038055,-0.031067,-1.004715
9.187099,0.039490,-0.040131,-1.008774
9.187234,0.039505,-0.047943,-1.012039
9.187278,0.038162,-0.054092,-1.014328
9.187305,0.035583,-0.058289,-1.015533
9.187337,0.031982,-0.060440,-1.015564
9.187362,0.027588,-0.060608,-1.014435
9.187386,0.022675,-0.058960,-1.012222
9.187412,0.017593,-0.055771,-1.009064
9.197044,0.012619,-0.051392,-1.005173
9.197152,0.008057,-0.046143,-1.000793
9.197180,0.004227,-0.040405,-0.996292
9.197214,0.001358,-0.034485,-0.991989
9.197254,-0.000320,-0.028656,-0.988159
9.197280,-0.000702,-0.023163,-0.985092
9.197305,0.000290,-0.018188,-0.982971
9.197329,0.002701,-0.013855,-0.981918
9.207042,0.006393,-0.010254,-0.981934
9.207161,0.011185,-0.007462,-0.982941
9.207198,0.016830,-0.005600,-0.984756
9.207230,0.022949,-0.004730,-0.987183
9.207261,0.029221,-0.004929,-0.989975
9.207291,0.035233,-0.006226,-0.992874
9.207319,0.040649,-0.008560,-0.995636
9.207356,0.045151,-0.011826,-0.998077
9.217051,0.048492,-0.015808,-1.000076
9.217217,0.050461,-0.020248,-1.001511
9.217279,0.050949,-0.024826,-1.002335
9.217330,0.049957,-0.029251,-1.002533
9.217395,0.047577,-0.033249,-1.002121
9.217448,0.043945,-0.036575,-1.001160
9.217620,0.039307,-0.039124,-0.999695
9.218120,0.033905,-0.040817,-0.997803
9.227237,0.028076,-0.041672,-0.995544
9.227424,0.022125,-0.041748,-0.992996
9.227484,0.016342,-0.041183,-0.990280
9.227551,0.011017,-0.040100,-0.987503
9.227603,0.006378,-0.038651,-0.984818
9.227656,0.002609,-0.036972,-0.982391
9.227706,-0.000137,-0.035172,-0.980377
9.227884,-0.001755,-0.033310,-0.978958
9.237037,-0.002151,-0.031479,-0.978256
9.237185,-0.001343,-0.029739,-0.978348
9.237259,0.000595,-0.028137,-0.979248
9.237300,0.003586,-0.026703,-0.980896
9.237340,0.007431,-0.025482,-0.983185
9.237377,0.011902,-0.024429,-0.985916
9.237462,0.016769,-0.023590,-0.988892
9.237622,0.021744,-0.022934,-0.991898
9.247049,0.026581,-0.022491,-0.994736
9.247190,0.031067,-0.022263,-0.997223
9.247218,0.034973,-0.022278,-0.999252
9.247331,0.038132,-0.022522,-1.000687
9.247360,0.040421,-0.023010,-1.001526
9.247394,0.041718,-0.023743,-1.001755
9.247501,0.042007,-0.024689,-1.001373
9.247526,0.041306,-0.025803,-1.000458
9.257441,0.039688,-0.027008,-0.999039
9.257611,0.037277,-0.028259,-0.997223
9.257655,0.034241,-0.029465,-0.995071
9.257685,0.030746,-0.030579,-0.992737
9.257711,0.027039,-0.031525,-0.990356
9.257736,0.023315,-0.032288,-0.988052
9.257760,0.019791,-0.032822,-0.985977
9.257784,0.016647,-0.033142,-0.984222
9.267002,0.014038,-0.033203,-0.982880
9.267115,0.012070,-0.032990,-0.982010
9.267146,0.010803,-0.032516,-0.981659
9.267173,0.010254,-0.031754,-0.981888
9.267198,0.010376,-0.030746,-0.982697
9.267221,0.011124,-0.029526,-0.984039
9.267292,0.012375,-0.028183,-0.985855
9.267321,0.014023,-0.026840,-0.988007
9.277100,0.015961,-0.025574,-0.990387
9.277298,0.018005,-0.024490,-0.992828
9.277332,0.020050,-0.023651,-0.995178
9.277359,0.021973,-0.023132,-0.997314
9.277384,0.023682,-0.022888,-0.999100
9.277411,0.025085,-0.022949,-1.000519
9.277434,0.026154,-0.023270,-1.001495
9.277458,0.026840,-0.023819,-1.002045
9.286990,0.027145,-0.024521,-1.002197
9.287105,0.027115,-0.025314,-1.001999
9.287140,0.026794,-0.026123,-1.001511
9.287166,0.026276,-0.026886,-1.000839
9.287190,0.025604,-0.027527,-1.000031
9.287216,0.024887,-0.028030,-0.999176
9.287239,0.024185,-0.028336,-0.998352
9.287262,0.023544,-0.028412,-0.997635
9.297045,0.023026,-0.028275,-0.997055
9.297159,0.022629,-0.027893,-0.996674
9.297187,0.022385,-0.027328,-0.996506
9.297212,0.022324,-0.026581,-0.996567
9.297245,0.022415,-0.025726,-0.996796
9.297271,0.022644,-0.024796,-0.997177
9.297297,0.022980,-0.023834,-0.997620
9.297323,0.023376,-0.022919,-0.998108
9.307097,0.023773,-0.022110,-0.998581
9.307224,0.024109,-0.021423,-0.998947
9.307327,0.024307,-0.020905,-0.999191
9.307353,0.024353,-0.020615,-0.999283
9.307386,0.024200,-0.020569,-0.999176
9.307412,0.023819,-0.020844,-0.998886
9.307437,0.023193,-0.021439,-0.998413
9.307463,0.022369,-0.022324,-0.997742
9.317113,0.021423,-0.023468,-0.996933
9.317244,0.020416,-0.024750,-0.996017
9.317274,0.019440,-0.026077,-0.995026
9.317309,0.018555,-0.027359,-0.994049
9.317335,0.017868,-0.028488,-0.993118
9.317359,0.017410,-0.029404,-0.992310
9.317384,0.017227,-0.030060,-0.991699
9.317408,0.017349,-0.030426,-0.991318
9.326939,0.017776,-0.030487,-0.991226
9.327078,0.018509,-0.030258,-0.991425
9.327107,0.019501,-0.029770,-0.991928
9.327135,0.020721,-0.029068,-0.992676
9.327159,0.022125,-0.028183,-0.993591
9.327185,0.023636,-0.027222,-0.994598
9.327209,0.025131,-0.026230,-0.995605
9.327233,0.026550,-0.025314,-0.996552
9.337031,0.027786,-0.024536,-0.997345
9.337183,0.028748,-0.023941,-0.997910
9.337213,0.029388,-0.023544,-0.998215
9.337248,0.029648,-0.023392,-0.998260
9.337274,0.029510,-0.023468,-0.998032
9.337298,0.029037,-0.023743,-0.997604
9.337324,0.028259,-0.024200,-0.996979
9.337347,0.027267,-0.024780,-0.996231
9.346961,0.026123,-0.025406,-0.995407
9.347067,0.024887,-0.026062,-0.994507
9.347094,0.023621,-0.026703,-0.993576
9.347127,0.022354,-0.027328,-0.992645
9.347153,0.021133,-0.027924,-0.991776
9.347177,0.020004,-0.028473,-0.990997
9.347201,0.019012,-0.028992,-0.990356
9.347224,0.018219,-0.029449,-0.989853
9.356884,0.017670,-0.029877,-0.989532
9.356991,0.017395,-0.030243,-0.989410
9.357020,0.017426,-0.030548,-0.989456
9.357053,0.017715,-0.030746,-0.989655
9.357081,0.018250,-0.030823,-0.989975
9.357106,0.018997,-0.030807,-0.990341
9.357129,0.019897,-0.030701,-0.990738
9.357167,0.020905,-0.030563,-0.991119
9.370221,0.021957,-0.030426,-0.991425
9.370339,0.023010,-0.030289,-0.991669
9.370376,0.024048,-0.030182,-0.991837
9.370588,0.024963,-0.030090,-0.991943
9.370621,0.025742,-0.029999,-0.991974
9.370661,0.026352,-0.029861,-0.991959
9.370692,0.026749,-0.029648,-0.991882
9.370722,0.026932,-0.029343,-0.991760
9.376869,0.026901,-0.028946,-0.991577
9.377006,0.026703,-0.028488,-0.991348
9.377042,0.026382,-0.028000,-0.991058
9.377073,0.025955,-0.027527,-0.990692
9.377105,0.025467,-0.027115,-0.990280
9.377135,0.024979,-0.026825,-0.989853
9.377166,0.024475,-0.026657,-0.989410
9.377197,0.023987,-0.026581,-0.988998
9.386860,0.023514,-0.026581,-0.988647
9.386983,0.023102,-0.026642,-0.988373
9.387027,0.022751,-0.026749,-0.988205
9.387059,0.022461,-0.026932,-0.988159
9.387090,0.022232,-0.027161,-0.988266
9.387120,0.022079,-0.027420,-0.988525
9.387149,0.022003,-0.027710,-0.988922
9.387177,0.021988,-0.028000,-0.989410
9.396845,0.022034,-0.028259,-0.989975
9.396967,0.022141,-0.028442,-0.990570
9.397001,0.022293,-0.028519,-0.991211
9.397041,0.022461,-0.028488,-0.991867
9.397073,0.022644,-0.028320,-0.992508
9.397102,0.022812,-0.028061,-0.993134
9.397131,0.022949,-0.027710,-0.993759
9.397160,0.023056,-0.027313,-0.994370
9.406834,0.023132,-0.026932,-0.994980
9.406918,0.023148,-0.026566,-0.995575
9.406947,0.023148,-0.026260,-0.996155
9.406975,0.023117,-0.026001,-0.996674
9.406999,0.023071,-0.025772,-0.997147
9.407023,0.023041,-0.025574,-0.997543
9.407047,0.023010,-0.025375,-0.997849
9.407072,0.022980,-0.025208,-0.998093
9.416817,0.022995,-0.025055,-0.998245
9.416929,0.023010,-0.024933,-0.998306
9.416965,0.023041,-0.024872,-0.998260
9.416996,0.023056,-0.024857,-0.998138
9.417028,0.023056,-0.024887,-0.997894
9.417057,0.023041,-0.024933,-0.997589
9.417086,0.023056,-0.024979,-0.997223
9.417114,0.023102,-0.024994,-0.996857
9.427274,0.023193,-0.024963,-0.996536
9.427669,0.023300,-0.024918,-0.996292
9.427707,0.023407,-0.024857,-0.996155
9.427735,0.023468,-0.024796,-0.996140
9.427761,0.023468,-0.024780,-0.996201
9.427788,0.023407,-0.024811,-0.996338
9.427812,0.023331,-0.024887,-0.996506
9.427835,0.023239,-0.025009,-0.996658
9.436783,0.023178,-0.025146,-0.996750
9.436862,0.023132,-0.025314,-0.996765
9.436877,0.023117,-0.025497,-0.996689
9.436891,0.023117,-0.025711,-0.996552
9.436901,0.023087,-0.025940,-0.996368
9.436911,0.022995,-0.026169,-0.996155
9.436921,0.022858,-0.026398,-0.995987
9.436931,0.022659,-0.026596,-0.995865
9.446794,0.022446,-0.026764,-0.995773
9.446880,0.022232,-0.026886,-0.995712
9.446897,0.022064,-0.026932,-0.995621
9.446910,0.021957,-0.026932,-0.995514
9.446921,0.021912,-0.026855,-0.995392
9.446931,0.021957,-0.026718,-0.995239
9.446941,0.022079,-0.026550,-0.995117
9.446951,0.022278,-0.026367,-0.995026
9.456793,0.022552,-0.026169,-0.994980
9.456876,0.022888,-0.025970,-0.994965
9.456891,0.023254,-0.025757,-0.994995
9.456908,0.023621,-0.025558,-0.995026
9.456919,0.023987,-0.025391,-0.995056
9.456929,0.024307,-0.025284,-0.995087
9.456939,0.024551,-0.025223,-0.995102
9.456948,0.024704,-0.025208,-0.995117
9.466766,0.024750,-0.025253,-0.995117
9.466863,0.024673,-0.025360,-0.995117
9.466879,0.024521,-0.025497,-0.995087
9.466891,0.024261,-0.025696,-0.995026
9.466902,0.023972,-0.025940,-0.994934
9.466912,0.023636,-0.026215,-0.994766
9.466923,0.023285,-0.026505,-0.994583
9.466932,0.022919,-0.026810,-0.994354
9.476745,0.022522,-0.027084,-0.994080
9.476813,0.022125,-0.027344,-0.993759
9.476828,0.021729,-0.027573,-0.993408
9.476840,0.021332,-0.027771,-0.993073
9.476850,0.020935,-0.027924,-0.992767
9.476861,0.020599,-0.028046,-0.992508
9.476870,0.020325,-0.028152,-0.992310
9.476880,0.020172,-0.028259,-0.992172
9.486758,0.020157,-0.028366,-0.992111
9.486819,0.020309,-0.028427,-0.992081
9.486834,0.020615,-0.028458,-0.992096
9.486845,0.021042,-0.028427,-0.992157
9.486855,0.021530,-0.028381,-0.992249
9.486865,0.022049,-0.028305,-0.992340
9.486875,0.022522,-0.028244,-0.992386
9.486885,0.022949,-0.028214,-0.992371
9.496734,0.023300,-0.028198,-0.992249
9.496839,0.023575,-0.028198,-0.992035
9.496853,0.023773,-0.028183,-0.991745
9.496865,0.023895,-0.028091,-0.991425
9.496875,0.023941,-0.027939,-0.991104
9.496886,0.023911,-0.027725,-0.990799
9.496896,0.023804,-0.027496,-0.990509
9.496906,0.023666,-0.027283,-0.990295
9.506681,0.023514,-0.027145,-0.990128
9.506741,0.023346,-0.027100,-0.990051
9.506755,0.023209,-0.027115,-0.990036
9.506766,0.023102,-0.027191,-0.990112
9.506776,0.023010,-0.027298,-0.990280
9.506786,0.022949,-0.027435,-0.990555
9.506796,0.022919,-0.027573,-0.990906
9.506805,0.022903,-0.027710,-0.991348
9.516718,0.022888,-0.027817,-0.991852
9.516777,0.022873,-0.027863,-0.992401
9.516791,0.022842,-0.027908,-0.992981
9.516803,0.022797,-0.027939,-0.993546
9.516814,0.022736,-0.027969,-0.994049
9.516824,0.022659,-0.028000,-0.994492
9.516834,0.022598,-0.027985,-0.994843
9.516843,0.022552,-0.027939,-0.995102
9.526717,0.022507,-0.027847,-0.995255
9.526781,0.022476,-0.027725,-0.995331
9.526795,0.022491,-0.027573,-0.995346
9.526807,0.022522,-0.027405,-0.995331
9.526818,0.022583,-0.027252,-0.995285
9.526827,0.022659,-0.027115,-0.995255
9.526837,0.022736,-0.026993,-0.995239
9.526847,0.022812,-0.026871,-0.995255
9.536714,0.022827,-0.026749,-0.995300
9.536770,0.022827,-0.026627,-0.995377
9.536783,0.022781,-0.026505,-0.995499
9.536794,0.022720,-0.026352,-0.995621
9.536805,0.022644,-0.026169,-0.995758
9.536815,0.022552,-0.025986,-0.995865
9.536824,0.022461,-0.025803,-0.996002
9.536834,0.022385,-0.025665,-0.996140
9.546685,0.022324,-0.025558,-0.996292
9.546749,0.022293,-0.025528,-0.996445
9.546764,0.022308,-0.025543,-0.996582
9.546775,0.022354,-0.025589,-0.996674
9.546786,0.022415,-0.025635,-0.996765
9.546796,0.022491,-0.025665,-0.996811
9.546806,0.022583,-0.025650,-0.996841
9.546815,0.022690,-0.025589,-0.996841
9.556693,0.022766,-0.025497,-0.996826
9.556748,0.022842,-0.025406,-0.996780
9.556762,0.022934,-0.025314,-0.996689
9.556773,0.023041,-0.025253,-0.996582
9.556784,0.023178,-0.025238,-0.996445
9.556794,0.023346,-0.025253,-0.996307
9.556803,0.023529,-0.025330,-0.996140
9.556812,0.023712,-0.025421,-0.995941
9.566726,0.023865,-0.025543,-0.995728
9.566783,0.023956,-0.025681,-0.995468
9.566797,0.023972,-0.025833,-0.995209
9.566809,0.023926,-0.025986,-0.994949
9.566819,0.023804,-0.026138,-0.994751
9.566829,0.023636,-0.026291,-0.994614
9.566839,0.023468,-0.026413,-0.994568
9.566849,0.023300,-0.026489,-0.994598
9.576623,0.023193,-0.026535,-0.994720
9.576681,0.023132,-0.026505,-0.994888
9.576696,0.023102,-0.026413,-0.995102
9.576707,0.023087,-0.026291,-0.995331
9.576718,0.023071,-0.026154,-0.995544
9.576727,0.023026,-0.026001,-0.995712
9.576737,0.022980,-0.025879,-0.995819
9.576747,0.022919,-0.025787,-0.995865
9.586647,0.022858,-0.025726,-0.995850
9.586710,0.022827,-0.025711,-0.995804
9.586725,0.022827,-0.025726,-0.995728
9.586738,0.022842,-0.025711,-0.995621
9.586750,0.022888,-0.025681,-0.995483
9.586762,0.022964,-0.025604,-0.995331
9.586772,0.023056,-0.025528,-0.995148
9.586782,0.023209,-0.025513,-0.995117
9.596573,0.023514,-0.025665,-0.996750
9.596628,0.024338,-0.025848,-1.003525
9.596643,0.026398,-0.025452,-1.018188
9.596654,0.030533,-0.023666,-1.039688
9.596665,0.037170,-0.020172,-1.063110
9.596675,0.045670,-0.015747,-1.081360
9.596685,0.054230,-0.012329,-1.087067
9.596694,0.060089,-0.012573,-1.074677
9.606568,0.060410,-0.018814,-1.041885
9.606617,0.053009,-0.032196,-0.991302
9.606631,0.037170,-0.052063,-0.930298
9.606643,0.014221,-0.075638,-0.868362
9.606653,-0.012421,-0.098312,-0.814240
9.606663,-0.038132,-0.114761,-0.774551
9.606673,-0.058228,-0.120361,-0.753387
9.606682,-0.069077,-0.112518,-0.752182
9.616567,-0.068954,-0.091415,-0.769928
9.616635,-0.058273,-0.060089,-0.803757
9.616650,-0.039185,-0.023666,-0.849457
9.616662,-0.014801,0.011978,-0.902008
9.616672,0.011658,0.041748,-0.956665
9.616684,0.037613,0.062302,-1.009613
9.616694,0.061386,0.072723,-1.058411
9.616703,0.082275,0.074234,-1.101974
9.626569,0.100143,0.069366,-1.140320
9.626627,0.114883,0.060867,-1.173874
9.626642,0.126068,0.050858,-1.202621
9.626654,0.132858,0.040497,-1.225861
9.626665,0.134171,0.029999,-1.242493
9.626675,0.129074,0.018921,-1.251297
9.626685,0.117096,0.006607,-1.251144
9.626694,0.098541,-0.007538,-1.241043
9.636549,0.074448,-0.023788,-1.220520
9.636594,0.046478,-0.041916,-1.189606
9.636606,0.016617,-0.061203,-1.149155
9.636617,-0.013046,-0.080490,-1.100983
9.636627,-0.040665,-0.098297,-1.047714
9.636637,-0.064682,-0.113174,-0.992386
9.636647,-0.083954,-0.123871,-0.938095
9.636656,-0.097672,-0.129440,-0.887726
9.646548,-0.105392,-0.129318,-0.843918
9.646616,-0.106842,-0.123383,-0.808853
9.646633,-0.102036,-0.111847,-0.784134
9.646644,-0.091141,-0.095444,-0.770706
9.646655,-0.074585,-0.075317,-0.768784
9.646665,-0.053085,-0.053055,-0.777710
9.646675,-0.027664,-0.030502,-0.796082
9.646684,0.000320,-0.009552,-0.821930
9.656531,0.029312,0.008072,-0.853043
9.656559,0.057663,0.021164,-0.887161
9.656574,0.083832,0.028976,-0.922256
9.656585,0.106506,0.031387,-0.956421
9.656596,0.124725,0.028854,-0.988007
9.656606,0.137802,0.022232,-1.015747
9.656615,0.145386,0.012711,-1.038864
9.656624,0.147369,0.001572,-1.056900
9.666559,0.143768,-0.009918,-1.069580
9.666628,0.134781,-0.020782,-1.076828
9.666647,0.120804,-0.030258,-1.078751
9.666659,0.102448,-0.037888,-1.075668
9.666671,0.080643,-0.043411,-1.067993
9.666682,0.056503,-0.046768,-1.056396
9.666694,0.031387,-0.048004,-1.041748
9.666704,0.006699,-0.047226,-1.025146
9.676534,-0.016235,-0.044678,-1.007751
9.676595,-0.036224,-0.040649,-0.990768
9.676609,-0.052277,-0.035461,-0.975296
9.676621,-0.063690,-0.029526,-0.962341
9.676631,-0.070114,-0.023300,-0.952728
9.676641,-0.071487,-0.017242,-0.946991
9.676651,-0.068100,-0.011826,-0.945358
9.676661,-0.060455,-0.007477,-0.947800
9.686524,-0.049225,-0.004593,-0.954041
9.686579,-0.035248,-0.003433,-0.963623
9.686593,-0.019424,-0.004166,-0.975830
9.686604,-0.002686,-0.006821,-0.989777
9.686615,0.014008,-0.011215,-1.004517
9.686625,0.029877,-0.016968,-1.019135
9.686634,0.044144,-0.023651,-1.032776
9.686648,0.056198,-0.030685,-1.044632
9.696447,0.065552,-0.037552,-1.054077
9.696512,0.071915,-0.043747,-1.060608
9.696527,0.075119,-0.048843,-1.063950
9.696539,0.075195,-0.052505,-1.063950
9.696550,0.072311,-0.054504,-1.060654
9.696560,0.066757,-0.054718,-1.054276
9.696570,0.059021,-0.053116,-1.045227
9.696580,0.049683,-0.049774,-1.034042
9.706492,0.039383,-0.044876,-1.021347
9.706546,0.028854,-0.038681,-1.007843
9.706560,0.018814,-0.031464,-0.994263
9.706572,0.009949,-0.023621,-0.981308
9.706583,0.002838,-0.015564,-0.969666
9.706592,-0.002090,-0.007782,-0.959900
9.706603,-0.004578,-0.000748,-0.952454
9.706612,-0.004562,0.005051,-0.947556
9.716486,-0.002182,0.009186,-0.945282
9.716646,0.002228,0.011337,-0.945557
9.716698,0.008224,0.011276,-0.948151
9.716740,0.015198,0.008957,-0.952713
9.716779,0.022614,0.004501,-0.958817
9.716819,0.029892,-0.001770,-0.966003
9.716856,0.036514,-0.009460,-0.973816
9.716893,0.042023,-0.018051,-0.981781
9.726470,0.046051,-0.026932,-0.989456
9.726617,0.048370,-0.035538,-0.996460
9.726648,0.048828,-0.043320,-1.002502
9.726774,0.047424,-0.049850,-1.007309
9.726809,0.044296,-0.054779,-1.010712
9.726837,0.039673,-0.057892,-1.012680
9.726862,0.033859,-0.059113,-1.013245
9.726889,0.027252,-0.058502,-1.012589
9.736432,0.020264,-0.056229,-1.010910
9.736532,0.013306,-0.052536,-1.008484
9.736562,0.006836,-0.047714,-1.005600
9.736588,0.001251,-0.042084,-1.002594
9.736620,-0.003082,-0.035965,-0.999771
9.736648,-0.005936,-0.029678,-0.997360
9.736673,-0.007111,-0.023514,-0.995529
9.736698,-0.006577,-0.017746,-0.994354
9.746427,-0.004379,-0.012650,-0.993866
9.746606,-0.000656,-0.008438,-0.994034
9.746812,0.004318,-0.005325,-0.994781
9.746860,0.010284,-0.003418,-0.995972
9.746901,0.016861,-0.002808,-0.997452
9.746934,0.023682,-0.003479,-0.999100
9.746964,0.030350,-0.005386,-1.000748
9.746993,0.036514,-0.008377,-1.002258
9.756822,0.041840,-0.012238,-1.003479
9.757216,0.046036,-0.016693,-1.004333
9.757268,0.048920,-0.021469,-1.004715
9.757282,0.050354,-0.026260,-1.004562
9.757294,0.050323,-0.030807,-1.003830
9.757304,0.048904,-0.034882,-1.002487
9.757314,0.046234,-0.038315,-1.000565
9.757324,0.042465,-0.041000,-0.998108
9.766413,0.037842,-0.042862,-0.995193
9.766533,0.032639,-0.043915,-0.991943
9.766697,0.027084,-0.044174,-0.988510
9.766748,0.021484,-0.043747,-0.985077
9.766784,0.016098,-0.042725,-0.981781
9.766814,0.011215,-0.041229,-0.978821
9.766852,0.007019,-0.039383,-0.976349
9.766883,0.003738,-0.037323,-0.974472
9.776425,0.001495,-0.035156,-0.973282
9.776545,0.000366,-0.032974,-0.972809
9.776573,0.000412,-0.030884,-0.973053
9.776598,0.001587,-0.028900,-0.973984
9.776622,0.003815,-0.027100,-0.975555
9.776646,0.006958,-0.025482,-0.977692
9.776712,0.010803,-0.024109,-0.980316
9.776740,0.015152,-0.023026,-0.983292
9.786523,0.019775,-0.022247,-0.986526
9.786941,0.024414,-0.021774,-0.989899
9.786982,0.028824,-0.021591,-0.993286
9.787158,0.032791,-0.021683,-0.996506
9.787198,0.036102,-0.022003,-0.999390
9.787228,0.038605,-0.022537,-1.001801
9.787273,0.040176,-0.023239,-1.003586
9.787313,0.040787,-0.024078,-1.004700
9.796376,0.040451,-0.025009,-1.005112
9.796490,0.039215,-0.026031,-1.004837
9.796518,0.037201,-0.027115,-1.003922
9.796549,0.034515,-0.028244,-1.002487
9.796576,0.031342,-0.029343,-1.000641
9.796601,0.027847,-0.030411,-0.998550
9.796626,0.024277,-0.031372,-0.996368
9.796651,0.020844,-0.032166,-0.994247
9.806757,0.017700,-0.032715,-0.992325
9.806907,0.015030,-0.032974,-0.990692
9.806940,0.012939,-0.032867,-0.989441
9.806967,0.011490,-0.032410,-0.988632
9.806994,0.010696,-0.031586,-0.988235
9.807044,0.010544,-0.030472,-0.988251
9.807069,0.010986,-0.029129,-0.988617
9.807093,0.011948,-0.027664,-0.989288
9.816457,0.013321,-0.026184,-0.990158
9.816573,0.015015,-0.024780,-0.991165
9.816608,0.016937,-0.023544,-0.992233
9.816635,0.018951,-0.022537,-0.993317
9.816663,0.020935,-0.021790,-0.994370
9.816687,0.022797,-0.021286,-0.995361
9.816710,0.024445,-0.021072,-0.996246
9.816734,0.025833,-0.021118,-0.996979
9.827751,0.026886,-0.021454,-0.997513
9.828001,0.027588,-0.022064,-0.997849
9.828048,0.027939,-0.022888,-0.997955
9.828086,0.027969,-0.023911,-0.997879
9.828113,0.027740,-0.025040,-0.997665
9.828137,0.027298,-0.026215,-0.997360
9.828161,0.026733,-0.027344,-0.997025
9.828194,0.026093,-0.028351,-0.996689
9.836556,0.025452,-0.029190,-0.996414
9.836894,0.024826,-0.029785,-0.996216
9.836933,0.024261,-0.030090,-0.996109
9.836965,0.023788,-0.030060,-0.996155
9.836997,0.023438,-0.029724,-0.996353
9.837032,0.023209,-0.029099,-0.996719
9.837062,0.023102,-0.028198,-0.997223
9.837092,0.023102,-0.027084,-0.997818
9.846315,0.023163,-0.025818,-0.998474
9.846445,0.023209,-0.024490,-0.999115
9.846482,0.023178,-0.023209,-0.999695
9.846513,0.023056,-0.022064,-1.000183
9.846556,0.022827,-0.021149,-1.000549
9.846587,0.022461,-0.020554,-1.000748
9.846617,0.022003,-0.020309,-1.000793
9.846655,0.021469,-0.020432,-1.000687
9.856328,0.020905,-0.020905,-1.000427
9.856404,0.020325,-0.021698,-1.000031
9.856433,0.019791,-0.022736,-0.999496
9.856458,0.019333,-0.023926,-0.998871
9.856482,0.018982,-0.025192,-0.998184
9.856514,0.018768,-0.026428,-0.997482
9.856540,0.018723,-0.027557,-0.996796
9.856564,0.018845,-0.028534,-0.996170
9.866338,0.019150,-0.029282,-0.995605
9.866455,0.019638,-0.029816,-0.995102
9.866491,0.020309,-0.030090,-0.994690
9.866523,0.021133,-0.030151,-0.994370
9.866552,0.022064,-0.029999,-0.994125
9.866580,0.023071,-0.029648,-0.993958
9.866617,0.024048,-0.029114,-0.993851
9.866648,0.024948,-0.028442,-0.993790
9.876587,0.025711,-0.027710,-0.993744
9.876849,0.026352,-0.026947,-0.993652
9.876912,0.026825,-0.026245,-0.993530
9.876954,0.027161,-0.025650,-0.993317
9.876995,0.027328,-0.025192,-0.993027
9.877032,0.027344,-0.024902,-0.992645
9.877078,0.027191,-0.024765,-0.992188
9.877119,0.026855,-0.024765,-0.991669
9.886389,0.026367,-0.024887,-0.991074
9.886493,0.025711,-0.025116,-0.990463
9.886521,0.024902,-0.025436,-0.989853
9.886548,0.024017,-0.025833,-0.989258
9.886574,0.023056,-0.026337,-0.988754
9.886600,0.022125,-0.026932,-0.988342
9.886626,0.021240,-0.027557,-0.988083
9.886650,0.020493,-0.028229,-0.987991
9.896343,0.019882,-0.028885,-0.988052
9.896433,0.019440,-0.029495,-0.988266
9.896464,0.019196,-0.030029,-0.988617
9.896489,0.019165,-0.030457,-0.989075
9.896513,0.019318,-0.030762,-0.989624
9.896544,0.019653,-0.030960,-0.990250
9.896639,0.020157,-0.031082,-0.990891
9.896672,0.020813,-0.031143,-0.991531
9.906305,0.021545,-0.031158,-0.992142
9.906412,0.022339,-0.031113,-0.992706
9.906442,0.023117,-0.031006,-0.993195
9.906467,0.023834,-0.030823,-0.993622
9.906493,0.024429,-0.030533,-0.993988
9.906519,0.024872,-0.030167,-0.994293
9.906543,0.025162,-0.029739,-0.994522
9.906566,0.025299,-0.029297,-0.994675
9.916290,0.025253,-0.028870,-0.994720
9.916426,0.025085,-0.028488,-0.994644
9.916470,0.024780,-0.028168,-0.994446
9.916518,0.024429,-0.027908,-0.994110
9.916556,0.024033,-0.027695,-0.993683
9.916595,0.023651,-0.027496,-0.993179
9.916631,0.023300,-0.027344,-0.992676
9.916694,0.022949,-0.027191,-0.992172
9.926624,0.022644,-0.027069,-0.991714
9.926801,0.022385,-0.026978,-0.991302
9.926846,0.022156,-0.026932,-0.990967
9.926885,0.021988,-0.026978,-0.990692
9.926922,0.021881,-0.027084,-0.990479
9.926961,0.021866,-0.027267,-0.990356
9.927000,0.021927,-0.027496,-0.990341
9.927037,0.022049,-0.027710,-0.990448
9.936403,0.022232,-0.027908,-0.990677
9.936685,0.022446,-0.028046,-0.991013
9.936722,0.022644,-0.028091,-0.991440
9.936749,0.022797,-0.028061,-0.991898
9.936809,0.022903,-0.027954,-0.992355
9.936842,0.022934,-0.027802,-0.992767
9.936867,0.022903,-0.027618,-0.993103
9.936901,0.022797,-0.027451,-0.993408
9.946228,0.022675,-0.027283,-0.993652
9.946343,0.022583,-0.027145,-0.993912
9.946378,0.022537,-0.027008,-0.994186
9.946406,0.022568,-0.026886,-0.994507
9.946430,0.022644,-0.026718,-0.994904
9.946456,0.022751,-0.026489,-0.995346
9.946479,0.022873,-0.026199,-0.995834
9.946502,0.022980,-0.025848,-0.996338
9.956227,0.023087,-0.025482,-0.996841
9.956320,0.023209,-0.025116,-0.997284
9.956357,0.023315,-0.024765,-0.997665
9.956388,0.023438,-0.024460,-0.997986
9.956420,0.023544,-0.024216,-0.998245
9.956459,0.023651,-0.024048,-0.998444
9.956490,0.023712,-0.023941,-0.998611
9.956519,0.023712,-0.023865,-0.998749
9.966207,0.023651,-0.023834,-0.998886
9.966313,0.023529,-0.023865,-0.998993
9.966347,0.023331,-0.023956,-0.999069
9.966388,0.023087,-0.024109,-0.999069
9.966427,0.022812,-0.024323,-0.998978
9.966498,0.022522,-0.024597,-0.998825
9.966553,0.022232,-0.024918,-0.998642
9.966614,0.021942,-0.025223,-0.998459
9.976449,0.021667,-0.025513,-0.998322
9.976636,0.021439,-0.025757,-0.998215
9.976683,0.021240,-0.025925,-0.998138
9.976724,0.021118,-0.026047,-0.998077
9.976763,0.021042,-0.026093,-0.997971
9.976800,0.021042,-0.026077,-0.997803
9.976839,0.021118,-0.026001,-0.997559
9.976877,0.021271,-0.025894,-0.997238
9.986330,0.021484,-0.025757,-0.996826
9.986451,0.021759,-0.025620,-0.996368
9.986496,0.022064,-0.025467,-0.995865
9.986523,0.022354,-0.025330,-0.995346
9.986550,0.022629,-0.025238,-0.994843
9.986574,0.022842,-0.025192,-0.994385
9.986598,0.023010,-0.025253,-0.994003
9.986628,0.023148,-0.025391,-0.993713
9.996234,0.023254,-0.025574,-0.993515
9.996369,0.023346,-0.025818,-0.993393
9.996498,0.023453,-0.026062,-0.993347
9.996538,0.023560,-0.026306,-0.993393
9.996568,0.023682,-0.026505,-0.993500
9.996593,0.023788,-0.026657,-0.993668
9.996617,0.023911,-0.026779,-0.993851
9.996641,0.024002,-0.026855,-0.994003
10.006384,0.024078,-0.026932,-0.994156
10.007526,0.024124,-0.027023,-0.994263
10.007581,0.024124,-0.027145,-0.994339
10.007596,0.024109,-0.027328,-0.994385
10.007608,0.024063,-0.027588,-0.994415
10.007619,0.024002,-0.027893,-0.994415
10.007629,0.023926,-0.028244,-0.994415
10.007639,0.023819,-0.028595,-0.994385
10.016152,0.023682,-0.028900,-0.994293
10.016265,0.023514,-0.029160,-0.994141
10.016295,0.023331,-0.029373,-0.993896
10.016321,0.023148,-0.029556,-0.993591
10.016354,0.022980,-0.029663,-0.993256
10.016380,0.022858,-0.029724,-0.992935
10.016404,0.022736,-0.029724,-0.992661
10.016428,0.022598,-0.029648,-0.992447
10.026221,0.022446,-0.029465,-0.992294
10.026342,0.022308,-0.029205,-0.992172
10.026424,0.022186,-0.028885,-0.992096
10.026455,0.022095,-0.028519,-0.992020
10.026483,0.022064,-0.028137,-0.991943
10.026509,0.022095,-0.027802,-0.991867
10.026535,0.022202,-0.027496,-0.991776
10.026560,0.022385,-0.027267,-0.991684
10.036154,0.022614,-0.027130,-0.991638
10.036296,0.022842,-0.027069,-0.991623
10.036344,0.023026,-0.027100,-0.991638
10.036384,0.023163,-0.027191,-0.991699
10.036433,0.023209,-0.027328,-0.991776
10.036472,0.023209,-0.027466,-0.991867
10.036510,0.023193,-0.027618,-0.991959
10.036546,0.023178,-0.027786,-0.992035
10.046170,0.023209,-0.027969,-0.992096
10.046288,0.023300,-0.028152,-0.992111
10.046333,0.023453,-0.028290,-0.992111
10.046371,0.023651,-0.028381,-0.992081
10.046410,0.023849,-0.028381,-0.992050
10.046448,0.024002,-0.028320,-0.992020
10.046487,0.024109,-0.028214,-0.991989
10.046524,0.024139,-0.028061,-0.991974
10.056136,0.024109,-0.027924,-0.991989
10.056255,0.024033,-0.027802,-0.992081
10.056289,0.023926,-0.027710,-0.992233
10.056322,0.023773,-0.027634,-0.992432
10.056352,0.023605,-0.027588,-0.992661
10.056382,0.023438,-0.027527,-0.992905
10.056415,0.023224,-0.027466,-0.993134
10.056445,0.022980,-0.027405,-0.993347
10.066173,0.022705,-0.027359,-0.993530
10.066278,0.022446,-0.027359,-0.993668
10.066309,0.022217,-0.027420,-0.993729
10.066336,0.022018,-0.027557,-0.993759
10.066361,0.021881,-0.027786,-0.993774
10.066387,0.021805,-0.028046,-0.993805
10.066411,0.021805,-0.028290,-0.993881
10.066434,0.021866,-0.028412,-0.994049
10.076309,0.021973,-0.028381,-0.994308
10.076551,0.022141,-0.028152,-0.994629
10.076632,0.022339,-0.027710,-0.995026
10.076660,0.022552,-0.027100,-0.995468
10.076686,0.022766,-0.026382,-0.995941
10.076713,0.022980,-0.025620,-0.996429
10.076737,0.023148,-0.024933,-0.996887
10.076760,0.023254,-0.024353,-0.997299
10.086743,0.023300,-0.023941,-0.997620
10.086919,0.023285,-0.023697,-0.997849
10.086951,0.023209,-0.023590,-0.997971
10.086978,0.023102,-0.023560,-0.998016
10.087004,0.022964,-0.023621,-0.998001
10.087030,0.022781,-0.023727,-0.997940
10.087054,0.022598,-0.023865,-0.997849
10.087078,0.022415,-0.024048,-0.997772
10.096044,0.022263,-0.024292,-0.997696
10.096147,0.022171,-0.024612,-0.997635
10.096176,0.022156,-0.025040,-0.997635
10.096203,0.022202,-0.025513,-0.997665
10.096228,0.022293,-0.026016,-0.997726
10.096251,0.022415,-0.026474,-0.997803
10.096274,0.022583,-0.026871,-0.997864
10.096299,0.022781,-0.027145,-0.997894
10.106058,0.022964,-0.027298,-0.997864
10.106144,0.023132,-0.027344,-0.997742
10.106174,0.023254,-0.027267,-0.997543
10.106202,0.023346,-0.027115,-0.997253
10.106226,0.023422,-0.026917,-0.996887
10.106250,0.023453,-0.026703,-0.996490
10.106273,0.023483,-0.026489,-0.996063
10.106306,0.023514,-0.026276,-0.995636
10.116035,0.023544,-0.026093,-0.995193
10.116166,0.023560,-0.025925,-0.994797
10.116203,0.023544,-0.025757,-0.994431
10.116235,0.023514,-0.025604,-0.994095
10.116266,0.023468,-0.025452,-0.993820
10.116295,0.023376,-0.025314,-0.993622
10.116326,0.023224,-0.025223,-0.993454
10.116356,0.022995,-0.025177,-0.993729
10.126609,0.022781,-0.025070,-0.997009
10.126797,0.023071,-0.024384,-1.008499
10.126843,0.024689,-0.022324,-1.031723
10.126882,0.028427,-0.018539,-1.064545
10.126927,0.034561,-0.013504,-1.099792
10.126968,0.042648,-0.008636,-1.127228
10.127007,0.051117,-0.006470,-1.135986
10.127045,0.057388,-0.010208,-1.117371
10.136281,0.058609,-0.022736,-1.067398
10.136420,0.052521,-0.045380,-0.989059
10.136450,0.038025,-0.077240,-0.892029
10.136477,0.015610,-0.115036,-0.789856
10.136503,-0.012436,-0.153412,-0.697296
10.136529,-0.042374,-0.185730,-0.628311
10.136553,-0.069397,-0.205139,-0.593796
10.136576,-0.088547,-0.205811,-0.599243
10.146009,-0.095703,-0.184341,-0.644073
10.146117,-0.088593,-0.140869,-0.722595
10.146160,-0.067337,-0.079529,-0.825211
10.146242,-0.034302,-0.007889,-0.939667
10.146266,0.006531,0.064590,-1.052979
10.146290,0.050400,0.128448,-1.153687
10.146314,0.092575,0.175995,-1.233536
10.146347,0.129074,0.202637,-1.288101
10.156017,0.157074,0.207336,-1.316803
10.156130,0.175003,0.192429,-1.322495
10.156175,0.182434,0.162750,-1.310501
10.156213,0.179871,0.124619,-1.287064
10.156261,0.168533,0.084366,-1.258118
10.156309,0.149994,0.047241,-1.228470
10.156348,0.125900,0.016571,-1.201035
10.156384,0.097794,-0.006607,-1.176346
10.166017,0.067017,-0.023407,-1.152939
10.166126,0.034668,-0.036362,-1.128098
10.166168,0.001740,-0.048645,-1.098785
10.166218,-0.030807,-0.063004,-1.062576
10.166257,-0.061798,-0.081024,-1.018417
10.166296,-0.089859,-0.102707,-0.967178
10.166332,-0.113342,-0.126389,-0.911530
10.166376,-0.130600,-0.149155,-0.855469
10.176009,-0.140213,-0.167572,-0.803818
10.176540,-0.141220,-0.178421,-0.761444
10.176712,-0.133331,-0.179321,-0.732544
10.176762,-0.116959,-0.169327,-0.719986
10.176801,-0.093216,-0.149002,-0.724854
10.176840,-0.063812,-0.120422,-0.746292
10.176879,-0.030716,-0.086716,-0.781708
10.176918,0.003891,-0.051605,-0.827194
10.185951,0.037933,-0.018738,-0.878189
10.186121,0.069504,0.008759,-0.930069
10.186167,0.097031,0.028824,-0.978668
10.186196,0.119385,0.040436,-1.020721
10.186223,0.135803,0.043793,-1.054108
10.186249,0.146011,0.040070,-1.077850
10.186273,0.150070,0.031204,-1.092010
10.186297,0.148331,0.019440,-1.097488
10.195939,0.141388,0.007019,-1.095718
10.196058,0.129898,-0.004242,-1.088303
10.196163,0.114624,-0.013168,-1.076736
10.196205,0.096298,-0.019272,-1.062332
10.196237,0.075714,-0.022705,-1.046082
10.196265,0.053696,-0.024124,-1.028793
10.196295,0.031128,-0.024353,-1.011108
10.196323,0.008972,-0.024170,-0.993683
10.205974,-0.011688,-0.024109,-0.977203
10.206070,-0.029846,-0.024384,-0.962463
10.206105,-0.044571,-0.024994,-0.950333
10.206135,-0.055099,-0.025696,-0.941589
10.206174,-0.061020,-0.026291,-0.936920
10.206203,-0.062241,-0.026581,-0.936676
10.206231,-0.059036,-0.026550,-0.940948
10.206261,-0.051926,-0.026276,-0.949448
10.215971,-0.041702,-0.025986,-0.961548
10.216081,-0.029221,-0.025970,-0.976364
10.216114,-0.015427,-0.026505,-0.992813
10.216155,-0.001190,-0.027817,-1.009781
10.216184,0.012665,-0.029999,-1.026123
10.216213,0.025482,-0.033020,-1.040863
10.216251,0.036697,-0.036652,-1.053162
10.216281,0.045975,-0.040512,-1.062393
10.225996,0.053040,-0.044098,-1.068176
10.226686,0.057770,-0.046936,-1.070282
10.226740,0.060150,-0.048599,-1.068710
10.226782,0.060211,-0.048813,-1.063675
10.226823,0.058090,-0.047455,-1.055527
10.226861,0.054001,-0.044586,-1.044815
10.226949,0.048294,-0.040390,-1.032196
10.226988,0.041397,-0.035156,-1.018341
10.235935,0.033859,-0.029205,-1.004028
10.236057,0.026260,-0.022873,-0.989990
10.236092,0.019241,-0.016449,-0.976929
10.236565,0.013306,-0.010208,-0.965424
10.236647,0.008881,-0.004395,-0.955948
10.236682,0.006256,0.000732,-0.948822
10.236721,0.005524,0.004944,-0.944122
10.236752,0.006607,0.007950,-0.941803
10.245914,0.009308,0.009506,-0.941681
10.246060,0.013290,0.009384,-0.943497
10.246097,0.018127,0.007416,-0.946945
10.246124,0.023376,0.003555,-0.951691
10.246150,0.028580,-0.002029,-0.957382
10.246174,0.033310,-0.009094,-0.963684
10.246200,0.037247,-0.017197,-0.970291
10.246224,0.040146,-0.025818,-0.976990
10.256734,0.041885,-0.034363,-0.983566
10.256815,0.042404,-0.042236,-0.989838
10.256837,0.041702,-0.048935,-0.995651
10.256850,0.039856,-0.054062,-1.000824
10.256861,0.036987,-0.057388,-1.005249
10.256871,0.033279,-0.058868,-1.008789
10.256881,0.028931,-0.058624,-1.011429
10.256891,0.024155,-0.056854,-1.013138
10.265883,0.019226,-0.053818,-1.014008
10.265940,0.014450,-0.049774,-1.014175
10.265955,0.010101,-0.045044,-1.013794
10.265967,0.006424,-0.039841,-1.013046
10.265978,0.003632,-0.034409,-1.012115
10.265988,0.001892,-0.028946,-1.011169
10.265998,0.001282,-0.023605,-1.010345
10.266008,0.001846,-0.018555,-1.009720
10.278123,0.003555,-0.013977,-1.009323
10.278327,0.006302,-0.010010,-1.009171
10.278356,0.009964,-0.006851,-1.009171
10.278390,0.014297,-0.004639,-1.009201
10.278417,0.019058,-0.003510,-1.009155
10.278443,0.023956,-0.003555,-1.008911
10.278466,0.028687,-0.004776,-1.008377
10.278490,0.032959,-0.007141,-1.007492
10.285883,0.036514,-0.010468,-1.006226
10.286009,0.039154,-0.014572,-1.004623
10.286060,0.040787,-0.019165,-1.002731
10.286101,0.041382,-0.023972,-1.000610
10.286132,0.040970,-0.028702,-0.998367
10.286163,0.039627,-0.033051,-0.996033
10.286187,0.037506,-0.036835,-0.993637
10.286210,0.034744,-0.039856,-0.991211
10.295991,0.031494,-0.042038,-0.988724
10.296239,0.027893,-0.043365,-0.986160
10.296270,0.024109,-0.043869,-0.983505
10.296342,0.020340,-0.043686,-0.980789
10.296376,0.016739,-0.042938,-0.978027
10.296403,0.013489,-0.041763,-0.975311
10.296428,0.010727,-0.040253,-0.972809
10.296453,0.008621,-0.038544,-0.970627
10.305868,0.007278,-0.036667,-0.968948
10.306297,0.006775,-0.034683,-0.967911
10.306329,0.007111,-0.032608,-0.967590
10.306355,0.008270,-0.030472,-0.968079
10.306379,0.010178,-0.028320,-0.969345
10.306403,0.012726,-0.026260,-0.971390
10.306439,0.015747,-0.024353,-0.974091
10.306464,0.019104,-0.022705,-0.977325
10.315916,0.022644,-0.021393,-0.980957
10.316033,0.026184,-0.020493,-0.984787
10.316062,0.029556,-0.020050,-0.988647
10.316088,0.032578,-0.020081,-0.992371
10.316120,0.035095,-0.020554,-0.995819
10.316146,0.036957,-0.021408,-0.998871
10.316171,0.038086,-0.022552,-1.001434
10.316195,0.038422,-0.023926,-1.003448
10.326145,0.037979,-0.025436,-1.004837
10.326276,0.036789,-0.027008,-1.005615
10.326307,0.034943,-0.028549,-1.005783
10.326334,0.032532,-0.030045,-1.005417
10.326360,0.029709,-0.031403,-1.004608
10.326385,0.026611,-0.032578,-1.003464
10.326412,0.023392,-0.033493,-1.002060
10.326438,0.020218,-0.034103,-1.000519
10.336404,0.017227,-0.034409,-0.998932
10.336526,0.014572,-0.034363,-0.997437
10.336556,0.012405,-0.033981,-0.996094
10.336709,0.010834,-0.033264,-0.994995
10.336740,0.009918,-0.032257,-0.994217
10.336777,0.009659,-0.030991,-0.993774
10.336803,0.010071,-0.029556,-0.993713
10.336844,0.011047,-0.027985,-0.993973
10.345894,0.012512,-0.026382,-0.994522
10.346028,0.014343,-0.024811,-0.995255
10.346057,0.016403,-0.023361,-0.996078
10.346084,0.018570,-0.022064,-0.996933
10.346110,0.020737,-0.021011,-0.997726
10.346135,0.022797,-0.020233,-0.998398
10.346167,0.024658,-0.019806,-0.998901
10.346194,0.026260,-0.019760,-0.999191
10.355807,0.027542,-0.020096,-0.999252
10.355933,0.028442,-0.020782,-0.999069
10.355967,0.028961,-0.021744,-0.998642
10.356001,0.029129,-0.022903,-0.998001
10.356031,0.028976,-0.024139,-0.997162
10.356062,0.028549,-0.025375,-0.996185
10.356092,0.027924,-0.026520,-0.995148
10.356121,0.027176,-0.027512,-0.994110
10.365807,0.026398,-0.028275,-0.993164
10.365928,0.025620,-0.028839,-0.992355
10.365963,0.024872,-0.029129,-0.991760
10.366003,0.024200,-0.029144,-0.991425
10.366034,0.023605,-0.028870,-0.991394
10.366064,0.023102,-0.028290,-0.991669
10.366092,0.022736,-0.027435,-0.992249
10.366121,0.022491,-0.026382,-0.993073
10.375997,0.022369,-0.025238,-0.994095
10.376138,0.022339,-0.024078,-0.995285
10.376477,0.022369,-0.023026,-0.996536
10.376521,0.022369,-0.022156,-0.997787
10.376708,0.022339,-0.021515,-0.998932
10.376753,0.022247,-0.021164,-0.999908
10.376791,0.022064,-0.021072,-1.000687
10.376829,0.021835,-0.021255,-1.001221
10.385909,0.021545,-0.021683,-1.001480
10.386073,0.021225,-0.022324,-1.001480
10.386133,0.020859,-0.023132,-1.001251
10.386186,0.020508,-0.024078,-1.000824
10.386239,0.020157,-0.025085,-1.000275
10.386289,0.019852,-0.026108,-0.999664
10.386341,0.019623,-0.027084,-0.999084
10.386392,0.019501,-0.027939,-0.998550
10.395781,0.019531,-0.028610,-0.998093
10.395893,0.019699,-0.029037,-0.997742
10.395923,0.020035,-0.029221,-0.997452
10.395950,0.020523,-0.029175,-0.997223
10.395975,0.021149,-0.028915,-0.997025
10.395999,0.021866,-0.028488,-0.996857
10.396024,0.022644,-0.027985,-0.996674
10.396050,0.023438,-0.027420,-0.996460
10.405767,0.024246,-0.026871,-0.996216
10.405882,0.025009,-0.026352,-0.995911
10.405959,0.025696,-0.025909,-0.995575
10.405988,0.026276,-0.025558,-0.995224
10.406012,0.026703,-0.025345,-0.994843
10.406038,0.026962,-0.025253,-0.994461
10.406062,0.027023,-0.025284,-0.994049
10.406085,0.026886,-0.025436,-0.993622
10.415768,0.026535,-0.025711,-0.993179
10.415937,0.025970,-0.026093,-0.992706
10.415999,0.025223,-0.026520,-0.992233
10.416063,0.024353,-0.026947,-0.991745
10.416116,0.023422,-0.027344,-0.991257
10.416166,0.022522,-0.027695,-0.990768
10.416229,0.021667,-0.027969,-0.990311
10.416281,0.020935,-0.028168,-0.989899
10.425732,0.020355,-0.028290,-0.989517
10.425925,0.019943,-0.028381,-0.989212
10.426275,0.019730,-0.028458,-0.988968
10.426318,0.019669,-0.028534,-0.988800
10.426372,0.019760,-0.028671,-0.988739
10.426400,0.019989,-0.028854,-0.988800
10.426425,0.020325,-0.029068,-0.988998
10.426770,0.020767,-0.029297,-0.989349
10.435822,0.021255,-0.029480,-0.989853
10.436462,0.021805,-0.029587,-0.990463
10.436498,0.022369,-0.029617,-0.991150
10.436525,0.022934,-0.029541,-0.991837
10.436552,0.023468,-0.029373,-0.992432
10.436576,0.023941,-0.029160,-0.992905
10.436716,0.024353,-0.028931,-0.993195
10.436746,0.024673,-0.028732,-0.993332
10.447009,0.024887,-0.028564,-0.993301
10.447294,0.025009,-0.028427,-0.993179
10.447329,0.025070,-0.028305,-0.992996
10.447355,0.025040,-0.028152,-0.992798
10.447380,0.024963,-0.027969,-0.992630
10.447403,0.024811,-0.027756,-0.992508
10.447435,0.024582,-0.027527,-0.992401
10.447460,0.024292,-0.027328,-0.992279
10.455690,0.023926,-0.027145,-0.992142
10.455782,0.023514,-0.026978,-0.991974
10.455810,0.023071,-0.026825,-0.991791
10.455837,0.022629,-0.026703,-0.991592
10.455863,0.022247,-0.026581,-0.991440
10.455886,0.021912,-0.026489,-0.991348
10.455910,0.021652,-0.026413,-0.991348
10.455935,0.021454,-0.026382,-0.991440
10.465714,0.021317,-0.026398,-0.991638
10.465818,0.021271,-0.026474,-0.991898
10.465846,0.021286,-0.026627,-0.992203
10.465872,0.021408,-0.026825,-0.992523
10.465899,0.021606,-0.027054,-0.992844
10.465924,0.021881,-0.027283,-0.993179
10.465947,0.022186,-0.027451,-0.993561
10.465973,0.022476,-0.027542,-0.993988
10.475708,0.022766,-0.027512,-0.994492
10.475814,0.022995,-0.027328,-0.995041
10.475848,0.023193,-0.027008,-0.995636
10.475905,0.023361,-0.026611,-0.996231
10.475956,0.023499,-0.026154,-0.996780
10.476392,0.023621,-0.025681,-0.997269
10.476425,0.023727,-0.025238,-0.997681
10.476464,0.023804,-0.024857,-0.998016
10.485949,0.023865,-0.024582,-0.998260
10.486323,0.023911,-0.024399,-0.998444
10.486368,0.023895,-0.024292,-0.998550
10.486394,0.023834,-0.024216,-0.998611
10.486420,0.023727,-0.024170,-0.998627
10.486444,0.023605,-0.024139,-0.998596
10.486476,0.023483,-0.024124,-0.998520
10.486503,0.023376,-0.024124,-0.998413
10.495795,0.023300,-0.024078,-0.998306
10.495972,0.023224,-0.023987,-0.998215
10.496018,0.023148,-0.023849,-0.998108
10.496060,0.023056,-0.023682,-0.998016
10.496087,0.022934,-0.023544,-0.997940
10.496112,0.022781,-0.023453,-0.997879
10.496146,0.022614,-0.023468,-0.997833
10.496170,0.022476,-0.023621,-0.997787
10.505666,0.022385,-0.023956,-0.997742
10.505752,0.022324,-0.024445,-0.997665
10.505775,0.022308,-0.025070,-0.997528
10.505791,0.022308,-0.025757,-0.997360
10.505803,0.022293,-0.026428,-0.997131
10.505814,0.022247,-0.027023,-0.996872
10.505823,0.022156,-0.027542,-0.996597
10.505833,0.022018,-0.027939,-0.996338
10.515671,0.021866,-0.028259,-0.996094
10.515795,0.021698,-0.028503,-0.995880
10.515831,0.021576,-0.028702,-0.995712
10.515859,0.021530,-0.028854,-0.995575
10.515884,0.021561,-0.028961,-0.995468
10.515910,0.021683,-0.029007,-0.995422
10.515934,0.021912,-0.028961,-0.995407
10.515957,0.022217,-0.028839,-0.995422
10.525804,0.022644,-0.028656,-0.995453
10.525983,0.023132,-0.028458,-0.995453
10.526047,0.023697,-0.028305,-0.995407
10.526108,0.024277,-0.028214,-0.995316
10.526163,0.024841,-0.028198,-0.995148
10.526216,0.025345,-0.028259,-0.994888
10.526269,0.025757,-0.028351,-0.994537
10.526331,0.026031,-0.028458,-0.994095
10.537138,0.026123,-0.028488,-0.993576
10.537267,0.026031,-0.028427,-0.993027
10.537298,0.025757,-0.028259,-0.992508
10.537323,0.025314,-0.027969,-0.992050
10.537416,0.024719,-0.027542,-0.991699
10.537444,0.023987,-0.027054,-0.991455
10.537476,0.023148,-0.026520,-0.991348
10.537503,0.022278,-0.025986,-0.991348
10.545638,0.021378,-0.025543,-0.991425
10.545765,0.020538,-0.025238,-0.991562
10.545809,0.019806,-0.025085,-0.991714
10.545858,0.019226,-0.025116,-0.991882
10.545898,0.018860,-0.025314,-0.992081
10.545935,0.018707,-0.025665,-0.992294
10.545982,0.018753,-0.026138,-0.992569
10.546019,0.019012,-0.026703,-0.992889
10.555632,0.019424,-0.027313,-0.993286
10.555799,0.019989,-0.027969,-0.993744
10.555901,0.020676,-0.028580,-0.994217
10.555963,0.021408,-0.029129,-0.994675
10.555998,0.022156,-0.029572,-0.995071
10.556026,0.022858,-0.029877,-0.995361
10.556053,0.023468,-0.030014,-0.995529
10.556077,0.023956,-0.029999,-0.995560
10.565636,0.024277,-0.029861,-0.995438
10.565720,0.024445,-0.029617,-0.995148
10.565747,0.024460,-0.029327,-0.994720
10.565780,0.024307,-0.029037,-0.994171
10.565806,0.024033,-0.028793,-0.993515
10.565830,0.023682,-0.028625,-0.992828
10.565855,0.023315,-0.028519,-0.992157
10.565879,0.022964,-0.028488,-0.991547
10.575599,0.022659,-0.028503,-0.991043
10.575717,0.022385,-0.028564,-0.990677
10.575809,0.022202,-0.028641,-0.990479
10.575838,0.022095,-0.028732,-0.990417
10.575863,0.022095,-0.028824,-0.990479
10.575888,0.022202,-0.028900,-0.990601
10.575913,0.022385,-0.028931,-0.990768
10.575938,0.022614,-0.028900,-0.990997
10.585609,0.022873,-0.028778,-0.991257
10.585768,0.023148,-0.028564,-0.991577
10.585825,0.023422,-0.028259,-0.991928
10.585878,0.023697,-0.027908,-0.992294
10.585931,0.023941,-0.027512,-0.992706
10.586053,0.024124,-0.027161,-0.993134
10.586104,0.024231,-0.026855,-0.993546
10.586156,0.024261,-0.026657,-0.993912
10.595655,0.024200,-0.026566,-0.994202
10.595789,0.024048,-0.026581,-0.994385
10.595824,0.023834,-0.026672,-0.994476
10.595857,0.023575,-0.026794,-0.994492
10.595888,0.023331,-0.026932,-0.994476
10.595920,0.023117,-0.027054,-0.994492
10.595949,0.022964,-0.027130,-0.994553
10.595978,0.022919,-0.027145,-0.994644
10.605604,0.022934,-0.027115,-0.994781
10.605699,0.023010,-0.027069,-0.994965
10.605729,0.023102,-0.027023,-0.995178
10.605756,0.023193,-0.027008,-0.995438
10.605794,0.023315,-0.027039,-0.995758
10.605819,0.023453,-0.027115,-0.996124
10.605843,0.023621,-0.027206,-0.996536
10.605868,0.023834,-0.027267,-0.996964
10.615606,0.024048,-0.027252,-0.997406
10.615699,0.024277,-0.027130,-0.997787
10.615730,0.024445,-0.026917,-0.998077
10.615758,0.024536,-0.026642,-0.998276
10.615783,0.024536,-0.026337,-0.998352
10.615807,0.024475,-0.026016,-0.998306
10.615831,0.024323,-0.025726,-0.998123
10.615858,0.024124,-0.025467,-0.997849
10.625536,0.023849,-0.025208,-0.997498
10.625647,0.023560,-0.024963,-0.997101
10.625677,0.023270,-0.024734,-0.996704
10.625704,0.022964,-0.024506,-0.996307
10.625729,0.022690,-0.024277,-0.995926
10.625752,0.022430,-0.024078,-0.995560
10.625784,0.022232,-0.023911,-0.995209
10.625907,0.022049,-0.023788,-0.994888
10.635533,0.021912,-0.023743,-0.994614
10.635629,0.021820,-0.023727,-0.994400
10.635657,0.021744,-0.023788,-0.994247
10.635692,0.021744,-0.023880,-0.994171
10.635716,0.021805,-0.024033,-0.994186
10.635740,0.021927,-0.024231,-0.994247
10.635765,0.022141,-0.024429,-0.994354
10.635821,0.022400,-0.024643,-0.994507
10.645899,0.022705,-0.024857,-0.994705
10.646016,0.023026,-0.025040,-0.994919
10.646059,0.023300,-0.025223,-0.995193
10.646091,0.023544,-0.025391,-0.995499
10.646264,0.023682,-0.025543,-0.995834
10.646299,0.023743,-0.025681,-0.996170
10.646331,0.023712,-0.025772,-0.996429
10.646363,0.023590,-0.025848,-0.996597
10.655506,0.023422,-0.025879,-0.996613
10.655607,0.023163,-0.025864,-0.996490
10.655638,0.022858,-0.025772,-0.996216
10.655677,0.022522,-0.025620,-0.995804
10.655714,0.022171,-0.025436,-0.995300
10.655745,0.021866,-0.025253,-0.994751
10.655782,0.021606,-0.025070,-0.994217
10.655813,0.021423,-0.024918,-0.993759
10.665486,0.021301,-0.024796,-0.993393
10.683698,0.021240,-0.024719,-0.993103
10.683962,0.021240,-0.024689,-0.992874
10.684029,0.021286,-0.024734,-0.992722
10.684097,0.021378,-0.024857,-0.992661
10.684128,0.021393,-0.024994,-0.992950
10.684274,0.020996,-0.025040,-0.994598
10.684300,0.019379,-0.024857,-1.000336
10.684323,0.015732,-0.024170,-1.015366
10.684356,0.010422,-0.022156,-1.045303
10.684389,0.005630,-0.017075,-1.090515
10.684417,0.004410,-0.007523,-1.142578
10.684775,0.008789,0.005737,-1.187653
10.685436,0.018784,0.019348,-1.211365
10.685468,0.032364,0.028168,-1.201935
10.685493,0.045868,0.026764,-1.153366
10.685519,0.054810,0.010696,-1.067963
10.685543,0.055267,-0.022034,-0.955231
10.685567,0.045258,-0.069962,-0.828888
10.685591,0.025131,-0.127777,-0.704666
10.685614,-0.002396,-0.186737,-0.598724
10.685637,-0.032745,-0.235794,-0.525391
10.685660,-0.060120,-0.263672,-0.495331
10.685683,-0.078857,-0.261841,-0.513992
10.695489,-0.084869,-0.227081,-0.580185
10.695629,-0.076385,-0.162537,-0.685471
10.695676,-0.054138,-0.076752,-0.815613
10.695718,-0.021072,0.018158,-0.954132
10.695756,0.018311,0.109268,-1.085754
10.695794,0.059006,0.185120,-1.198212
10.695833,0.096313,0.237503,-1.283279
10.695871,0.126541,0.262222,-1.337372
10.705413,0.147308,0.259186,-1.361191
10.705495,0.157715,0.232040,-1.358658
10.705523,0.158203,0.187500,-1.336212
10.705548,0.150223,0.133881,-1.301788
10.705572,0.135727,0.079483,-1.263321
10.705598,0.116821,0.030945,-1.226898
10.705622,0.095306,-0.007828,-1.195541
10.705645,0.072433,-0.036011,-1.169113
10.715387,0.048859,-0.055344,-1.144928
10.715443,0.024841,-0.069305,-1.118958
10.715475,0.000519,-0.081879,-1.087433
10.715506,-0.023666,-0.096481,-1.047958
10.715536,-0.046906,-0.115036,-0.999802
10.715565,-0.067780,-0.137604,-0.943970
10.715596,-0.084549,-0.162186,-0.883423
10.715625,-0.095413,-0.185333,-0.823044
10.725486,-0.098938,-0.202835,-0.768723
10.725589,-0.094299,-0.210815,-0.726212
10.725625,-0.081436,-0.206635,-0.700058
10.725655,-0.061157,-0.189621,-0.692871
10.725685,-0.034958,-0.161041,-0.705032
10.725715,-0.004883,-0.123901,-0.734726
10.725746,0.026688,-0.082275,-0.778320
10.725777,0.057465,-0.040588,-0.831192
10.735437,0.085236,-0.003098,-0.888367
10.735566,0.108261,0.026794,-0.945068
10.735600,0.125275,0.046906,-0.997025
10.735631,0.135590,0.056458,-1.040878
10.735663,0.139069,0.056183,-1.074570
10.735691,0.136017,0.048050,-1.097504
10.735720,0.127151,0.034821,-1.110291
10.735750,0.113403,0.019455,-1.114212
10.745889,0.095810,0.004578,-1.110825
10.746343,0.075531,-0.007904,-1.101791
10.746385,0.053604,-0.017044,-1.088684
10.746417,0.031036,-0.022736,-1.072708
10.746483,0.008728,-0.025497,-1.054764
10.746523,-0.012497,-0.026260,-1.035583
10.746726,-0.031860,-0.026016,-1.015915
10.746783,-0.048553,-0.025604,-0.996552
10.756428,-0.061798,-0.025558,-0.978317
10.756513,-0.070908,-0.026031,-0.962082
10.756538,-0.075302,-0.026901,-0.948776
10.756552,-0.074753,-0.027771,-0.939301
10.756563,-0.069275,-0.028198,-0.934387
10.756574,-0.059265,-0.027802,-0.934372
10.756584,-0.045471,-0.026398,-0.939240
10.756594,-0.028793,-0.024094,-0.948608
10.765406,-0.010361,-0.021271,-0.961731
10.765510,0.008743,-0.018494,-0.977524
10.765541,0.027420,-0.016357,-0.994675
10.765568,0.044739,-0.015427,-1.011871
10.765592,0.059860,-0.016037,-1.027954
10.765617,0.072174,-0.018295,-1.042007
10.765648,0.081268,-0.022110,-1.053268
10.765674,0.086929,-0.027130,-1.061157
10.775400,0.089066,-0.032883,-1.065323
10.775518,0.087753,-0.038818,-1.065598
10.775548,0.083191,-0.044357,-1.062103
10.775574,0.075668,-0.048904,-1.055145
10.775598,0.065613,-0.052063,-1.045242
10.775621,0.053589,-0.053528,-1.033051
10.775653,0.040222,-0.053268,-1.019333
10.775679,0.026260,-0.051300,-1.004852
10.785422,0.012497,-0.047806,-0.990402
10.785741,-0.000229,-0.042953,-0.976746
10.785781,-0.011200,-0.036987,-0.964600
10.785808,-0.019745,-0.030151,-0.954620
10.785833,-0.025345,-0.022766,-0.947296
10.785865,-0.027740,-0.015213,-0.942886
10.785891,-0.026840,-0.007858,-0.941452
10.785915,-0.022797,-0.001175,-0.942902
10.795381,-0.015991,0.004425,-0.946930
10.795578,-0.006943,0.008575,-0.953156
10.795618,0.003647,0.010910,-0.960983
10.795650,0.015060,0.011246,-0.969879
10.795681,0.026489,0.009506,-0.979248
10.795711,0.037247,0.005783,-0.988571
10.795741,0.046722,0.000336,-0.997375
10.795771,0.054443,-0.006378,-1.005280
10.805501,0.060104,-0.013855,-1.012039
10.805872,0.063507,-0.021515,-1.017487
10.805918,0.064590,-0.028824,-1.021545
10.805959,0.063431,-0.035339,-1.024155
10.805992,0.060196,-0.040710,-1.025330
10.806063,0.055130,-0.044708,-1.025116
10.806096,0.048538,-0.047272,-1.023636
10.806127,0.040787,-0.048401,-1.021057
10.815334,0.032318,-0.048172,-1.017593
10.815432,0.023560,-0.046722,-1.013519
10.815467,0.014969,-0.044205,-1.009186
10.815499,0.006973,-0.040787,-1.004929
10.815529,0.000015,-0.036667,-1.001038
10.815558,-0.005585,-0.032013,-0.997787
10.815587,-0.009567,-0.027054,-0.995361
10.815625,-0.011765,-0.022003,-0.993927
10.825488,-0.012085,-0.017120,-0.993515
10.826088,-0.010605,-0.012634,-0.994003
10.826148,-0.007477,-0.008820,-0.995209
10.826177,-0.002945,-0.005951,-0.996887
10.826204,0.002686,-0.004227,-0.998795
10.826228,0.009048,-0.003830,-1.000641
10.826252,0.015778,-0.004776,-1.002228
10.826276,0.022446,-0.007019,-1.003357
10.835516,0.028717,-0.010422,-1.003937
10.835967,0.034302,-0.014740,-1.003891
10.835997,0.038940,-0.019669,-1.003250
10.836026,0.042496,-0.024887,-1.002045
10.836052,0.044876,-0.030029,-1.000351
10.836076,0.046097,-0.034760,-0.998215
10.836102,0.046188,-0.038803,-0.995728
10.836126,0.045227,-0.041962,-0.992981
10.845963,0.043335,-0.044098,-0.990005
10.846088,0.040619,-0.045197,-0.986862
10.846119,0.037262,-0.045334,-0.983627
10.846145,0.033432,-0.044601,-0.980392
10.846172,0.029312,-0.043198,-0.977234
10.846240,0.025085,-0.041306,-0.974274
10.846283,0.020981,-0.039154,-0.971664
10.846319,0.017181,-0.036880,-0.969513
10.855314,0.013885,-0.034637,-0.967957
10.855421,0.011261,-0.032516,-0.967072
10.855456,0.009445,-0.030579,-0.966904
10.855494,0.008530,-0.028870,-0.967438
10.855526,0.008514,-0.027420,-0.968643
10.855557,0.009369,-0.026245,-0.970474
10.855585,0.011017,-0.025345,-0.972839
10.855615,0.013321,-0.024765,-0.975632
10.865294,0.016083,-0.024490,-0.978775
10.865406,0.019089,-0.024521,-0.982162
10.865441,0.022125,-0.024826,-0.985626
10.865471,0.025009,-0.025345,-0.989029
10.865503,0.027573,-0.026031,-0.992264
10.865532,0.029663,-0.026825,-0.995209
10.865561,0.031219,-0.027649,-0.997757
10.865591,0.032181,-0.028488,-0.999878
10.875258,0.032562,-0.029312,-1.001480
10.875378,0.032379,-0.030060,-1.002563
10.875414,0.031693,-0.030762,-1.003113
10.875444,0.030609,-0.031387,-1.003159
10.875473,0.029221,-0.031921,-1.002747
10.875511,0.027634,-0.032349,-1.001984
10.875571,0.025970,-0.032623,-1.000946
10.875602,0.024277,-0.032745,-0.999756
10.885309,0.022614,-0.032684,-0.998474
10.885460,0.021057,-0.032471,-0.997177
10.885503,0.019653,-0.032120,-0.995926
10.885553,0.018433,-0.031662,-0.994797
10.885591,0.017456,-0.031143,-0.993851
10.885630,0.016769,-0.030518,-0.993149
10.885666,0.016403,-0.029800,-0.992722
10.885702,0.016373,-0.028961,-0.992615
10.895259,0.016678,-0.027985,-0.992798
10.895453,0.017303,-0.026901,-0.993225
10.895484,0.018219,-0.025772,-0.993820
10.895510,0.019348,-0.024612,-0.994476
10.895544,0.020584,-0.023544,-0.995132
10.895570,0.021866,-0.022644,-0.995728
10.895593,0.023056,-0.021973,-0.996201
10.895618,0.024109,-0.021576,-0.996475
10.905306,0.024948,-0.021469,-0.996521
10.905406,0.025528,-0.021606,-0.996323
10.905439,0.025833,-0.021988,-0.995880
10.905470,0.025864,-0.022568,-0.995239
10.905508,0.025620,-0.023270,-0.994461
10.905539,0.025101,-0.024048,-0.993607
10.905568,0.024399,-0.024872,-0.992783
10.905603,0.023605,-0.025650,-0.992050
10.915257,0.022781,-0.026352,-0.991486
10.915357,0.022049,-0.026932,-0.991104
10.915394,0.021515,-0.027328,-0.990936
10.915425,0.021194,-0.027496,-0.990997
10.915456,0.021103,-0.027420,-0.991333
10.915486,0.021240,-0.027130,-0.991959
10.915515,0.021561,-0.026642,-0.992859
10.915555,0.021988,-0.026016,-0.994034
10.925278,0.022491,-0.025314,-0.995377
10.925404,0.023010,-0.024597,-0.996857
10.925442,0.023499,-0.023926,-0.998367
10.925475,0.023911,-0.023315,-0.999847
10.925505,0.024246,-0.022858,-1.001236
10.925534,0.024460,-0.022537,-1.002472
10.925563,0.024567,-0.022385,-1.003479
10.925600,0.024536,-0.022400,-1.004227
10.935267,0.024384,-0.022583,-1.004684
10.935411,0.024094,-0.022903,-1.004883
10.935458,0.023666,-0.023331,-1.004776
10.935499,0.023148,-0.023849,-1.004410
10.935537,0.022552,-0.024414,-1.003815
10.935577,0.021942,-0.024963,-1.003021
10.935615,0.021378,-0.025467,-1.002090
10.935957,0.020889,-0.025894,-1.001099
10.945550,0.020508,-0.026184,-1.000107
10.946271,0.020248,-0.026352,-0.999176
10.946310,0.020096,-0.026382,-0.998337
10.946344,0.020050,-0.026276,-0.997574
10.946374,0.020065,-0.026093,-0.996902
10.946410,0.020172,-0.025848,-0.996307
10.946442,0.020355,-0.025589,-0.995804
10.946471,0.020630,-0.025330,-0.995377
10.955206,0.021011,-0.025101,-0.995041
10.955326,0.021484,-0.024948,-0.994797
10.955354,0.022049,-0.024887,-0.994644
10.955387,0.022644,-0.024918,-0.994568
10.955414,0.023224,-0.025024,-0.994553
10.955439,0.023712,-0.025223,-0.994568
10.955466,0.024109,-0.025513,-0.994537
10.955489,0.024338,-0.025925,-0.994461
10.965199,0.024384,-0.026398,-0.994293
10.965322,0.024277,-0.026932,-0.994034
10.965358,0.024017,-0.027496,-0.993652
10.965393,0.023697,-0.028046,-0.993179
10.965432,0.023331,-0.028534,-0.992645
10.965464,0.022964,-0.028931,-0.992050
10.965494,0.022629,-0.029205,-0.991470
10.965525,0.022324,-0.029343,-0.990921
10.975211,0.022049,-0.029358,-0.990402
10.975406,0.021835,-0.029266,-0.989944
10.975454,0.021713,-0.029129,-0.989548
10.975920,0.021683,-0.028961,-0.989197
10.975997,0.021759,-0.028778,-0.988922
10.976045,0.021912,-0.028595,-0.988739
10.976084,0.022095,-0.028427,-0.988647
10.976120,0.022278,-0.028275,-0.988632
10.985334,0.022415,-0.028152,-0.988693
10.985467,0.022507,-0.028030,-0.988831
10.985520,0.022552,-0.027939,-0.989014
10.985558,0.022568,-0.027878,-0.989243
10.985608,0.022568,-0.027878,-0.989487
10.985645,0.022583,-0.027924,-0.989746
10.985691,0.022644,-0.028030,-0.990005
10.985730,0.022736,-0.028214,-0.990280
10.995423,0.022873,-0.028473,-0.990524
10.995593,0.023041,-0.028809,-0.990753
10.995623,0.023209,-0.029175,-0.990906
10.995651,0.023346,-0.029526,-0.990997
10.995815,0.023422,-0.029861,-0.991013
10.995958,0.023392,-0.030151,-0.990967
10.995985,0.023270,-0.030396,-0.990829
10.996012,0.023071,-0.030609,-0.990631
11.006134,0.022812,-0.030762,-0.990387
11.006270,0.022522,-0.030853,-0.990143
11.006299,0.022232,-0.030853,-0.989929
11.006332,0.021988,-0.030762,-0.989761
11.006359,0.021820,-0.030548,-0.989655
11.006384,0.021744,-0.030228,-0.989639
11.006410,0.021774,-0.029816,-0.989731
11.006433,0.021912,-0.029327,-0.989899
11.015169,0.022110,-0.028824,-0.990158
11.015306,0.022369,-0.028305,-0.990448
11.015352,0.022659,-0.027802,-0.990768
11.015391,0.022934,-0.027344,-0.991104
11.015429,0.023178,-0.026962,-0.991440
11.015478,0.023392,-0.026672,-0.991791
11.015517,0.023529,-0.026474,-0.992111
11.015555,0.023636,-0.026337,-0.992432
11.025173,0.023697,-0.026276,-0.992737
11.025274,0.023697,-0.026276,-0.993042
11.025301,0.023621,-0.026352,-0.993378
11.025326,0.023483,-0.026474,-0.993713
11.025351,0.023239,-0.026657,-0.994064
11.025375,0.022964,-0.026886,-0.994400
11.025406,0.022644,-0.027130,-0.994736
11.025432,0.022339,-0.027359,-0.995071
11.035317,0.022049,-0.027527,-0.995392
11.035463,0.021790,-0.027603,-0.995712
11.035511,0.021622,-0.027542,-0.996048
11.035553,0.021530,-0.027344,-0.996399
11.035592,0.021545,-0.027039,-0.996780
11.035629,0.021652,-0.026627,-0.997162
11.035666,0.021790,-0.026184,-0.997559
11.035705,0.021927,-0.025757,-0.997955
11.045151,0.022034,-0.025345,-0.998367
11.045263,0.022125,-0.025009,-0.998749
11.045294,0.022217,-0.024734,-0.999084
11.045322,0.022324,-0.024536,-0.999329
11.045346,0.022461,-0.024414,-0.999466
11.045370,0.022629,-0.024338,-0.999496
11.045394,0.022781,-0.024307,-0.999451
11.045421,0.022919,-0.024292,-0.999374
11.055199,0.023026,-0.024292,-0.999283
11.055379,0.023102,-0.024277,-0.999176
11.055415,0.023132,-0.024231,-0.999054
11.055448,0.023117,-0.024124,-0.998932
11.055477,0.023071,-0.023956,-0.998764
11.055506,0.022949,-0.023743,-0.998566
11.055541,0.022766,-0.023499,-0.998322
11.055572,0.022522,-0.023239,-0.998032
11.065192,0.022217,-0.022995,-0.997726
11.065292,0.021912,-0.022827,-0.997406
11.065323,0.021622,-0.022751,-0.997101
11.065349,0.021378,-0.022797,-0.996765
11.065382,0.021194,-0.022980,-0.996445
11.065409,0.021103,-0.023285,-0.996124
11.065433,0.021118,-0.023666,-0.995819
11.065457,0.021240,-0.024109,-0.995575
11.075560,0.021469,-0.024567,-0.995407
11.075670,0.021790,-0.025009,-0.995331
11.075699,0.022156,-0.025436,-0.995316
11.075724,0.022552,-0.025848,-0.995361
11.075748,0.022903,-0.026230,-0.995422
11.075775,0.023209,-0.026566,-0.995438
11.075801,0.023468,-0.026871,-0.995407
11.075911,0.023666,-0.027115,-0.995300
11.085118,0.023804,-0.027283,-0.995163
11.085280,0.023865,-0.027344,-0.995026
11.085328,0.023880,-0.027328,-0.994919
11.085370,0.023819,-0.027237,-0.994858
11.085408,0.023682,-0.027100,-0.994843
11.085454,0.023468,-0.026947,-0.994827
11.085494,0.023163,-0.026810,-0.994797
11.085530,0.022827,-0.026718,-0.994690
11.095360,0.022491,-0.026672,-0.994522
11.095522,0.022217,-0.026718,-0.994278
11.095569,0.022034,-0.026825,-0.994019
11.095610,0.021942,-0.027023,-0.993759
11.095648,0.021957,-0.027283,-0.993561
11.095686,0.022003,-0.027588,-0.993408
11.095877,0.022064,-0.027893,-0.993317
11.095936,0.022079,-0.028183,-0.993240
11.105052,0.022064,-0.028458,-0.993149
11.105174,0.022003,-0.028687,-0.993027
11.105204,0.021912,-0.028885,-0.992844
11.105229,0.021805,-0.029037,-0.992599
11.105254,0.021744,-0.029144,-0.992340
11.105278,0.021729,-0.029175,-0.992081
11.105303,0.021790,-0.029114,-0.991852
11.105329,0.021896,-0.028992,-0.991669
11.115059,0.022049,-0.028809,-0.991547
11.115201,0.022247,-0.028625,-0.991455
11.115236,0.022461,-0.028488,-0.991364
11.115267,0.022675,-0.028412,-0.991272
11.115297,0.022873,-0.028442,-0.991104
11.115336,0.023041,-0.028564,-0.990891
11.115367,0.023193,-0.028748,-0.990585
11.115396,0.023331,-0.028931,-0.990250
11.125096,0.023453,-0.029114,-0.989899
11.125207,0.023544,-0.029236,-0.989563
11.125243,0.023621,-0.029282,-0.989273
11.125276,0.023666,-0.029221,-0.989044
11.125307,0.023697,-0.029083,-0.988892
11.125338,0.023697,-0.028885,-0.988815
11.125369,0.023682,-0.028671,-0.988831
11.125397,0.023666,-0.028488,-0.988907
11.135051,0.023666,-0.028320,-0.989059
11.135204,0.023666,-0.028198,-0.989288
11.135250,0.023697,-0.028076,-0.989609
11.135290,0.023727,-0.027985,-0.989990
11.135502,0.023773,-0.027878,-0.990448
11.135531,0.023788,-0.027786,-0.990936
11.135554,0.023773,-0.027710,-0.991425
11.135578,0.023697,-0.027649,-0.991882
11.145366,0.023575,-0.027603,-0.992294
11.145484,0.023422,-0.027573,-0.992645
11.145514,0.023285,-0.027557,-0.992935
11.145542,0.023163,-0.027542,-0.993179
11.145568,0.023056,-0.027512,-0.993362
11.145592,0.022995,-0.027405,-0.993530
11.145616,0.022949,-0.027252,-0.993652
11.145648,0.022919,-0.027039,-0.993790
11.154987,0.022903,-0.026779,-0.993927
11.155094,0.022903,-0.026520,-0.994095
11.155129,0.022903,-0.026306,-0.994293
11.155154,0.022919,-0.026154,-0.994492
11.155178,0.022949,-0.026047,-0.994675
11.155209,0.022995,-0.026001,-0.994873
11.155236,0.023056,-0.025955,-0.995071
11.155259,0.023117,-0.025879,-0.995239
11.164980,0.023209,-0.025757,-0.995377
11.165093,0.023270,-0.025574,-0.995483
11.165129,0.023331,-0.025345,-0.995560
11.165161,0.023376,-0.025101,-0.995605
11.165189,0.023407,-0.024872,-0.995636
11.165218,0.023422,-0.024704,-0.995651
11.165256,0.023407,-0.024582,-0.995651
11.165287,0.023331,-0.024521,-0.995636
11.175020,0.023193,-0.024506,-0.995636
11.175128,0.023026,-0.024521,-0.995667
11.175171,0.022842,-0.024536,-0.995728
11.175210,0.022690,-0.024567,-0.995834
11.175248,0.022598,-0.024597,-0.995987
11.175285,0.022598,-0.024643,-0.996170
11.175322,0.022659,-0.024704,-0.996384
11.175358,0.022781,-0.024780,-0.996582
11.185016,0.022934,-0.024872,-0.996750
11.185167,0.023117,-0.024948,-0.996887
11.185220,0.023315,-0.024994,-0.996979
11.185261,0.023529,-0.024994,-0.997025
11.185298,0.023712,-0.024963,-0.997025
11.185347,0.023880,-0.024918,-0.997025
11.185383,0.023987,-0.024857,-0.997040
11.185428,0.024017,-0.024796,-0.997025
11.195263,0.024002,-0.024780,-0.997009
11.195401,0.023895,-0.024811,-0.996933
11.195433,0.023727,-0.024902,-0.996826
11.195459,0.023499,-0.025040,-0.996674
11.195493,0.023239,-0.025208,-0.996475
11.195627,0.022980,-0.025421,-0.996246
11.195667,0.022736,-0.025604,-0.995972
11.195844,0.022537,-0.025757,-0.995682
11.204966,0.022415,-0.025848,-0.995438
11.205074,0.022339,-0.025879,-0.995239
11.205110,0.022324,-0.025879,-0.995117
11.205141,0.022324,-0.025833,-0.995041
11.205173,0.022339,-0.025803,-0.994980
11.205210,0.022354,-0.025772,-0.994934
11.205247,0.022385,-0.025787,-0.994888
11.205279,0.022400,-0.025833,-0.994858
11.214963,0.022430,-0.025909,-0.994827
11.215077,0.022476,-0.026047,-0.994766
11.215114,0.022522,-0.026184,-0.994705
11.215146,0.022568,-0.026352,-0.994614
11.215175,0.022568,-0.026535,-0.994537
11.215206,0.022537,-0.026733,-0.994476
11.215235,0.022491,-0.026947,-0.994385
11.215265,0.022415,-0.027176,-0.994247
11.224943,0.022369,-0.027420,-0.994064
11.225056,0.022339,-0.027649,-0.993835
11.225091,0.022369,-0.027863,-0.993561
11.225121,0.022461,-0.028046,-0.993256
11.225151,0.022583,-0.028183,-0.992950
11.225180,0.022736,-0.028259,-0.992630
11.225210,0.022873,-0.028290,-0.992310
11.225239,0.022980,-0.028244,-0.991943
11.234924,0.023041,-0.028137,-0.991577
11.235049,0.023071,-0.027985,-0.991196
11.235082,0.023102,-0.027786,-0.990814
11.235123,0.023132,-0.027573,-0.990463
11.235153,0.023178,-0.027359,-0.990143
11.235182,0.023239,-0.027176,-0.989899
11.235213,0.023331,-0.027039,-0.989700
11.235242,0.023407,-0.026962,-0.989594
11.244968,0.023499,-0.026932,-0.989548
11.245306,0.023560,-0.026978,-0.989578
11.245371,0.023575,-0.027069,-0.989670
11.245415,0.023544,-0.027206,-0.989822
11.245477,0.023453,-0.027359,-0.990005
11.245518,0.023346,-0.027527,-0.990204
11.245554,0.023209,-0.027695,-0.990402
11.245591,0.023056,-0.027832,-0.990555
11.255990,0.022934,-0.027939,-0.990646
11.256058,0.022842,-0.028015,-0.990692
11.256073,0.022766,-0.028030,-0.990707
11.256086,0.022720,-0.028015,-0.990707
11.256096,0.022705,-0.027954,-0.990738
11.256107,0.022705,-0.027878,-0.990860
11.256118,0.022705,-0.027802,-0.991043
11.256128,0.022705,-0.027725,-0.991318
11.264887,0.022705,-0.027634,-0.991653
11.264995,0.022736,-0.027542,-0.992035
11.265031,0.022781,-0.027435,-0.992416
11.265059,0.022842,-0.027313,-0.992767
11.265086,0.022919,-0.027191,-0.993088
11.265110,0.022964,-0.027100,-0.993362
11.265141,0.022995,-0.027054,-0.993576
11.265168,0.023010,-0.027039,-0.993713
11.274885,0.022995,-0.027039,-0.993774
11.275004,0.022995,-0.027069,-0.993805
11.275034,0.022980,-0.027069,-0.993805
11.275068,0.022964,-0.027054,-0.993774
11.275095,0.022964,-0.026993,-0.993744
11.275118,0.022949,-0.026901,-0.993713
11.275142,0.022949,-0.026794,-0.993698
11.275166,0.022949,-0.026688,-0.993683
11.284959,0.022934,-0.026581,-0.993698
11.285081,0.022934,-0.026489,-0.993759
11.285115,0.022934,-0.026428,-0.993866
11.285145,0.022934,-0.026382,-0.994019
11.285177,0.022934,-0.026352,-0.994217
11.285492,0.022934,-0.026337,-0.994461
11.285531,0.022903,-0.026321,-0.994736
11.285563,0.022858,-0.026291,-0.995026
11.296409,0.022797,-0.026230,-0.995316
11.296601,0.022720,-0.026138,-0.995575
11.296651,0.022644,-0.026047,-0.995773
11.296687,0.022598,-0.025940,-0.995941
11.296719,0.022583,-0.025864,-0.996048
11.296749,0.022598,-0.025833,-0.996124
11.296777,0.022598,-0.025833,-0.996185
11.296806,0.022598,-0.025879,-0.996262
11.305114,0.022568,-0.025955,-0.996353
11.305301,0.022522,-0.026016,-0.996460
11.305356,0.022446,-0.026062,-0.996552
11.305438,0.022385,-0.026062,-0.996643
11.305479,0.022354,-0.026016,-0.996704
11.305527,0.022354,-0.025940,-0.996735
11.305565,0.022385,-0.025833,-0.996735
11.305604,0.022446,-0.025711,-0.996704
11.314900,0.022537,-0.025574,-0.996658
11.315037,0.022644,-0.025406,-0.996582
11.315066,0.022736,-0.025238,-0.996475
11.315092,0.022812,-0.025070,-0.996384
11.315118,0.022858,-0.024918,-0.996323
11.315143,0.022873,-0.024811,-0.996277
11.315166,0.022842,-0.024765,-0.996277
11.315190,0.022766,-0.024811,-0.996292
11.324840,0.022690,-0.024933,-0.996338
11.324992,0.022614,-0.025116,-0.996384
11.325027,0.022522,-0.025330,-0.996414
11.325054,0.022430,-0.025558,-0.996384
11.325078,0.022324,-0.025772,-0.996338
11.325102,0.022217,-0.025970,-0.996246
11.325126,0.022110,-0.026169,-0.996140
11.325149,0.021988,-0.026321,-0.996033
11.336348,0.021896,-0.026459,-0.995895
11.336794,0.021820,-0.026566,-0.995773
11.336845,0.021805,-0.026672,-0.995682
11.336888,0.021835,-0.026794,-0.995605
11.336927,0.021927,-0.026917,-0.995575
11.336965,0.022049,-0.027069,-0.995544
11.337003,0.022186,-0.027206,-0.995499
11.337286,0.022369,-0.027344,-0.995422
11.344822,0.022552,-0.027435,-0.995285
11.344890,0.022736,-0.027512,-0.995071
11.344906,0.022903,-0.027573,-0.994812
11.344918,0.023026,-0.027603,-0.994522
11.344929,0.023071,-0.027649,-0.994217
11.344940,0.023071,-0.027695,-0.993927
11.344949,0.022980,-0.027725,-0.993652
11.344959,0.022858,-0.027725,-0.993408
11.354870,0.022705,-0.027679,-0.993195
11.354980,0.022552,-0.027588,-0.992996
11.355015,0.022430,-0.027481,-0.992828
11.355048,0.022339,-0.027374,-0.992676
11.355078,0.022293,-0.027283,-0.992554
11.355109,0.022293,-0.027283,-0.992477
11.355137,0.022339,-0.027359,-0.992416
11.355166,0.022446,-0.027557,-0.992386
11.364775,0.022583,-0.027832,-0.992371
11.364891,0.022766,-0.028168,-0.992340
11.364934,0.022980,-0.028519,-0.992279
11.364965,0.023178,-0.028839,-0.992188
11.364998,0.023361,-0.029099,-0.992081
11.365028,0.023483,-0.029282,-0.991943
11.365058,0.023560,-0.029358,-0.991776
11.365094,0.023544,-0.029358,-0.991577
11.374812,0.023438,-0.029327,-0.991379
11.374932,0.023270,-0.029236,-0.991180
11.374962,0.023087,-0.029144,-0.990997
11.374990,0.022934,-0.029007,-0.990845
11.375014,0.022842,-0.028854,-0.990753
11.375038,0.022842,-0.028671,-0.990707
11.375070,0.022934,-0.028458,-0.990753
11.375096,0.023102,-0.028198,-0.990860
11.384760,0.023315,-0.027893,-0.991013
11.384907,0.023544,-0.027573,-0.991196
11.384982,0.023743,-0.027283,-0.991379
11.385040,0.023880,-0.027054,-0.991547
11.385093,0.023926,-0.026932,-0.991684
11.385155,0.023895,-0.026901,-0.991806
11.385206,0.023804,-0.026947,-0.991882
11.385257,0.023682,-0.027008,-0.991943
11.394799,0.023529,-0.027054,-0.992004
11.394949,0.023392,-0.027054,-0.992050
11.395019,0.023254,-0.027008,-0.992096
11.395071,0.023102,-0.026932,-0.992142
11.395130,0.022980,-0.026855,-0.992157
11.395199,0.022903,-0.026779,-0.992172
11.395254,0.022903,-0.026749,-0.992188
11.395307,0.022995,-0.026733,-0.992188
11.404886,0.023148,-0.026764,-0.992188
11.405034,0.023392,-0.026794,-0.992203
11.405094,0.023666,-0.026810,-0.992233
11.405149,0.023956,-0.026810,-0.992340
11.405202,0.024185,-0.026779,-0.992523
11.405267,0.024338,-0.026733,-0.992767
11.405320,0.024384,-0.026688,-0.993057
11.405371,0.024292,-0.026642,-0.993393
11.414736,0.024109,-0.026566,-0.993729
11.414840,0.023865,-0.026505,-0.994095
11.414876,0.023590,-0.026413,-0.994476
11.414908,0.023331,-0.026291,-0.994858
11.414940,0.023102,-0.026154,-0.995224
11.414970,0.022888,-0.026001,-0.995560
11.414999,0.022720,-0.025848,-0.995850
11.415028,0.022598,-0.025711,-0.996063
11.424751,0.022507,-0.025589,-0.996185
11.424889,0.022446,-0.025528,-0.996246
11.424941,0.022415,-0.025543,-0.996246
11.424981,0.022400,-0.025604,-0.996185
11.425018,0.022430,-0.025726,-0.996109
11.425057,0.022476,-0.025879,-0.996048
11.425093,0.022537,-0.026001,-0.996017
11.425128,0.022598,-0.026077,-0.996033
11.438994,0.022659,-0.026047,-0.996094
11.439103,0.022659,-0.025970,-0.996201
11.439134,0.022614,-0.025818,-0.996292
11.439160,0.022522,-0.025650,-0.996353
11.439183,0.022415,-0.025482,-0.996353
11.439216,0.022339,-0.025330,-0.996277
11.439242,0.022324,-0.025223,-0.996140
11.439267,0.022339,-0.025146,-0.995941
11.444715,0.022400,-0.025101,-0.995697
11.444839,0.022461,-0.025040,-0.995468
11.444883,0.022522,-0.024963,-0.995285
11.444923,0.022583,-0.024857,-0.995163
11.444960,0.022598,-0.024750,-0.995132
11.444997,0.022598,-0.024643,-0.995178
11.445036,0.022614,-0.024597,-0.995331
11.445075,0.022659,-0.024597,-0.995514
11.454858,0.022751,-0.024689,-0.995697
11.455042,0.022842,-0.024857,-0.995834
11.455106,0.022949,-0.025070,-0.995926
11.455163,0.023026,-0.025330,-0.995926
11.455214,0.023056,-0.025589,-0.995865
11.455264,0.023041,-0.025864,-0.995743
11.455316,0.022995,-0.026108,-0.995590
11.455368,0.022934,-0.026337,-0.995422
11.464667,0.022873,-0.026566,-0.995224
11.464749,0.022842,-0.026779,-0.995010
11.464779,0.022873,-0.026978,-0.994781
11.464805,0.022919,-0.027145,-0.994553
11.464829,0.022980,-0.027298,-0.994339
11.464854,0.023041,-0.027390,-0.994125
11.464879,0.023087,-0.027435,-0.993927
11.464902,0.023102,-0.027420,-0.993744
11.474727,0.023087,-0.027374,-0.993576
11.474825,0.023026,-0.027313,-0.993423
11.474870,0.022934,-0.027222,-0.993317
11.474902,0.022827,-0.027130,-0.993225
11.474933,0.022751,-0.027039,-0.993164
11.474962,0.022736,-0.026962,-0.993118
11.474990,0.022781,-0.026917,-0.993073
11.475019,0.022873,-0.026871,-0.992996
11.484710,0.022995,-0.026855,-0.992889
11.484839,0.023117,-0.026855,-0.992767
11.484875,0.023224,-0.026901,-0.992630
11.484905,0.023315,-0.026978,-0.992493
11.484935,0.023361,-0.027100,-0.992355
11.484966,0.023392,-0.027237,-0.992218
11.484997,0.023361,-0.027390,-0.992111
11.485100,0.023315,-0.027542,-0.992004
11.494889,0.023224,-0.027649,-0.991898
11.495190,0.023117,-0.027710,-0.991821
11.495226,0.023010,-0.027710,-0.991760
11.495401,0.022903,-0.027679,-0.991745
11.495436,0.022827,-0.027588,-0.991745
11.495468,0.022797,-0.027481,-0.991745
11.495513,0.022797,-0.027390,-0.991745
11.495553,0.022842,-0.027313,-0.991730
11.506754,0.022934,-0.027267,-0.991714
11.506881,0.023056,-0.027252,-0.991684
11.506910,0.023193,-0.027252,-0.991638
11.506943,0.023331,-0.027267,-0.991577
11.506970,0.023438,-0.027252,-0.991501
11.506995,0.023529,-0.027222,-0.991425
11.507021,0.023575,-0.027206,-0.991333
11.507045,0.023575,-0.027206,-0.991272
11.514659,0.023529,-0.027237,-0.991257
11.514759,0.023438,-0.027328,-0.991287
11.514799,0.023300,-0.027451,-0.991394
11.514846,0.023148,-0.027618,-0.991547
11.514884,0.023010,-0.027802,-0.991730
11.514923,0.022934,-0.027969,-0.991928
11.514959,0.022919,-0.028122,-0.992126
11.514995,0.022995,-0.028244,-0.992294
11.524645,0.023148,-0.028320,-0.992447
11.524741,0.023315,-0.028351,-0.992599
11.524770,0.023483,-0.028351,-0.992752
11.524795,0.023605,-0.028305,-0.992905
11.524819,0.023651,-0.028259,-0.993088
11.524843,0.023621,-0.028168,-0.993286
11.524866,0.023529,-0.028046,-0.993500
11.524890,0.023376,-0.027863,-0.993744
11.534759,0.023209,-0.027603,-0.994003
11.534905,0.023041,-0.027267,-0.994293
11.534943,0.022888,-0.026886,-0.994583
11.534971,0.022736,-0.026474,-0.994858
11.534996,0.022583,-0.026077,-0.995102
11.535022,0.022430,-0.025742,-0.995316
11.535046,0.022293,-0.025513,-0.995453
11.535070,0.022171,-0.025391,-0.995529
11.544652,0.022079,-0.025375,-0.995560
11.544775,0.022034,-0.025452,-0.995529
11.544805,0.022049,-0.025574,-0.995483
11.544841,0.022095,-0.025665,-0.995407
11.544868,0.022156,-0.025726,-0.995331
11.544892,0.022217,-0.025711,-0.995285
11.544916,0.022263,-0.025650,-0.995270
11.544940,0.022293,-0.025543,-0.995300
11.554678,0.022293,-0.025421,-0.995346
11.554786,0.022293,-0.025299,-0.995422
11.554814,0.022308,-0.025223,-0.995499
11.554841,0.022354,-0.025162,-0.995590
11.554867,0.022430,-0.025131,-0.995667
11.555120,0.022537,-0.025101,-0.995728
11.555148,0.022644,-0.025070,-0.995789
11.555172,0.022736,-0.025055,-0.995819
11.564699,0.022812,-0.025055,-0.995850
11.564837,0.022873,-0.025085,-0.995865
11.564873,0.022919,-0.025131,-0.995865
11.564906,0.022949,-0.025208,-0.995895
11.564935,0.022995,-0.025330,-0.995941
11.564963,0.023071,-0.025467,-0.996017
11.564993,0.023163,-0.025589,-0.996124
11.565023,0.023239,-0.025665,-0.996262
11.574599,0.023300,-0.025665,-0.996399
11.574695,0.023315,-0.025574,-0.996506
11.574722,0.023254,-0.025421,-0.996567
11.574747,0.023132,-0.025238,-0.996582
11.574774,0.022980,-0.025085,-0.996552
11.574799,0.022797,-0.024948,-0.996475
11.574822,0.022629,-0.024887,-0.996368
11.574848,0.022476,-0.024857,-0.996231
11.584643,0.022354,-0.024887,-0.996094
11.584810,0.022247,-0.024933,-0.995941
11.584857,0.022141,-0.024979,-0.995819
11.584896,0.022034,-0.025040,-0.995728
11.584944,0.021912,-0.025101,-0.995651
11.584982,0.021790,-0.025177,-0.995560
11.585022,0.021667,-0.025284,-0.995422
11.585289,0.021561,-0.025421,-0.995224
11.594588,0.021484,-0.025604,-0.994980
11.594725,0.021454,-0.025818,-0.994690
11.594990,0.021500,-0.026062,-0.994400
11.595383,0.021606,-0.026291,-0.994141
11.595436,0.021759,-0.026459,-0.993927
11.595485,0.021942,-0.026550,-0.993774
11.595525,0.022125,-0.026550,-0.993637
11.595572,0.022339,-0.026505,-0.993530
11.604548,0.022552,-0.026428,-0.993423
11.604662,0.022766,-0.026352,-0.993301
11.604692,0.022949,-0.026306,-0.993164
11.604720,0.023117,-0.026321,-0.993027
11.604746,0.023254,-0.026367,-0.992905
11.604770,0.023346,-0.026443,-0.992813
11.604794,0.023376,-0.026566,-0.992767
11.604817,0.023346,-0.026703,-0.992752
11.614552,0.023254,-0.026855,-0.992752
11.614672,0.023132,-0.026993,-0.992752
11.614709,0.023010,-0.027161,-0.992737
11.614748,0.022919,-0.027313,-0.992706
11.614781,0.022858,-0.027481,-0.992630
11.614811,0.022842,-0.027634,-0.992554
11.614841,0.022858,-0.027771,-0.992493
11.614869,0.022919,-0.027893,-0.992447
11.624574,0.022980,-0.027954,-0.992416
11.624696,0.023071,-0.027969,-0.992432
11.624731,0.023163,-0.027969,-0.992477
11.624762,0.023254,-0.027954,-0.992554
11.624791,0.023331,-0.027954,-0.992661
11.624820,0.023407,-0.027969,-0.992783
11.624849,0.023483,-0.028030,-0.992889
11.624877,0.023544,-0.028122,-0.992950
11.634535,0.023605,-0.028244,-0.992966
11.634674,0.023636,-0.028381,-0.992920
11.634708,0.023636,-0.028473,-0.992844
11.634748,0.023605,-0.028519,-0.992722
11.634777,0.023544,-0.028473,-0.992584
11.634806,0.023468,-0.028351,-0.992432
11.634844,0.023376,-0.028152,-0.992279
11.635032,0.023285,-0.027924,-0.992157
11.644527,0.023178,-0.027664,-0.992065
11.644659,0.023071,-0.027405,-0.992020
11.644714,0.022934,-0.027176,-0.992020
11.644754,0.022797,-0.026978,-0.992035
11.644792,0.022675,-0.026810,-0.992065
11.645168,0.022583,-0.026703,-0.992111
11.645456,0.022522,-0.026657,-0.992188
11.645493,0.022507,-0.026672,-0.992249
11.654496,0.022522,-0.026749,-0.992279
11.654587,0.022568,-0.026840,-0.992294
11.654618,0.022659,-0.026962,-0.992279
11.654643,0.022751,-0.027084,-0.992264
11.654676,0.022858,-0.027206,-0.992279
11.654702,0.022934,-0.027313,-0.992340
11.654727,0.022995,-0.027420,-0.992447
11.654751,0.023041,-0.027496,-0.992615
11.664481,0.023087,-0.027542,-0.992859
11.664596,0.023117,-0.027588,-0.993164
11.664754,0.023148,-0.027603,-0.993500
11.664787,0.023163,-0.027603,-0.993851
11.664825,0.023148,-0.027603,-0.994171
11.664857,0.023117,-0.027573,-0.994446
11.664888,0.023041,-0.027496,-0.994644
11.664919,0.022934,-0.027359,-0.994797
11.674502,0.022812,-0.027176,-0.994888
11.674647,0.022675,-0.026932,-0.994934
11.674706,0.022537,-0.026642,-0.994980
11.674759,0.022430,-0.026337,-0.995026
11.674809,0.022339,-0.026016,-0.995056
11.674858,0.022293,-0.025757,-0.995087
11.674907,0.022293,-0.025574,-0.995102
11.674957,0.022339,-0.025467,-0.995087
11.684688,0.022446,-0.025452,-0.995041
11.684845,0.022552,-0.025467,-0.995010
11.684885,0.022659,-0.025482,-0.994965
11.684917,0.022751,-0.025482,-0.994965
11.684949,0.022812,-0.025406,-0.995026
11.684980,0.022812,-0.025284,-0.995148
11.685008,0.022781,-0.025116,-0.995316
11.685045,0.022690,-0.024933,-0.995514
11.694479,0.022583,-0.024811,-0.995682
11.694604,0.022491,-0.024780,-0.995850
11.694642,0.022430,-0.024857,-0.995987
11.694777,0.022415,-0.025024,-0.996109
11.694807,0.022461,-0.025269,-0.996201
11.694835,0.022537,-0.025543,-0.996246
11.694860,0.022644,-0.025787,-0.996246
11.694898,0.022781,-0.026001,-0.996231
11.704407,0.022934,-0.026169,-0.996216
11.704493,0.023071,-0.026291,-0.996185
11.704521,0.023178,-0.026367,-0.996140
11.704549,0.023224,-0.026413,-0.996094
11.704575,0.023224,-0.026474,-0.996033
11.704614,0.023163,-0.026535,-0.995941
11.704637,0.023071,-0.026596,-0.995819
11.704662,0.022980,-0.026657,-0.995697
11.714451,0.022919,-0.026657,-0.995590
11.714586,0.022888,-0.026642,-0.995529
11.714622,0.022873,-0.026596,-0.995499
11.714653,0.022873,-0.026550,-0.995483
11.714685,0.022888,-0.026520,-0.995468
11.714713,0.022888,-0.026520,-0.995438
11.714742,0.022903,-0.026566,-0.995377
11.714781,0.022919,-0.026642,-0.995300
11.724441,0.022964,-0.026779,-0.995193
11.724541,0.023010,-0.026917,-0.995056
11.724574,0.023087,-0.027069,-0.994949
11.724603,0.023178,-0.027222,-0.994858
11.724632,0.023239,-0.027344,-0.994812
11.724669,0.023285,-0.027420,-0.994797
11.724698,0.023285,-0.027420,-0.994797
11.724727,0.023254,-0.027374,-0.994797
11.735049,0.023209,-0.027298,-0.994766
11.735187,0.023132,-0.027161,-0.994705
11.735235,0.023087,-0.027039,-0.994614
11.735273,0.023056,-0.026932,-0.994461
11.735312,0.023026,-0.026855,-0.994247
11.735351,0.022995,-0.026810,-0.994003
11.735388,0.022903,-0.026794,-0.993759
11.735538,0.022766,-0.026794,-0.993515
11.744457,0.022568,-0.026794,-0.993271
11.745099,0.022324,-0.026810,-0.993027
11.745137,0.022079,-0.026840,-0.992798
11.745168,0.021851,-0.026901,-0.992584
11.745201,0.021713,-0.026993,-0.992386
11.745232,0.021698,-0.027115,-0.992218
11.745263,0.021805,-0.027252,-0.992096
11.745292,0.022034,-0.027420,-0.992004
11.757996,0.022324,-0.027573,-0.991974
11.758398,0.022614,-0.027725,-0.991989
11.758431,0.022858,-0.027832,-0.992035
11.758461,0.023026,-0.027878,-0.992157
11.758487,0.023148,-0.027908,-0.992310
11.758513,0.023193,-0.027908,-0.992477
11.758537,0.023163,-0.027908,-0.992645
11.758561,0.023087,-0.027893,-0.992752
11.764350,0.022964,-0.027847,-0.992828
11.764443,0.022827,-0.027786,-0.992844
11.764473,0.022690,-0.027695,-0.992828
11.764501,0.022537,-0.027573,-0.992798
11.764527,0.022400,-0.027420,-0.992767
11.764553,0.022247,-0.027267,-0.992752
11.764578,0.022110,-0.027161,-0.992752
11.764602,0.021988,-0.027130,-0.992798
11.774354,0.021896,-0.027145,-0.992874
11.774456,0.021851,-0.027222,-0.992981
11.774485,0.021866,-0.027283,-0.993088
11.774510,0.021942,-0.027344,-0.993179
11.774534,0.022079,-0.027374,-0.993271
11.774558,0.022263,-0.027344,-0.993362
11.774582,0.022461,-0.027283,-0.993454
11.774606,0.022675,-0.027161,-0.993515
11.786198,0.022888,-0.026993,-0.993576
11.786338,0.023071,-0.026825,-0.993622
11.786384,0.023254,-0.026672,-0.993637
11.786423,0.023438,-0.026550,-0.993652
11.786464,0.023590,-0.026428,-0.993668
11.786504,0.023682,-0.026321,-0.993668
11.786807,0.023697,-0.026230,-0.993668
11.787104,0.023621,-0.026169,-0.993668
11.794430,0.023438,-0.026138,-0.993698
11.794569,0.023163,-0.026154,-0.993759
11.795450,0.022827,-0.026230,-0.993881
11.795627,0.022491,-0.026382,-0.994034
11.795658,0.022171,-0.026581,-0.994217
11.795692,0.021912,-0.026779,-0.994431
11.795729,0.021744,-0.026962,-0.994675
11.795754,0.021667,-0.027069,-0.994904
11.804327,0.021683,-0.027115,-0.995132
11.804425,0.021759,-0.027069,-0.995316
11.804455,0.021896,-0.026962,-0.995483
11.804481,0.022049,-0.026810,-0.995651
11.804507,0.022232,-0.026642,-0.995850
11.804531,0.022385,-0.026474,-0.996063
11.804555,0.022507,-0.026306,-0.996307
11.804600,0.022598,-0.026154,-0.996552
11.815597,0.022675,-0.026001,-0.996796
11.815790,0.022720,-0.025848,-0.996979
11.815821,0.022766,-0.025696,-0.997101
11.815953,0.022827,-0.025558,-0.997131
11.815988,0.022888,-0.025421,-0.997086
11.816016,0.022964,-0.025345,-0.996964
11.816041,0.023071,-0.025299,-0.996796
11.816066,0.023163,-0.025330,-0.996628
11.824297,0.023239,-0.025391,-0.996460
11.824382,0.023285,-0.025482,-0.996338
11.824411,0.023270,-0.025589,-0.996277
11.824436,0.023224,-0.025681,-0.996246
11.824461,0.023132,-0.025757,-0.996262
11.824485,0.023041,-0.025787,-0.996307
11.824509,0.022964,-0.025787,-0.996368
11.824533,0.022919,-0.025772,-0.996429
11.834440,0.022903,-0.025772,-0.996475
11.834776,0.022888,-0.025787,-0.996490
11.834812,0.022888,-0.025833,-0.996475
11.834838,0.022858,-0.025925,-0.996414
11.834869,0.022797,-0.026016,-0.996307
11.834895,0.022720,-0.026123,-0.996170
11.834920,0.022614,-0.026199,-0.995987
11.834946,0.022476,-0.026260,-0.995789
11.844424,0.022354,-0.026291,-0.995590
11.845003,0.022247,-0.026291,-0.995392
11.845043,0.022202,-0.026291,-0.995209
11.845074,0.022202,-0.026337,-0.995071
11.845115,0.022247,-0.026398,-0.994965
11.845146,0.022339,-0.026459,-0.994919
11.845174,0.022461,-0.026535,-0.994919
11.845406,0.022583,-0.026566,-0.994934
11.854249,0.022736,-0.026566,-0.994965
11.862053,0.022903,-0.026474,-0.994995
11.862380,0.023041,-0.026321,-0.994995
11.862409,0.023148,-0.026108,-0.994949
11.862436,0.023178,-0.025864,-0.994858
11.862462,0.023148,-0.025604,-0.994675
11.862731,0.023071,-0.025391,-0.994431
11.862760,0.022995,-0.025223,-0.994095
11.864281,0.022888,-0.025116,-0.993698
11.872182,0.022659,-0.024979,-0.993301
11.872271,0.022141,-0.024597,-0.993774
11.872306,0.021225,-0.023376,-0.998703
11.872336,0.020309,-0.020386,-1.013885
11.872366,0.020279,-0.014740,-1.041550
11.872394,0.022125,-0.006271,-1.076645
11.872424,0.026123,0.003571,-1.110825
11.874243,0.031555,0.011978,-1.136566
11.874280,0.036911,0.015594,-1.146942
11.874312,0.040222,0.011459,-1.135620
11.874348,0.039474,-0.002151,-1.099396
11.874375,0.033279,-0.025452,-1.039993
11.874403,0.021347,-0.056763,-0.963364
11.874428,0.004654,-0.092590,-0.878128
11.874460,-0.014771,-0.127991,-0.794708
11.884278,-0.034241,-0.157303,-0.724197
11.886847,-0.050507,-0.175064,-0.676636
11.886959,-0.060425,-0.177155,-0.659256
11.886995,-0.061478,-0.161697,-0.674820
11.887022,-0.052353,-0.129501,-0.720825
11.887047,-0.033157,-0.084015,-0.790176
11.887080,-0.005493,-0.030777,-0.873520
11.887112,0.027817,0.023529,-0.961273
11.894412,0.063354,0.072372,-1.044647
11.894606,0.097626,0.110275,-1.116364
11.894637,0.127533,0.133728,-1.171509
11.894921,0.150711,0.141434,-1.207977
11.894973,0.165558,0.134445,-1.226288
11.894998,0.171356,0.115753,-1.229019
11.895022,0.168060,0.089523,-1.220047
11.895049,0.156235,0.060135,-1.203476
11.904168,0.136887,0.031250,-1.182755
11.904264,0.111282,0.005264,-1.159988
11.904294,0.080856,-0.016846,-1.135880
11.904322,0.047119,-0.035339,-1.110062
11.904348,0.011673,-0.051315,-1.081619
11.904375,-0.023727,-0.066116,-1.049820
11.904400,-0.057297,-0.080872,-1.014450
11.904423,-0.087112,-0.096008,-0.975861
11.914236,-0.111328,-0.111023,-0.935242
11.914349,-0.128326,-0.124573,-0.894806
11.914384,-0.136917,-0.134766,-0.857773
11.914411,-0.136490,-0.139664,-0.827591
11.914435,-0.127060,-0.137756,-0.807251
11.914461,-0.109344,-0.128326,-0.798889
11.914486,-0.084625,-0.111694,-0.803482
11.914509,-0.054596,-0.089127,-0.820786
11.924238,-0.021286,-0.062729,-0.849289
11.924332,0.013153,-0.035065,-0.886261
11.924365,0.046677,-0.008865,-0.928314
11.924395,0.077377,0.013382,-0.971848
11.924423,0.103699,0.029755,-1.013336
11.924452,0.124481,0.039154,-1.049728
11.924481,0.138977,0.041428,-1.078659
11.924509,0.146942,0.037277,-1.098770
11.934246,0.148453,0.028107,-1.109711
11.934365,0.143951,0.015701,-1.111908
11.934401,0.134109,0.001968,-1.106247
11.934432,0.119751,-0.011368,-1.094055
11.934463,0.101822,-0.022995,-1.076920
11.934493,0.081253,-0.032059,-1.056534
11.934522,0.059036,-0.038193,-1.034439
11.934561,0.036179,-0.041428,-1.011917
11.944245,0.013718,-0.042114,-0.990082
11.944393,-0.007324,-0.040741,-0.969971
11.944450,-0.025986,-0.037827,-0.952454
11.944490,-0.041367,-0.033890,-0.938202
11.944530,-0.052719,-0.029358,-0.927658
11.944566,-0.059601,-0.024643,-0.921158
11.944602,-0.061783,-0.020142,-0.918869
11.944648,-0.059402,-0.016174,-0.920715
11.954197,-0.052856,-0.013062,-0.926422
11.954315,-0.042831,-0.011078,-0.935562
11.954345,-0.030212,-0.010452,-0.947495
11.954371,-0.015945,-0.011337,-0.961533
11.954397,-0.001038,-0.013809,-0.976837
11.954423,0.013626,-0.017776,-0.992493
11.954446,0.027267,-0.023026,-1.007645
11.954470,0.039246,-0.029144,-1.021545
11.964173,0.049103,-0.035660,-1.033585
11.964299,0.056564,-0.042053,-1.043243
11.964335,0.061493,-0.047745,-1.050095
11.964367,0.063889,-0.052231,-1.053879
11.964396,0.063843,-0.055084,-1.054504
11.964425,0.061508,-0.056046,-1.052109
11.964464,0.057205,-0.055008,-1.046921
11.964494,0.051254,-0.052002,-1.039337
11.974155,0.044083,-0.047272,-1.029892
11.974265,0.036163,-0.041122,-1.019257
11.974300,0.028000,-0.033936,-1.008148
11.974331,0.020142,-0.026093,-0.997223
11.974360,0.013107,-0.018036,-0.987106
11.974390,0.007355,-0.010193,-0.978317
11.974419,0.003265,-0.002960,-0.971298
11.974448,0.001022,0.003204,-0.966293
11.984175,0.000732,0.007996,-0.963364
11.984697,0.002304,0.011063,-0.962418
11.984735,0.005524,0.012177,-0.963287
11.984771,0.010086,0.011154,-0.965698
11.984796,0.015564,0.007950,-0.969269
11.984873,0.021439,0.002716,-0.973648
11.984899,0.027267,-0.004288,-0.978500
11.984926,0.032593,-0.012650,-0.983566
11.994443,0.037018,-0.021805,-0.988586
11.994667,0.040268,-0.031097,-0.993393
11.994873,0.042160,-0.039856,-0.997818
11.995096,0.042603,-0.047470,-1.001694
11.995713,0.041656,-0.053436,-1.004913
11.995877,0.039413,-0.057419,-1.007370
11.995919,0.036041,-0.059296,-1.008957
11.995950,0.031784,-0.059067,-1.009659
12.006843,0.026917,-0.056976,-1.009476
12.006913,0.021744,-0.053345,-1.008499
12.006927,0.016586,-0.048553,-1.006851
12.006940,0.011765,-0.043030,-1.004730
12.006954,0.007553,-0.037170,-1.002319
12.006965,0.004181,-0.031342,-0.999863
12.006976,0.001862,-0.025803,-0.997574
12.006987,0.000702,-0.020798,-0.995636
12.014132,0.000778,-0.016464,-0.994186
12.014224,0.002090,-0.012939,-0.993332
12.014255,0.004593,-0.010269,-0.993118
12.014281,0.008179,-0.008469,-0.993530
12.014305,0.012634,-0.007538,-0.994446
12.014329,0.017731,-0.007477,-0.995743
12.014353,0.023132,-0.008224,-0.997238
12.014379,0.028534,-0.009720,-0.998764
12.024132,0.033585,-0.011917,-1.000137
12.024252,0.037964,-0.014709,-1.001190
12.024294,0.041428,-0.017990,-1.001785
12.024333,0.043808,-0.021591,-1.001892
12.024370,0.044968,-0.025345,-1.001495
12.024407,0.044922,-0.029037,-1.000610
12.024443,0.043671,-0.032440,-0.999298
12.024479,0.041336,-0.035370,-0.997604
12.034138,0.038086,-0.037689,-0.995605
12.034936,0.034119,-0.039307,-0.993362
12.034968,0.029678,-0.040207,-0.990982
12.034995,0.025024,-0.040421,-0.988525
12.035021,0.020401,-0.040070,-0.986084
12.035045,0.016052,-0.039246,-0.983719
12.035069,0.012207,-0.038071,-0.981522
12.035092,0.009003,-0.036682,-0.979568
12.044547,0.006592,-0.035172,-0.977997
12.044678,0.005051,-0.033585,-0.976883
12.044714,0.004410,-0.031982,-0.976334
12.044746,0.004669,-0.030365,-0.976410
12.044776,0.005783,-0.028763,-0.977127
12.044807,0.007706,-0.027176,-0.978439
12.044837,0.010345,-0.025650,-0.980286
12.044869,0.013580,-0.024231,-0.982559
12.054085,0.017242,-0.022964,-0.985123
12.054278,0.021194,-0.021927,-0.987839
12.054327,0.025223,-0.021149,-0.990555
12.054362,0.029099,-0.020660,-0.993134
12.054393,0.032608,-0.020477,-0.995483
12.054422,0.035538,-0.020630,-0.997467
12.054458,0.037704,-0.021072,-0.999008
12.054538,0.039001,-0.021790,-1.000061
12.064137,0.039383,-0.022751,-1.000595
12.064288,0.038879,-0.023880,-1.000610
12.064318,0.037582,-0.025146,-1.000168
12.064344,0.035583,-0.026505,-0.999329
12.064378,0.033035,-0.027878,-0.998199
12.064404,0.030106,-0.029221,-0.996872
12.064428,0.026978,-0.030487,-0.995422
12.064453,0.023788,-0.031601,-0.993958
12.074094,0.020752,-0.032516,-0.992523
12.074220,0.017990,-0.033173,-0.991196
12.074248,0.015656,-0.033508,-0.990036
12.074273,0.013824,-0.033524,-0.989120
12.074297,0.012558,-0.033203,-0.988495
12.074321,0.011887,-0.032593,-0.988220
12.074345,0.011826,-0.031677,-0.988312
12.074367,0.012299,-0.030502,-0.988770
12.084085,0.013306,-0.029083,-0.989594
12.084206,0.014725,-0.027527,-0.990707
12.084236,0.016464,-0.025879,-0.992050
12.084262,0.018387,-0.024292,-0.993500
12.084297,0.020340,-0.022873,-0.994919
12.084323,0.022232,-0.021774,-0.996185
12.084348,0.023987,-0.021042,-0.997208
12.084373,0.025497,-0.020752,-0.997910
12.094068,0.026718,-0.020905,-0.998276
12.094168,0.027603,-0.021439,-0.998276
12.094224,0.028152,-0.022263,-0.997986
12.094278,0.028381,-0.023285,-0.997482
12.094350,0.028290,-0.024414,-0.996826
12.094494,0.027954,-0.025558,-0.996094
12.094570,0.027451,-0.026642,-0.995361
12.094623,0.026825,-0.027603,-0.994675
12.103960,0.026123,-0.028381,-0.994110
12.104085,0.025406,-0.028931,-0.993668
12.104114,0.024689,-0.029236,-0.993393
12.104139,0.024017,-0.029282,-0.993301
12.104164,0.023422,-0.029068,-0.993378
12.104189,0.022934,-0.028595,-0.993591
12.104214,0.022568,-0.027878,-0.993927
12.104237,0.022324,-0.026993,-0.994354
12.114037,0.022156,-0.025986,-0.994843
12.114151,0.022064,-0.024933,-0.995392
12.114183,0.022003,-0.023926,-0.995987
12.114209,0.021973,-0.023056,-0.996628
12.114235,0.021942,-0.022415,-0.997284
12.114259,0.021896,-0.022018,-0.997910
12.114283,0.021820,-0.021912,-0.998459
12.114307,0.021713,-0.022064,-0.998901
12.124064,0.021561,-0.022461,-0.999191
12.124154,0.021362,-0.023071,-0.999329
12.124182,0.021133,-0.023849,-0.999313
12.124208,0.020859,-0.024765,-0.999146
12.124232,0.020569,-0.025742,-0.998840
12.124257,0.020294,-0.026718,-0.998413
12.124280,0.020081,-0.027634,-0.997894
12.124305,0.019958,-0.028442,-0.997360
12.134046,0.019989,-0.029053,-0.996841
12.134256,0.020218,-0.029419,-0.996368
12.134305,0.020645,-0.029526,-0.995972
12.134682,0.021286,-0.029358,-0.995682
12.134715,0.022079,-0.028931,-0.995468
12.134781,0.022980,-0.028320,-0.995331
12.134812,0.023895,-0.027603,-0.995255
12.134844,0.024765,-0.026840,-0.995193
12.144074,0.025558,-0.026108,-0.995148
12.144221,0.026199,-0.025421,-0.995071
12.144265,0.026703,-0.024826,-0.994965
12.144303,0.027039,-0.024323,-0.994781
12.144343,0.027176,-0.023941,-0.994553
12.144381,0.027115,-0.023682,-0.994247
12.144419,0.026871,-0.023605,-0.993881
12.144455,0.026459,-0.023682,-0.993439
12.153988,0.025894,-0.023895,-0.992905
12.154116,0.025177,-0.024231,-0.992310
12.154147,0.024368,-0.024673,-0.991669
12.154172,0.023468,-0.025192,-0.990997
12.154197,0.022537,-0.025742,-0.990341
12.154223,0.021652,-0.026306,-0.989761
12.154247,0.020874,-0.026871,-0.989304
12.154270,0.020233,-0.027390,-0.989014
12.163987,0.019775,-0.027863,-0.988907
12.164136,0.019501,-0.028305,-0.988968
12.164172,0.019379,-0.028702,-0.989197
12.164205,0.019409,-0.029068,-0.989532
12.164235,0.019592,-0.029404,-0.989944
12.164264,0.019928,-0.029709,-0.990433
12.164295,0.020386,-0.029938,-0.990936
12.164325,0.020950,-0.030106,-0.991440
12.174000,0.021591,-0.030182,-0.991928
12.174113,0.022247,-0.030167,-0.992386
12.174147,0.022903,-0.030029,-0.992767
12.174176,0.023529,-0.029831,-0.993088
12.174206,0.024063,-0.029587,-0.993378
12.174235,0.024460,-0.029327,-0.993622
12.174264,0.024719,-0.029083,-0.993820
12.174294,0.024826,-0.028870,-0.993927
12.184138,0.024780,-0.028687,-0.993942
12.186970,0.024628,-0.028473,-0.993851
12.187002,0.024429,-0.028244,-0.993652
12.187030,0.024216,-0.028000,-0.993362
12.187163,0.024002,-0.027740,-0.992981
12.187201,0.023804,-0.027481,-0.992538
12.187228,0.023590,-0.027252,-0.992020
12.187253,0.023361,-0.027084,-0.991470
12.193929,0.023132,-0.026962,-0.990921
12.194053,0.022919,-0.026901,-0.990402
12.194090,0.022781,-0.026917,-0.989990
12.194122,0.022705,-0.027008,-0.989716
12.194153,0.022720,-0.027161,-0.989624
12.194183,0.022781,-0.027359,-0.989670
12.194212,0.022873,-0.027588,-0.989853
12.194240,0.022949,-0.027832,-0.990143
12.203927,0.022995,-0.028091,-0.990540
12.204012,0.023026,-0.028351,-0.990967
12.204040,0.023071,-0.028610,-0.991425
12.204068,0.023132,-0.028839,-0.991867
12.204094,0.023224,-0.029022,-0.992279
12.204120,0.023346,-0.029160,-0.992630
12.204144,0.023468,-0.029205,-0.992935
12.204171,0.023560,-0.029160,-0.993195
12.213915,0.023621,-0.028961,-0.993439
12.214036,0.023651,-0.028641,-0.993637
12.214066,0.023621,-0.028198,-0.993835
12.214091,0.023575,-0.027679,-0.994003
12.214115,0.023483,-0.027115,-0.994171
12.214141,0.023407,-0.026535,-0.994354
12.214166,0.023346,-0.026001,-0.994553
12.214191,0.023315,-0.025528,-0.994751
12.223945,0.023331,-0.025162,-0.994934
12.224071,0.023392,-0.024887,-0.995102
12.224114,0.023453,-0.024719,-0.995224
12.224162,0.023514,-0.024658,-0.995300
12.224212,0.023575,-0.024673,-0.995361
12.224262,0.023621,-0.024780,-0.995392
12.224312,0.023651,-0.024948,-0.995407
12.224361,0.023666,-0.025162,-0.995407
12.233901,0.023682,-0.025436,-0.995438
12.234096,0.023682,-0.025742,-0.995499
12.234441,0.023697,-0.026031,-0.995605
12.234484,0.023682,-0.026291,-0.995712
12.234532,0.023651,-0.026474,-0.995834
12.234558,0.023575,-0.026566,-0.995926
12.234582,0.023483,-0.026566,-0.996002
12.234608,0.023361,-0.026489,-0.996048
12.244000,0.023239,-0.026367,-0.996048
12.244203,0.023117,-0.026215,-0.996033
12.244255,0.023026,-0.026062,-0.996002
12.244297,0.022995,-0.025909,-0.995956
12.244338,0.022995,-0.025757,-0.995926
12.244376,0.023026,-0.025635,-0.995895
12.244413,0.023087,-0.025497,-0.995865
12.244458,0.023148,-0.025391,-0.995819
12.255802,0.023193,-0.025284,-0.995773
12.255961,0.023193,-0.025208,-0.995712
12.255993,0.023132,-0.025177,-0.995682
12.256007,0.023056,-0.025162,-0.995636
12.256018,0.022964,-0.025192,-0.995621
12.256028,0.022888,-0.025269,-0.995605
12.256039,0.022842,-0.025360,-0.995590
12.256050,0.022873,-0.025497,-0.995590
12.263899,0.022949,-0.025635,-0.995590
12.264026,0.023117,-0.025772,-0.995590
12.264080,0.023331,-0.025894,-0.995575
12.264122,0.023575,-0.025986,-0.995560
12.264169,0.023804,-0.026062,-0.995499
12.264210,0.023987,-0.026154,-0.995407
12.264249,0.024078,-0.026245,-0.995255
12.264288,0.024078,-0.026382,-0.995056
12.273850,0.023972,-0.026535,-0.994843
12.273979,0.023788,-0.026688,-0.994598
12.274034,0.023560,-0.026825,-0.994339
12.274074,0.023331,-0.026932,-0.994095
12.274113,0.023087,-0.026978,-0.993820
12.274150,0.022842,-0.027008,-0.993576
12.274186,0.022629,-0.027023,-0.993347
12.274223,0.022461,-0.027039,-0.993134
12.283935,0.022324,-0.027069,-0.992920
12.284106,0.022247,-0.027100,-0.992722
12.284176,0.022217,-0.027161,-0.992508
12.284231,0.022232,-0.027237,-0.992310
12.284284,0.022278,-0.027328,-0.992142
12.284335,0.022339,-0.027405,-0.991989
12.284398,0.022430,-0.027496,-0.991882
12.284451,0.022537,-0.027588,-0.991852
12.293832,0.022644,-0.027679,-0.991852
12.293927,0.022766,-0.027740,-0.991898
12.293964,0.022903,-0.027786,-0.991943
12.293991,0.023026,-0.027817,-0.991989
12.294017,0.023163,-0.027802,-0.991989
12.294042,0.023285,-0.027740,-0.991959
12.294068,0.023422,-0.027634,-0.991882
12.294091,0.023544,-0.027496,-0.991791
12.304209,0.023697,-0.027390,-0.991669
12.304343,0.023865,-0.027283,-0.991547
12.304388,0.024017,-0.027237,-0.991425
12.304442,0.024155,-0.027252,-0.991333
12.304482,0.024231,-0.027359,-0.991272
12.304522,0.024231,-0.027557,-0.991226
12.304558,0.024170,-0.027817,-0.991226
12.304632,0.024017,-0.028076,-0.991257
12.313958,0.023804,-0.028320,-0.991333
12.314057,0.023544,-0.028519,-0.991440
12.314087,0.023270,-0.028656,-0.991592
12.314115,0.022995,-0.028732,-0.991791
12.314140,0.022736,-0.028748,-0.992035
12.314165,0.022552,-0.028748,-0.992294
12.314188,0.022446,-0.028717,-0.992584
12.314213,0.022385,-0.028671,-0.992874
12.323816,0.022385,-0.028641,-0.993134
12.323907,0.022415,-0.028610,-0.993332
12.323936,0.022476,-0.028580,-0.993500
12.323962,0.022522,-0.028534,-0.993591
12.323986,0.022583,-0.028442,-0.993637
12.324010,0.022629,-0.028320,-0.993637
12.324033,0.022659,-0.028168,-0.993591
12.324057,0.022690,-0.027985,-0.993530
12.333818,0.022705,-0.027802,-0.993454
12.333941,0.022705,-0.027634,-0.993393
12.333975,0.022705,-0.027512,-0.993378
12.334016,0.022705,-0.027420,-0.993393
12.334046,0.022675,-0.027359,-0.993469
12.334074,0.022644,-0.027313,-0.993607
12.334111,0.022629,-0.027283,-0.993820
12.334142,0.022659,-0.027252,-0.994049
12.344231,0.022736,-0.027176,-0.994293
12.344384,0.022873,-0.027069,-0.994522
12.344428,0.023026,-0.026917,-0.994766
12.344468,0.023209,-0.026733,-0.994995
12.344506,0.023392,-0.026535,-0.995239
12.344545,0.023560,-0.026306,-0.995468
12.344583,0.023697,-0.026093,-0.995682
12.344619,0.023804,-0.025894,-0.995865
12.353782,0.023865,-0.025711,-0.996048
12.353934,0.023880,-0.025589,-0.996201
12.353972,0.023834,-0.025497,-0.996323
12.354000,0.023697,-0.025482,-0.996414
12.354025,0.023468,-0.025513,-0.996445
12.354051,0.023193,-0.025604,-0.996445
12.354251,0.022858,-0.025742,-0.996445
12.354282,0.022537,-0.025894,-0.996460
12.363768,0.022217,-0.026062,-0.996506
12.363892,0.021957,-0.026215,-0.996597
12.363926,0.021744,-0.026337,-0.996704
12.363956,0.021591,-0.026398,-0.996811
12.363985,0.021484,-0.026398,-0.996902
12.364024,0.021439,-0.026337,-0.996964
12.364052,0.021439,-0.026215,-0.996979
12.364088,0.021500,-0.026047,-0.996933
12.373772,0.021622,-0.025879,-0.996826
12.373898,0.021759,-0.025711,-0.996674
12.373932,0.021927,-0.025558,-0.996506
12.373963,0.022110,-0.025421,-0.996368
12.373992,0.022324,-0.025330,-0.996216
12.374021,0.022537,-0.025299,-0.996094
12.374050,0.022736,-0.025314,-0.995987
12.374079,0.022903,-0.025391,-0.995911
12.383782,0.023010,-0.025528,-0.995850
12.383910,0.023056,-0.025726,-0.995804
12.383947,0.023087,-0.025986,-0.995743
12.383978,0.023102,-0.026245,-0.995697
12.384008,0.023132,-0.026489,-0.995697
12.384045,0.023193,-0.026688,-0.995728
12.384077,0.023300,-0.026810,-0.995789
12.384108,0.023468,-0.026855,-0.995850
12.393758,0.023666,-0.026825,-0.995895
12.393897,0.023880,-0.026718,-0.995880
12.393946,0.024063,-0.026596,-0.995804
12.393987,0.024231,-0.026428,-0.995667
12.394026,0.024368,-0.026276,-0.995483
12.394162,0.024460,-0.026169,-0.995239
12.394204,0.024475,-0.026108,-0.994995
12.394242,0.024399,-0.026093,-0.994751
12.403841,0.024216,-0.026123,-0.994553
12.404163,0.023926,-0.026184,-0.994370
12.404235,0.023560,-0.026276,-0.994247
12.404290,0.023132,-0.026382,-0.994125
12.404345,0.022690,-0.026489,-0.993988
12.404396,0.022278,-0.026657,-0.993851
12.404448,0.021896,-0.026871,-0.993698
12.404499,0.021622,-0.027161,-0.993546
12.413721,0.021439,-0.027527,-0.993408
12.413813,0.021378,-0.027908,-0.993286
12.413847,0.021408,-0.028275,-0.993179
12.413879,0.021515,-0.028580,-0.993057
12.413908,0.021698,-0.028793,-0.992935
12.413945,0.021912,-0.028870,-0.992813
12.413977,0.022171,-0.028854,-0.992691
12.414005,0.022430,-0.028763,-0.992599
12.423732,0.022705,-0.028625,-0.992554
12.423838,0.022934,-0.028473,-0.992538
12.423872,0.023087,-0.028351,-0.992554
12.423904,0.023163,-0.028229,-0.992599
12.423935,0.023163,-0.028122,-0.992661
12.423964,0.023071,-0.028015,-0.992722
12.423995,0.022964,-0.027908,-0.992783
12.424024,0.022858,-0.027771,-0.992828
12.433701,0.022812,-0.027618,-0.992859
12.433905,0.022797,-0.027481,-0.992874
12.433944,0.022827,-0.027374,-0.992828
12.433974,0.022903,-0.027313,-0.992737
12.434003,0.022995,-0.027313,-0.992584
12.434032,0.023117,-0.027359,-0.992401
12.434064,0.023239,-0.027451,-0.992218
12.434092,0.023361,-0.027542,-0.992081
12.443700,0.023468,-0.027618,-0.992004
12.443835,0.023560,-0.027664,-0.992020
12.443879,0.023621,-0.027664,-0.992111
12.443919,0.023666,-0.027618,-0.992249
12.443958,0.023682,-0.027557,-0.992386
12.443995,0.023666,-0.027496,-0.992523
12.444032,0.023636,-0.027481,-0.992615
12.444072,0.023636,-0.027466,-0.992676
12.453719,0.023651,-0.027481,-0.992737
12.453808,0.023697,-0.027496,-0.992844
12.453837,0.023743,-0.027527,-0.992981
12.453863,0.023758,-0.027542,-0.993179
12.453887,0.023727,-0.027557,-0.993393
12.453912,0.023605,-0.027573,-0.993637
12.453937,0.023407,-0.027603,-0.993866
12.453961,0.023148,-0.027664,-0.994049
12.463669,0.022873,-0.027725,-0.994202
12.463809,0.022598,-0.027817,-0.994308
12.463857,0.022369,-0.027924,-0.994385
12.463897,0.022232,-0.028015,-0.994446
12.463934,0.022156,-0.028076,-0.994522
12.463981,0.022171,-0.028061,-0.994598
12.464020,0.022232,-0.027954,-0.994705
12.464059,0.022308,-0.027756,-0.994843
12.473678,0.022415,-0.027451,-0.995010
12.473812,0.022507,-0.027054,-0.995163
12.473848,0.022583,-0.026596,-0.995316
12.473879,0.022629,-0.026108,-0.995438
12.473910,0.022675,-0.025635,-0.995560
12.473939,0.022705,-0.025177,-0.995651
12.473967,0.022720,-0.024811,-0.995728
12.473995,0.022766,-0.024506,-0.995789
12.483705,0.022827,-0.024292,-0.995819
12.483865,0.022903,-0.024170,-0.995819
12.483907,0.022995,-0.024124,-0.995758
12.483944,0.023056,-0.024185,-0.995636
12.483980,0.023117,-0.024353,-0.995453
12.484027,0.023163,-0.024597,-0.995224
12.484063,0.023224,-0.024918,-0.994995
12.484100,0.023300,-0.025299,-0.994797
12.493663,0.023392,-0.025696,-0.994644
12.493867,0.023483,-0.026062,-0.994568
12.493910,0.023544,-0.026398,-0.994522
12.493956,0.023575,-0.026672,-0.994522
12.494025,0.023529,-0.026871,-0.994553
12.494066,0.023453,-0.026978,-0.994614
12.494102,0.023346,-0.026993,-0.994705
12.494148,0.023239,-0.026932,-0.994843
12.505049,0.023132,-0.026794,-0.994995
12.505169,0.023056,-0.026611,-0.995163
12.505210,0.022995,-0.026382,-0.995346
12.505278,0.022949,-0.026138,-0.995499
12.505302,0.022934,-0.025879,-0.995605
12.505315,0.022903,-0.025650,-0.995651
12.505326,0.022873,-0.025452,-0.995651
12.505337,0.022797,-0.025345,-0.995590
12.513618,0.022705,-0.025299,-0.995499
12.513735,0.022614,-0.025345,-0.995407
12.513771,0.022552,-0.025436,-0.995331
12.513803,0.022522,-0.025574,-0.995300
12.513833,0.022568,-0.025696,-0.995285
12.513861,0.022659,-0.025803,-0.995285
12.513898,0.022781,-0.025864,-0.995285
12.513929,0.022903,-0.025909,-0.995270
12.523603,0.023041,-0.025940,-0.995209
12.523711,0.023148,-0.025970,-0.995102
12.523740,0.023239,-0.026031,-0.994949
12.523787,0.023315,-0.026138,-0.994766
12.523812,0.023376,-0.026291,-0.994568
12.523838,0.023422,-0.026459,-0.994370
12.523862,0.023438,-0.026642,-0.994202
12.523889,0.023422,-0.026825,-0.994049
12.533622,0.023346,-0.027023,-0.993927
12.533737,0.023239,-0.027191,-0.993790
12.533767,0.023102,-0.027344,-0.993622
12.533795,0.022949,-0.027451,-0.993423
12.533819,0.022812,-0.027542,-0.993195
12.533843,0.022690,-0.027588,-0.992935
12.533866,0.022629,-0.027618,-0.992661
12.533900,0.022629,-0.027634,-0.992401
12.543639,0.022690,-0.027634,-0.992142
12.543788,0.022781,-0.027618,-0.991898
12.543850,0.022873,-0.027618,-0.991684
12.543915,0.022934,-0.027603,-0.991501
12.543967,0.022949,-0.027603,-0.991364
12.544032,0.022888,-0.027618,-0.991302
12.544091,0.022781,-0.027664,-0.991272
12.544192,0.022629,-0.027695,-0.991318
12.553580,0.022461,-0.027740,-0.991379
12.553697,0.022293,-0.027756,-0.991486
12.553731,0.022171,-0.027756,-0.991592
12.553762,0.022110,-0.027725,-0.991699
12.553801,0.022110,-0.027664,-0.991791
12.553831,0.022186,-0.027573,-0.991852
12.553862,0.022354,-0.027451,-0.991898
12.553890,0.022568,-0.027328,-0.991943
12.563664,0.022827,-0.027206,-0.991959
12.563766,0.023056,-0.027145,-0.991989
12.563796,0.023239,-0.027130,-0.992050
12.563823,0.023346,-0.027161,-0.992111
12.563849,0.023346,-0.027237,-0.992188
12.563874,0.023285,-0.027344,-0.992294
12.563898,0.023163,-0.027481,-0.992401
12.563922,0.023026,-0.027618,-0.992523
12.573664,0.022873,-0.027786,-0.992676
12.573755,0.022736,-0.027969,-0.992844
12.573783,0.022629,-0.028183,-0.993027
12.573809,0.022552,-0.028442,-0.993210
12.573834,0.022507,-0.028732,-0.993408
12.573858,0.022522,-0.029022,-0.993607
12.573883,0.022568,-0.029282,-0.993805
12.573906,0.022644,-0.029480,-0.994019
12.584069,0.022751,-0.029572,-0.994232
12.584202,0.022873,-0.029510,-0.994446
12.584234,0.022995,-0.029327,-0.994598
12.584260,0.023087,-0.028992,-0.994736
12.584285,0.023148,-0.028564,-0.994812
12.584312,0.023163,-0.028076,-0.994858
12.584335,0.023117,-0.027573,-0.994873
12.584358,0.023010,-0.027100,-0.994873
12.593716,0.022842,-0.026688,-0.994873
12.594132,0.022644,-0.026352,-0.994873
12.594162,0.022430,-0.026077,-0.994873
12.594200,0.022217,-0.025864,-0.994873
12.594227,0.022018,-0.025681,-0.994873
12.594251,0.021820,-0.025513,-0.994873
12.594397,0.021637,-0.025375,-0.994873
12.594439,0.021454,-0.025299,-0.994873
12.603756,0.021271,-0.025284,-0.994873
12.603873,0.021118,-0.025330,-0.994873
12.603909,0.021011,-0.025452,-0.994904
12.603939,0.020981,-0.025620,-0.994980
12.603993,0.021057,-0.025818,-0.995087
12.604026,0.021240,-0.025970,-0.995255
12.604056,0.021500,-0.026093,-0.995438
12.604085,0.021835,-0.026169,-0.995651
12.613501,0.022171,-0.026199,-0.995850
12.613615,0.022491,-0.026215,-0.996063
12.613646,0.022751,-0.026245,-0.996262
12.613672,0.022919,-0.026306,-0.996460
12.613697,0.022995,-0.026398,-0.996628
12.613723,0.022980,-0.026535,-0.996780
12.613747,0.022903,-0.026672,-0.996887
12.613771,0.022812,-0.026764,-0.996964
12.623487,0.022705,-0.026810,-0.996964
12.623611,0.022629,-0.026779,-0.996933
12.623647,0.022552,-0.026688,-0.996826
12.623677,0.022476,-0.026566,-0.996643
12.623707,0.022400,-0.026443,-0.996399
12.623736,0.022354,-0.026337,-0.996094
12.623765,0.022354,-0.026230,-0.995743
12.623794,0.022354,-0.026138,-0.995361
12.633526,0.022400,-0.026062,-0.994965
12.633686,0.022461,-0.025986,-0.994598
12.633731,0.022522,-0.025940,-0.994293
12.633772,0.022583,-0.025894,-0.994034
12.633810,0.022659,-0.025864,-0.993851
12.633856,0.022736,-0.025848,-0.993729
12.633895,0.022797,-0.025848,-0.993698
12.633934,0.022812,-0.025848,-0.993729
12.643517,0.022797,-0.025848,-0.993790
12.643656,0.022736,-0.025848,-0.993896
12.643692,0.022629,-0.025818,-0.994064
12.643724,0.022507,-0.025742,-0.994263
12.643756,0.022369,-0.025604,-0.994522
12.643787,0.022232,-0.025421,-0.994797
12.643818,0.022095,-0.025223,-0.995071
12.643847,0.021942,-0.025070,-0.995316
12.653567,0.021774,-0.025009,-0.995514
12.653684,0.021606,-0.025040,-0.995636
12.653713,0.021454,-0.025192,-0.995667
12.653740,0.021332,-0.025436,-0.995605
12.653767,0.021255,-0.025742,-0.995438
12.653791,0.021240,-0.026093,-0.995209
12.653817,0.021286,-0.026428,-0.994934
12.653840,0.021362,-0.026764,-0.994629
12.663474,0.021469,-0.027084,-0.994324
12.663589,0.021606,-0.027390,-0.994049
12.663617,0.021729,-0.027710,-0.993805
12.663642,0.021851,-0.028015,-0.993622
12.663669,0.022034,-0.028305,-0.993500
12.663696,0.022247,-0.028564,-0.993439
12.663720,0.022507,-0.028748,-0.993469
12.663746,0.022797,-0.028839,-0.993546
12.673491,0.023087,-0.028793,-0.993668
12.673586,0.023346,-0.028625,-0.993790
12.673615,0.023529,-0.028351,-0.993866
12.673640,0.023636,-0.027985,-0.993881
12.673664,0.023621,-0.027588,-0.993835
12.673688,0.023514,-0.027206,-0.993683
12.673712,0.023315,-0.026871,-0.993454
12.673736,0.023056,-0.026611,-0.993149
12.683471,0.022736,-0.026443,-0.992798
12.683586,0.022415,-0.026352,-0.992477
12.683852,0.022110,-0.026367,-0.992188
12.683894,0.021835,-0.026459,-0.991959
12.683922,0.021576,-0.026611,-0.991760
12.683948,0.021347,-0.026794,-0.991592
12.683979,0.021164,-0.026993,-0.991409
12.684005,0.021011,-0.027206,-0.991226
12.694710,0.020920,-0.027435,-0.991074
12.694809,0.020905,-0.027664,-0.990952
12.694847,0.020996,-0.027908,-0.990906
12.694873,0.021194,-0.028107,-0.990982
12.694899,0.021454,-0.028290,-0.991196
12.694925,0.021790,-0.028412,-0.991516
12.694950,0.022171,-0.028473,-0.991898
12.694975,0.022568,-0.028473,-0.992294
12.703446,0.022964,-0.028412,-0.992676
12.703561,0.023315,-0.028351,-0.993057
12.703627,0.023636,-0.028305,-0.993393
12.703682,0.023895,-0.028320,-0.993698
12.703732,0.024109,-0.028381,-0.993958
12.703782,0.024261,-0.028488,-0.994156
12.703844,0.024353,-0.028641,-0.994293
12.703896,0.024353,-0.028809,-0.994385
12.713443,0.024292,-0.028915,-0.994431
12.713581,0.024124,-0.028946,-0.994461
12.713643,0.023880,-0.028839,-0.994507
12.713697,0.023544,-0.028641,-0.994553
12.713750,0.023163,-0.028351,-0.994629
12.713802,0.022812,-0.028000,-0.994720
12.713852,0.022537,-0.027634,-0.994827
12.713904,0.022369,-0.027313,-0.994965
12.723449,0.022308,-0.027039,-0.995102
12.723565,0.022354,-0.026825,-0.995270
12.723600,0.022476,-0.026672,-0.995438
12.723630,0.022629,-0.026596,-0.995575
12.723660,0.022781,-0.026581,-0.995697
12.723689,0.022903,-0.026611,-0.995804
12.723718,0.022995,-0.026703,-0.995895
12.723747,0.023010,-0.026825,-0.995972
12.733439,0.022964,-0.026962,-0.996033
12.733561,0.022903,-0.027069,-0.996078
12.733596,0.022797,-0.027176,-0.996094
12.733627,0.022705,-0.027206,-0.996109
12.733656,0.022614,-0.027191,-0.996078
12.733685,0.022552,-0.027084,-0.996033
12.733713,0.022491,-0.026901,-0.995956
12.733741,0.022430,-0.026672,-0.995834
12.743415,0.022385,-0.026428,-0.995651
12.743611,0.022354,-0.026154,-0.995422
12.743654,0.022385,-0.025879,-0.995132
12.743693,0.022461,-0.025604,-0.994827
12.743731,0.022598,-0.025330,-0.994553
12.743770,0.022781,-0.025070,-0.994339
12.743806,0.022980,-0.024841,-0.994232
12.743842,0.023178,-0.024658,-0.994232
12.754000,0.023376,-0.024567,-0.994354
12.754145,0.023560,-0.024551,-0.994568
12.754188,0.023666,-0.024643,-0.994827
12.754204,0.023697,-0.024841,-0.995102
12.754215,0.023666,-0.025131,-0.995377
12.754225,0.023544,-0.025482,-0.995575
12.754236,0.023361,-0.025833,-0.995697
12.754246,0.023102,-0.026199,-0.995728
12.763355,0.022827,-0.026535,-0.995667
12.763465,0.022537,-0.026825,-0.995544
12.763494,0.022278,-0.027084,-0.995392
12.763521,0.022034,-0.027328,-0.995209
12.763546,0.021820,-0.027542,-0.995041
12.763572,0.021667,-0.027771,-0.994888
12.763598,0.021561,-0.027985,-0.994736
12.763624,0.021515,-0.028214,-0.994614
12.773338,0.021561,-0.028397,-0.994507
12.773435,0.021667,-0.028549,-0.994446
12.773463,0.021881,-0.028641,-0.994431
12.773488,0.022141,-0.028610,-0.994476
12.773513,0.022446,-0.028473,-0.994598
12.773537,0.022766,-0.028198,-0.994766
12.773560,0.023056,-0.027832,-0.994949
12.773584,0.023331,-0.027420,-0.995102
12.783465,0.023544,-0.026993,-0.995178
12.783636,0.023727,-0.026627,-0.995193
12.783667,0.023849,-0.026321,-0.995148
12.783695,0.023926,-0.026093,-0.995041
12.783726,0.023956,-0.025940,-0.994919
12.783753,0.023956,-0.025879,-0.994766
12.783777,0.023911,-0.025894,-0.994644
12.783801,0.023834,-0.025986,-0.994537
12.793734,0.023743,-0.026154,-0.994461
12.793894,0.023621,-0.026382,-0.994400
12.794482,0.023544,-0.026657,-0.994354
12.794516,0.023514,-0.026962,-0.994308
12.794542,0.023544,-0.027267,-0.994232
12.794566,0.023636,-0.027557,-0.994110
12.794590,0.023804,-0.027817,-0.993973
12.794614,0.024002,-0.028046,-0.993820
12.803930,0.024185,-0.028214,-0.993683
12.804077,0.024307,-0.028320,-0.993561
12.804109,0.024323,-0.028351,-0.993469
12.804134,0.024216,-0.028351,-0.993393
12.804160,0.023987,-0.028336,-0.993271
12.804196,0.023697,-0.028366,-0.993134
12.804220,0.023376,-0.028412,-0.992981
12.804321,0.023087,-0.028503,-0.992828
12.813456,0.022873,-0.028610,-0.992691
12.813700,0.022766,-0.028717,-0.992584
12.813737,0.022751,-0.028793,-0.992508
12.813766,0.022812,-0.028809,-0.992477
12.813791,0.022919,-0.028778,-0.992493
12.813817,0.023056,-0.028717,-0.992538
12.813842,0.023163,-0.028595,-0.992615
12.813865,0.023270,-0.028427,-0.992691
12.823459,0.023346,-0.028244,-0.992798
12.823588,0.023392,-0.028015,-0.992905
12.823622,0.023392,-0.027771,-0.993027
12.823652,0.023376,-0.027466,-0.993164
12.823680,0.023300,-0.027100,-0.993332
12.823709,0.023148,-0.026688,-0.993484
12.823737,0.022888,-0.026276,-0.993622
12.823766,0.022522,-0.025909,-0.993698
12.833394,0.022079,-0.025650,-0.993713
12.833461,0.021606,-0.025513,-0.993652
12.833476,0.021149,-0.025543,-0.993530
12.833488,0.020782,-0.025726,-0.993393
12.833499,0.020554,-0.026001,-0.993286
12.833509,0.020462,-0.026352,-0.993210
12.833519,0.020554,-0.026733,-0.993195
12.833529,0.020798,-0.027115,-0.993240
12.845280,0.021194,-0.027466,-0.993378
12.845835,0.021713,-0.027802,-0.993607
12.845877,0.022293,-0.028091,-0.993912
12.845903,0.022888,-0.028336,-0.994263
12.845927,0.023438,-0.028549,-0.994614
12.845961,0.023911,-0.028702,-0.994934
12.845987,0.024307,-0.028763,-0.995193
12.846011,0.024597,-0.028717,-0.995392
12.853369,0.024765,-0.028519,-0.995529
12.853513,0.024780,-0.028183,-0.995575
12.853558,0.024673,-0.027740,-0.995560
12.853656,0.024460,-0.027237,-0.995453
12.853699,0.024155,-0.026703,-0.995255
12.853735,0.023849,-0.026230,-0.994965
12.853773,0.023560,-0.025833,-0.994583
12.853811,0.023346,-0.025574,-0.994156
12.863254,0.023209,-0.025421,-0.993744
12.863365,0.023117,-0.025360,-0.993378
12.863399,0.023071,-0.025375,-0.993057
12.863432,0.022995,-0.025467,-0.992798
12.863461,0.022858,-0.025574,-0.992645
12.863493,0.022675,-0.025711,-0.992584
12.863522,0.022461,-0.025879,-0.992615
12.863551,0.022263,-0.026047,-0.992737
12.873253,0.022110,-0.026245,-0.992905
12.873364,0.022034,-0.026428,-0.993118
12.873398,0.022003,-0.026611,-0.993362
12.873428,0.022003,-0.026779,-0.993591
12.873456,0.022003,-0.026901,-0.993790
12.873485,0.021973,-0.026962,-0.993973
12.873514,0.021881,-0.026962,-0.994141
12.873542,0.021759,-0.026886,-0.994293
12.883282,0.021606,-0.026779,-0.994476
12.883411,0.021439,-0.026642,-0.994675
12.883446,0.021301,-0.026489,-0.994873
12.883476,0.021210,-0.026337,-0.995041
12.883505,0.021194,-0.026199,-0.995178
12.883542,0.021271,-0.026031,-0.995316
12.883574,0.021439,-0.025864,-0.995422
12.883603,0.021652,-0.025696,-0.995499
12.893289,0.021896,-0.025528,-0.995590
12.893451,0.022156,-0.025436,-0.995667
12.893495,0.022400,-0.025436,-0.995728
12.893543,0.022598,-0.025558,-0.995743
12.893583,0.022766,-0.025833,-0.995712
12.893620,0.022873,-0.026215,-0.995605
12.893666,0.022934,-0.026688,-0.995438
12.893704,0.022949,-0.027176,-0.995224
12.903451,0.022934,-0.027649,-0.994995
12.903605,0.022888,-0.028091,-0.994766
12.903792,0.022842,-0.028442,-0.994553
12.903846,0.022812,-0.028687,-0.994385
12.903887,0.022797,-0.028809,-0.994293
12.903945,0.022812,-0.028793,-0.994278
12.903986,0.022827,-0.028641,-0.994339
12.904022,0.022842,-0.028397,-0.994476
12.913211,0.022842,-0.028076,-0.994644
12.913340,0.022797,-0.027710,-0.994812
12.913370,0.022705,-0.027344,-0.994949
12.913395,0.022583,-0.026978,-0.994980
12.913429,0.022446,-0.026657,-0.994904
12.913455,0.022278,-0.026367,-0.994705
12.913479,0.022095,-0.026154,-0.994400
12.913504,0.021896,-0.026016,-0.994034
12.923218,0.021713,-0.025970,-0.993622
12.923330,0.021530,-0.026001,-0.993225
12.923357,0.021362,-0.026123,-0.992874
12.923382,0.021210,-0.026306,-0.992615
12.923406,0.021118,-0.026505,-0.992447
12.923430,0.021072,-0.026703,-0.992386
12.923453,0.021088,-0.026886,-0.992401
12.923477,0.021179,-0.027069,-0.992508
12.933241,0.021317,-0.027267,-0.992676
12.933380,0.021484,-0.027481,-0.992874
12.933422,0.021667,-0.027695,-0.993103
12.933453,0.021866,-0.027893,-0.993301
12.933484,0.022079,-0.028046,-0.993500
12.933514,0.022308,-0.028137,-0.993668
12.933543,0.022568,-0.028122,-0.993805
12.933572,0.022858,-0.028015,-0.993927
12.943267,0.023148,-0.027817,-0.994019
12.943404,0.023422,-0.027573,-0.994095
12.943448,0.023666,-0.027313,-0.994171
12.943489,0.023834,-0.027084,-0.994263
12.943526,0.023880,-0.026932,-0.994385
12.943563,0.023819,-0.026855,-0.994522
12.943602,0.023651,-0.026901,-0.994659
12.943640,0.023407,-0.026993,-0.994812
12.955435,0.023102,-0.027115,-0.994980
12.955618,0.022766,-0.027222,-0.995148
12.955651,0.022461,-0.027252,-0.995331
12.955676,0.022186,-0.027222,-0.995499
12.955700,0.021973,-0.027145,-0.995621
12.955725,0.021851,-0.027039,-0.995697
12.955750,0.021805,-0.026917,-0.995697
12.955773,0.021820,-0.026810,-0.995651
12.963172,0.021896,-0.026703,-0.995575
12.963289,0.022018,-0.026596,-0.995468
12.963318,0.022156,-0.026505,-0.995361
12.963350,0.022308,-0.026398,-0.995270
12.963377,0.022476,-0.026306,-0.995224
12.963401,0.022614,-0.026215,-0.995224
12.963426,0.022736,-0.026108,-0.995300
12.963462,0.022797,-0.026031,-0.995438
12.973144,0.022827,-0.025955,-0.995621
12.973232,0.022842,-0.025909,-0.995804
12.973259,0.022858,-0.025879,-0.995972
12.973285,0.022903,-0.025864,-0.996124
12.973309,0.022995,-0.025848,-0.996216
12.973333,0.023163,-0.025848,-0.996292
12.973487,0.023407,-0.025848,-0.996338
12.973514,0.023697,-0.025864,-0.996353
12.983187,0.023987,-0.025894,-0.996338
12.983434,0.024261,-0.025970,-0.996231
12.986880,0.024475,-0.026093,-0.996063
12.986995,0.024582,-0.026291,-0.995834
12.987149,0.024597,-0.026550,-0.995544
12.987210,0.024521,-0.026855,-0.995255
12.987357,0.024368,-0.027161,-0.994949
12.987390,0.024139,-0.027481,-0.994644
12.993158,0.023880,-0.027756,-0.994339
12.993353,0.023575,-0.027954,-0.994034
12.993390,0.023270,-0.028046,-0.993729
12.993417,0.022964,-0.028046,-0.993423
12.993440,0.022690,-0.027969,-0.993164
12.993466,0.022430,-0.027832,-0.992920
12.993489,0.022202,-0.027679,-0.992737
12.993513,0.022018,-0.027527,-0.992615
13.003298,0.021866,-0.027374,-0.992584
13.003372,0.021774,-0.027222,-0.992645
13.003388,0.021744,-0.027054,-0.992798
13.003401,0.021790,-0.026840,-0.993042
13.003415,0.021881,-0.026581,-0.993362
13.003426,0.022049,-0.026306,-0.993729
13.003437,0.022232,-0.026031,-0.994080
13.003447,0.022461,-0.025803,-0.994400
13.013133,0.022705,-0.025650,-0.994659
13.013255,0.022964,-0.025558,-0.994873
13.013290,0.023224,-0.025543,-0.995056
13.013330,0.023483,-0.025574,-0.995224
13.013362,0.023712,-0.025620,-0.995361
13.013393,0.023895,-0.025650,-0.995499
13.013423,0.024033,-0.025665,-0.995621
13.013451,0.024094,-0.025635,-0.995697
13.023176,0.024063,-0.025604,-0.995743
13.023350,0.023956,-0.025589,-0.995728
13.023387,0.023727,-0.025620,-0.995667
13.023417,0.023422,-0.025711,-0.995605
13.023447,0.023056,-0.025879,-0.995529
13.023475,0.022644,-0.026093,-0.995468
13.023504,0.022247,-0.026337,-0.995422
13.023532,0.021912,-0.026581,-0.995377
13.033206,0.021667,-0.026810,-0.995331
13.033339,0.021530,-0.027008,-0.995270
13.033367,0.021545,-0.027161,-0.995178
13.033401,0.021713,-0.027267,-0.995071
13.033428,0.022018,-0.027344,-0.994919
13.033452,0.022415,-0.027420,-0.994781
13.033476,0.022842,-0.027481,-0.994644
13.033506,0.023270,-0.027542,-0.994537
13.043831,0.023621,-0.027618,-0.994415
13.044581,0.023849,-0.027679,-0.994293
13.044669,0.023926,-0.027710,-0.994125
13.044695,0.023865,-0.027679,-0.993927
13.044722,0.023651,-0.027618,-0.993652
13.044747,0.023331,-0.027557,-0.993332
13.044770,0.022964,-0.027496,-0.992981
13.044801,0.022568,-0.027435,-0.992645
13.053885,0.022217,-0.027359,-0.992355
13.054032,0.021942,-0.027252,-0.992142
13.054125,0.021744,-0.027100,-0.991989
13.054200,0.021652,-0.026901,-0.991928
13.054336,0.021637,-0.026642,-0.991959
13.054368,0.021667,-0.026337,-0.992050
13.054403,0.021729,-0.026031,-0.992203
13.054433,0.021820,-0.025787,-0.992371
13.063161,0.021912,-0.025665,-0.992508
13.063273,0.022034,-0.025665,-0.992645
13.063302,0.022156,-0.025803,-0.992752
13.063336,0.022308,-0.026047,-0.992874
13.063362,0.022476,-0.026321,-0.993011
13.063386,0.022705,-0.026611,-0.993179
13.063412,0.022964,-0.026871,-0.993362
13.063435,0.023224,-0.027084,-0.993561
13.073216,0.023468,-0.027283,-0.993759
13.073324,0.023651,-0.027466,-0.993958
13.073358,0.023758,-0.027634,-0.994110
13.073389,0.023773,-0.027817,-0.994202
13.073419,0.023682,-0.027985,-0.994202
13.073448,0.023483,-0.028122,-0.994125
13.073478,0.023193,-0.028244,-0.993958
13.073507,0.022858,-0.028275,-0.993744
13.083090,0.022537,-0.028214,-0.993515
13.083209,0.022278,-0.028076,-0.993332
13.083301,0.022125,-0.027847,-0.993195
13.083333,0.022079,-0.027573,-0.993134
13.083710,0.022095,-0.027283,-0.993134
13.083774,0.022171,-0.027023,-0.993134
13.083804,0.022263,-0.026825,-0.993134
13.083835,0.022354,-0.026688,-0.993149
13.093075,0.022415,-0.026596,-0.993195
13.093229,0.022461,-0.026550,-0.993301
13.093274,0.022522,-0.026520,-0.993454
13.093723,0.022598,-0.026489,-0.993652
13.093764,0.022705,-0.026459,-0.993851
13.093803,0.022827,-0.026459,-0.994064
13.093841,0.022903,-0.026505,-0.994247
13.093879,0.022949,-0.026581,-0.994385
13.103008,0.022949,-0.026672,-0.994476
13.103190,0.022888,-0.026779,-0.994507
13.103229,0.022781,-0.026871,-0.994522
13.103258,0.022644,-0.026947,-0.994507
13.103282,0.022522,-0.026978,-0.994522
13.103306,0.022400,-0.026962,-0.994568
13.103330,0.022293,-0.026901,-0.994629
13.103364,0.022186,-0.026840,-0.994751
13.112997,0.022095,-0.026779,-0.994919
13.113126,0.021988,-0.026779,-0.995087
13.113154,0.021881,-0.026855,-0.995255
13.113180,0.021759,-0.027008,-0.995361
13.113213,0.021652,-0.027222,-0.995422
13.113238,0.021545,-0.027435,-0.995438
13.113261,0.021500,-0.027618,-0.995453
13.113288,0.021484,-0.027740,-0.995453
13.123022,0.021530,-0.027740,-0.995468
13.123112,0.021622,-0.027649,-0.995514
13.123139,0.021729,-0.027466,-0.995590
13.123165,0.021866,-0.027191,-0.995682
13.123189,0.022034,-0.026901,-0.995758
13.123212,0.022247,-0.026596,-0.995789
13.123236,0.022476,-0.026337,-0.995773
13.123260,0.022720,-0.026108,-0.995682
13.133049,0.022980,-0.025925,-0.995575
13.133183,0.023224,-0.025772,-0.995453
13.133219,0.023422,-0.025681,-0.995331
13.133254,0.023575,-0.025604,-0.995209
13.133284,0.023666,-0.025589,-0.995102
13.133322,0.023712,-0.025589,-0.995010
13.133354,0.023712,-0.025650,-0.994919
13.133383,0.023682,-0.025726,-0.994858
13.143852,0.023636,-0.025848,-0.994812
13.143971,0.023575,-0.025986,-0.994797
13.144000,0.023529,-0.026138,-0.994797
13.144024,0.023499,-0.026306,-0.994797
13.144048,0.023468,-0.026505,-0.994781
13.144080,0.023438,-0.026703,-0.994720
13.144108,0.023422,-0.026901,-0.994614
13.144132,0.023422,-0.027100,-0.994492
13.153073,0.023422,-0.027252,-0.994370
13.153200,0.023407,-0.027390,-0.994232
13.153255,0.023376,-0.027496,-0.994110
13.153289,0.023315,-0.027557,-0.994019
13.153319,0.023193,-0.027557,-0.993942
13.153348,0.023041,-0.027512,-0.993896
13.153380,0.022858,-0.027405,-0.993835
13.153417,0.022675,-0.027252,-0.993774
13.162926,0.022522,-0.027084,-0.993698
13.163026,0.022385,-0.026947,-0.993591
13.163061,0.022293,-0.026855,-0.993454
13.163092,0.022263,-0.026855,-0.993301
13.163122,0.022263,-0.026947,-0.993149
13.163153,0.022324,-0.027130,-0.992996
13.163191,0.022385,-0.027344,-0.992889
13.163220,0.022461,-0.027542,-0.992813
13.172977,0.022507,-0.027725,-0.992828
13.173072,0.022522,-0.027863,-0.992889
13.173100,0.022507,-0.027954,-0.992981
13.173125,0.022446,-0.027985,-0.993103
13.173150,0.022400,-0.027985,-0.993225
13.173173,0.022385,-0.027954,-0.993347
13.173197,0.022400,-0.027939,-0.993454
13.173220,0.022491,-0.027908,-0.993561
13.183013,0.022614,-0.027878,-0.993668
13.183169,0.022781,-0.027817,-0.993790
13.183213,0.022964,-0.027695,-0.993881
13.183264,0.023132,-0.027527,-0.993942
13.183303,0.023300,-0.027328,-0.993942
13.183342,0.023422,-0.027100,-0.993866
13.183379,0.023483,-0.026871,-0.993759
13.183422,0.023483,-0.026688,-0.993607
13.193172,0.023453,-0.026535,-0.993454
13.193324,0.023407,-0.026443,-0.993286
13.193371,0.023346,-0.026367,-0.993164
13.193410,0.023254,-0.026321,-0.993088
13.193448,0.023148,-0.026306,-0.993042
13.193497,0.023026,-0.026337,-0.993042
13.193620,0.022888,-0.026382,-0.993042
13.193681,0.022766,-0.026459,-0.993073
13.203009,0.022659,-0.026566,-0.993118
13.203139,0.022568,-0.026688,-0.993179
13.203170,0.022537,-0.026825,-0.993240
13.203197,0.022568,-0.026978,-0.993301
13.203221,0.022659,-0.027115,-0.993332
13.203247,0.022781,-0.027252,-0.993378
13.203418,0.022903,-0.027344,-0.993393
13.203454,0.023010,-0.027405,-0.993439
13.212941,0.023071,-0.027420,-0.993484
13.213077,0.023056,-0.027435,-0.993546
13.213130,0.022980,-0.027451,-0.993607
13.213168,0.022873,-0.027481,-0.993683
13.213213,0.022766,-0.027527,-0.993774
13.213253,0.022659,-0.027603,-0.993881
13.213294,0.022568,-0.027664,-0.993988
13.213331,0.022491,-0.027710,-0.994095
13.222940,0.022400,-0.027710,-0.994202
13.223028,0.022324,-0.027649,-0.994278
13.223062,0.022247,-0.027481,-0.994324
13.223093,0.022171,-0.027222,-0.994370
13.223122,0.022125,-0.026917,-0.994431
13.223151,0.022110,-0.026596,-0.994492
13.223180,0.022110,-0.026306,-0.994583
13.223209,0.022141,-0.026077,-0.994705
13.232965,0.022171,-0.025925,-0.994858
13.233125,0.022247,-0.025848,-0.994995
13.233170,0.022339,-0.025818,-0.995117
13.233209,0.022461,-0.025787,-0.995209
13.233256,0.022614,-0.025757,-0.995255
13.233295,0.022781,-0.025696,-0.995255
13.233335,0.022949,-0.025604,-0.995209
13.233371,0.023132,-0.025497,-0.995117
13.242887,0.023300,-0.025421,-0.994980
13.243030,0.023438,-0.025421,-0.994797
13.243071,0.023544,-0.025482,-0.994614
13.243099,0.023621,-0.025635,-0.994461
13.243123,0.023636,-0.025818,-0.994354
13.243147,0.023605,-0.026031,-0.994308
13.243181,0.023529,-0.026215,-0.994308
13.243206,0.023407,-0.026367,-0.994339
13.254094,0.023270,-0.026489,-0.994370
13.254189,0.023117,-0.026566,-0.994385
13.254207,0.022980,-0.026611,-0.994385
13.254220,0.022903,-0.026611,-0.994354
13.254231,0.022888,-0.026581,-0.994293
13.254242,0.022949,-0.026535,-0.994202
13.254252,0.023026,-0.026489,-0.994080
13.254261,0.023132,-0.026443,-0.993973
13.262876,0.023224,-0.026428,-0.993896
13.263094,0.023285,-0.026428,-0.993851
13.263142,0.023331,-0.026443,-0.993851
13.263176,0.023331,-0.026520,-0.993896
13.263208,0.023300,-0.026627,-0.993942
13.263237,0.023254,-0.026764,-0.993988
13.263266,0.023193,-0.026901,-0.994034
13.263304,0.023117,-0.027039,-0.994080
13.272873,0.023056,-0.027115,-0.994141
13.273097,0.022980,-0.027130,-0.994232
13.273141,0.022873,-0.027039,-0.994370
13.273180,0.022751,-0.026886,-0.994522
13.273222,0.022629,-0.026688,-0.994675
13.273259,0.022507,-0.026474,-0.994827
13.273296,0.022400,-0.026276,-0.994934
13.273333,0.022324,-0.026154,-0.994995
13.283047,0.022263,-0.026108,-0.995010
13.283154,0.022217,-0.026123,-0.995010
13.283189,0.022202,-0.026215,-0.994980
13.283216,0.022217,-0.026337,-0.994965
13.283244,0.022247,-0.026489,-0.994934
13.283276,0.022293,-0.026642,-0.994904
13.283302,0.022293,-0.026794,-0.994858
13.283327,0.022263,-0.026901,-0.994751
13.293590,0.022156,-0.026962,-0.994614
13.293745,0.021973,-0.026993,-0.994400
13.294357,0.021774,-0.026993,-0.994171
13.294421,0.021561,-0.026962,-0.993912
13.294449,0.021408,-0.026917,-0.993637
13.294474,0.021332,-0.026840,-0.993378
13.294498,0.021362,-0.026749,-0.993149
13.294524,0.021515,-0.026642,-0.992966
13.304215,0.021774,-0.026520,-0.992844
13.304335,0.022110,-0.026413,-0.992813
13.304366,0.022537,-0.026352,-0.992874
13.304490,0.022980,-0.026337,-0.992996
13.304519,0.023438,-0.026398,-0.993179
13.304545,0.023849,-0.026535,-0.993423
13.304661,0.024200,-0.026733,-0.993713
13.304694,0.024490,-0.026962,-0.994034
13.313012,0.024673,-0.027176,-0.994385
13.313102,0.024765,-0.027359,-0.994720
13.313130,0.024780,-0.027481,-0.995026
13.313155,0.024719,-0.027573,-0.995255
13.313189,0.024582,-0.027649,-0.995422
13.313222,0.024429,-0.027725,-0.995529
13.313246,0.024246,-0.027802,-0.995590
13.313278,0.024078,-0.027908,-0.995636
13.322942,0.023926,-0.028015,-0.995712
13.323050,0.023788,-0.028107,-0.995834
13.323079,0.023651,-0.028183,-0.995987
13.323105,0.023514,-0.028168,-0.996140
13.323129,0.023346,-0.028061,-0.996277
13.323153,0.023148,-0.027878,-0.996384
13.323177,0.022919,-0.027603,-0.996445
13.323200,0.022675,-0.027267,-0.996429
13.332858,0.022415,-0.026917,-0.996368
13.332988,0.022186,-0.026596,-0.996262
13.333033,0.021973,-0.026321,-0.996155
13.333075,0.021790,-0.026108,-0.996048
13.333113,0.021652,-0.025955,-0.995972
13.333151,0.021545,-0.025864,-0.995911
13.333189,0.021484,-0.025803,-0.995850
13.333324,0.021439,-0.025787,-0.995758
13.342792,0.021393,-0.025818,-0.995636
13.342930,0.021347,-0.025909,-0.995468
13.342974,0.021301,-0.026047,-0.995239
13.343015,0.021271,-0.026245,-0.994980
13.343053,0.021255,-0.026520,-0.994659
13.343093,0.021286,-0.026855,-0.994308
13.343129,0.021378,-0.027222,-0.993942
13.343165,0.021561,-0.027588,-0.993576
13.352837,0.021820,-0.027878,-0.993240
13.352963,0.022141,-0.028061,-0.992935
13.353016,0.022507,-0.028152,-0.992676
13.353042,0.022842,-0.028122,-0.992447
13.353066,0.023132,-0.028015,-0.992233
13.353098,0.023376,-0.027847,-0.992065
13.353124,0.023544,-0.027634,-0.991913
13.353149,0.023621,-0.027405,-0.991776
13.362797,0.023621,-0.027191,-0.991608
13.362901,0.023560,-0.027008,-0.991409
13.362938,0.023468,-0.026871,-0.991165
13.362968,0.023346,-0.026794,-0.990845
13.362998,0.023239,-0.026794,-0.990509
13.363037,0.023178,-0.026840,-0.990173
13.363067,0.023178,-0.026932,-0.989868
13.363096,0.023254,-0.027023,-0.989655
13.372816,0.023376,-0.027084,-0.989548
13.373015,0.023529,-0.027084,-0.989563
13.373049,0.023697,-0.026993,-0.989685
13.373076,0.023834,-0.026779,-0.989914
13.373100,0.023926,-0.026459,-0.990234
13.373155,0.023956,-0.026077,-0.990692
13.373184,0.023911,-0.025650,-0.991272
13.373209,0.023819,-0.025269,-0.991989
13.382756,0.023682,-0.024979,-0.992828
13.382883,0.023499,-0.024811,-0.993790
13.382917,0.023254,-0.024780,-0.994858
13.382971,0.022964,-0.024887,-0.995987
13.383007,0.022629,-0.025131,-0.997177
13.383037,0.022263,-0.025467,-0.998398
13.383068,0.021866,-0.025864,-0.999573
13.383098,0.021484,-0.026260,-1.000656
13.393076,0.021118,-0.026657,-1.001617
13.393230,0.020782,-0.027039,-1.002365
13.393269,0.020493,-0.027405,-1.002884
13.393301,0.020279,-0.027725,-1.003128
13.393332,0.020111,-0.027969,-1.003067
13.393360,0.020020,-0.028122,-1.002747
13.393389,0.019989,-0.028168,-1.002151
13.393426,0.020050,-0.028061,-1.001328
13.402826,0.020187,-0.027786,-1.000305
13.403355,0.020432,-0.027359,-0.999161
13.403428,0.020752,-0.026810,-0.997940
13.403475,0.021133,-0.026230,-0.996689
13.403516,0.021576,-0.025681,-0.995468
13.403555,0.022049,-0.025208,-0.994278
13.403591,0.022537,-0.024872,-0.993149
13.403838,0.023026,-0.024689,-0.992096
13.412749,0.023483,-0.024628,-0.991135
13.412864,0.023926,-0.024689,-0.990295
13.412894,0.024338,-0.024841,-0.989655
13.412920,0.024719,-0.025085,-0.989212
13.412946,0.025024,-0.025375,-0.989029
13.412970,0.025269,-0.025711,-0.989090
13.412994,0.025421,-0.026108,-0.989380
13.413017,0.025436,-0.026535,-0.989853
13.422734,0.025284,-0.026962,-0.990463
13.422855,0.024979,-0.027405,-0.991150
13.422888,0.024536,-0.027817,-0.991882
13.422918,0.023972,-0.028198,-0.992584
13.422947,0.023361,-0.028519,-0.993240
13.422976,0.022751,-0.028763,-0.993805
13.423004,0.022202,-0.028931,-0.994278
13.423032,0.021729,-0.029007,-0.994614
13.432691,0.021347,-0.028992,-0.994812
13.432816,0.021057,-0.028870,-0.994873
13.432851,0.020859,-0.028656,-0.994827
13.432881,0.020752,-0.028336,-0.994720
13.432909,0.020737,-0.027908,-0.994583
13.432947,0.020813,-0.027420,-0.994446
13.432977,0.020996,-0.026886,-0.994339
13.433006,0.021271,-0.026337,-0.994293
13.443072,0.021637,-0.025833,-0.994293
13.443138,0.022049,-0.025406,-0.994370
13.443231,0.022476,-0.025131,-0.994492
13.443258,0.022903,-0.025040,-0.994675
13.443270,0.023285,-0.025146,-0.994888
13.443281,0.023575,-0.025436,-0.995117
13.443291,0.023788,-0.025848,-0.995377
13.443301,0.023895,-0.026321,-0.995621
13.452999,0.023895,-0.026794,-0.995850
13.453132,0.023819,-0.027237,-0.996002
13.453169,0.023666,-0.027603,-0.996063
13.454275,0.023453,-0.027924,-0.996017
13.455230,0.023209,-0.028198,-0.995850
13.455267,0.022934,-0.028412,-0.995544
13.455295,0.022629,-0.028549,-0.995117
13.455324,0.022308,-0.028595,-0.994614
13.462985,0.022003,-0.028564,-0.994095
13.463098,0.021744,-0.028427,-0.993607
13.463130,0.021530,-0.028214,-0.993179
13.463331,0.021378,-0.027969,-0.992844
13.463357,0.021255,-0.027679,-0.992599
13.463381,0.021194,-0.027390,-0.992416
13.463405,0.021164,-0.027115,-0.992279
13.463429,0.021194,-0.026855,-0.992188
13.472642,0.021286,-0.026657,-0.992142
13.472744,0.021469,-0.026505,-0.992142
13.472772,0.021759,-0.026428,-0.992188
13.472799,0.022141,-0.026413,-0.992264
13.472823,0.022598,-0.026459,-0.992401
13.472847,0.023071,-0.026550,-0.992584
13.472871,0.023499,-0.026703,-0.992828
13.472895,0.023849,-0.026901,-0.993118
13.482736,0.024078,-0.027130,-0.993439
13.482856,0.024170,-0.027390,-0.993759
13.482886,0.024139,-0.027679,-0.994080
13.482912,0.024002,-0.027939,-0.994385
13.482943,0.023788,-0.028168,-0.994675
13.482968,0.023544,-0.028336,-0.994919
13.482993,0.023270,-0.028427,-0.995132
13.483019,0.022949,-0.028412,-0.995316
13.495244,0.022629,-0.028290,-0.995453
13.495404,0.022308,-0.028091,-0.995514
13.495795,0.021988,-0.027832,-0.995514
13.495824,0.021698,-0.027573,-0.995453
13.495850,0.021439,-0.027328,-0.995346
13.495874,0.021240,-0.027130,-0.995239
13.495899,0.021103,-0.026993,-0.995132
13.495925,0.021011,-0.026886,-0.995071
13.503239,0.020981,-0.026810,-0.995041
13.503358,0.020996,-0.026749,-0.995056
13.503387,0.021072,-0.026672,-0.995132
13.503413,0.021210,-0.026550,-0.995255
13.503440,0.021423,-0.026413,-0.995392
13.503464,0.021652,-0.026276,-0.995529
13.503612,0.021881,-0.026169,-0.995605
13.503645,0.022110,-0.026108,-0.995621
13.512751,0.022324,-0.026108,-0.995575
13.512816,0.022507,-0.026169,-0.995483
13.512831,0.022659,-0.026276,-0.995377
13.512843,0.022797,-0.026398,-0.995239
13.512854,0.022873,-0.026520,-0.995117
13.512865,0.022903,-0.026596,-0.995026
13.512875,0.022903,-0.026627,-0.994934
13.512885,0.022873,-0.026596,-0.994858
13.523069,0.022842,-0.026535,-0.994751
13.523350,0.022797,-0.026459,-0.994614
13.523391,0.022766,-0.026382,-0.994461
13.523418,0.022751,-0.026352,-0.994293
13.523443,0.022751,-0.026337,-0.994125
13.523468,0.022812,-0.026352,-0.993927
13.523492,0.022888,-0.026398,-0.993698
13.523516,0.022995,-0.026443,-0.993454
13.533565,0.023102,-0.026489,-0.993195
13.533684,0.023209,-0.026535,-0.992950
13.533716,0.023300,-0.026596,-0.992783
13.533742,0.023361,-0.026657,-0.992706
13.533768,0.023407,-0.026749,-0.992706
13.533792,0.023422,-0.026840,-0.992798
13.533890,0.023407,-0.026917,-0.992950
13.533917,0.023346,-0.026947,-0.993149
13.543601,0.023224,-0.026917,-0.993378
13.543682,0.023071,-0.026810,-0.993591
13.543699,0.022919,-0.026642,-0.993790
13.543711,0.022781,-0.026459,-0.993942
13.543722,0.022675,-0.026291,-0.994049
13.543732,0.022629,-0.026199,-0.994156
13.543782,0.022644,-0.026199,-0.994247
13.543845,0.022720,-0.026306,-0.994339
13.553043,0.022827,-0.026520,-0.994415
13.553307,0.022980,-0.026794,-0.994446
13.553343,0.023102,-0.027100,-0.994446
13.553371,0.023224,-0.027390,-0.994370
13.553398,0.023285,-0.027634,-0.994232
13.553422,0.023300,-0.027802,-0.994064
13.553447,0.023270,-0.027893,-0.993896
13.553470,0.023193,-0.027939,-0.993729
13.562618,0.023071,-0.027924,-0.993607
13.562679,0.022949,-0.027878,-0.993546
13.562692,0.022812,-0.027802,-0.993546
13.562703,0.022705,-0.027710,-0.993622
13.562714,0.022629,-0.027588,-0.993744
13.562724,0.022629,-0.027466,-0.993927
13.562734,0.022690,-0.027344,-0.994110
13.562744,0.022797,-0.027237,-0.994278
13.574041,0.022919,-0.027161,-0.994400
13.574145,0.023056,-0.027130,-0.994476
13.574174,0.023209,-0.027115,-0.994507
13.574325,0.023361,-0.027145,-0.994476
13.574353,0.023499,-0.027176,-0.994415
13.574379,0.023636,-0.027206,-0.994324
13.574406,0.023773,-0.027206,-0.994217
13.574432,0.023895,-0.027176,-0.994080
13.582543,0.024002,-0.027084,-0.993927
13.582655,0.024078,-0.026978,-0.993744
13.582683,0.024109,-0.026871,-0.993530
13.582711,0.024078,-0.026794,-0.993286
13.582737,0.024002,-0.026733,-0.993011
13.582761,0.023849,-0.026733,-0.992722
13.582787,0.023666,-0.026764,-0.992447
13.582810,0.023438,-0.026825,-0.992188
13.593850,0.023193,-0.026871,-0.991989
13.593992,0.022934,-0.026917,-0.991882
13.594209,0.022675,-0.026932,-0.991837
13.594250,0.022446,-0.026932,-0.991898
13.594276,0.022278,-0.026917,-0.992020
13.594302,0.022186,-0.026901,-0.992188
13.594329,0.022156,-0.026901,-0.992401
13.594354,0.022217,-0.026901,-0.992615
13.605362,0.022369,-0.026932,-0.992844
13.605485,0.022568,-0.026978,-0.993057
13.605515,0.022827,-0.026993,-0.993286
13.605542,0.023087,-0.027008,-0.993530
13.605568,0.023315,-0.026993,-0.993790
13.605592,0.023483,-0.026962,-0.994064
13.605615,0.023605,-0.026947,-0.994354
13.605649,0.023651,-0.026947,-0.994629
13.612573,0.023621,-0.026993,-0.994873
13.613066,0.023514,-0.027100,-0.995071
13.613107,0.023376,-0.027237,-0.995178
13.613144,0.023193,-0.027374,-0.995209
13.613170,0.023026,-0.027527,-0.995193
13.613194,0.022842,-0.027634,-0.995178
13.613220,0.022675,-0.027725,-0.995163
13.613426,0.022522,-0.027756,-0.995163
13.622504,0.022385,-0.027756,-0.995163
13.622599,0.022293,-0.027710,-0.995148
13.622627,0.022232,-0.027634,-0.995102
13.622653,0.022186,-0.027557,-0.995026
13.622678,0.022171,-0.027481,-0.994904
13.622702,0.022171,-0.027390,-0.994781
13.622726,0.022202,-0.027298,-0.994659
13.622750,0.022278,-0.027206,-0.994553
13.632551,0.022400,-0.027100,-0.994476
13.632657,0.022537,-0.026978,-0.994415
13.632686,0.022659,-0.026840,-0.994385
13.632711,0.022766,-0.026672,-0.994385
13.632759,0.022842,-0.026520,-0.994415
13.632786,0.022873,-0.026382,-0.994461
13.632811,0.022873,-0.026291,-0.994507
13.632836,0.022842,-0.026260,-0.994537
13.643528,0.022812,-0.026245,-0.994568
13.643659,0.022781,-0.026245,-0.994598
13.643687,0.022751,-0.026276,-0.994614
13.643714,0.022690,-0.026291,-0.994583
13.643738,0.022598,-0.026321,-0.994507
13.643762,0.022476,-0.026367,-0.994370
13.643794,0.022324,-0.026428,-0.994171
13.643820,0.022156,-0.026505,-0.993942
13.653985,0.021988,-0.026627,-0.993729
13.654137,0.021851,-0.026779,-0.993530
13.654167,0.021774,-0.026932,-0.993408
13.654195,0.021744,-0.027054,-0.993393
13.654224,0.021759,-0.027145,-0.993439
13.654251,0.021820,-0.027176,-0.993515
13.654590,0.021927,-0.027176,-0.993576
13.654622,0.022049,-0.027161,-0.993622
13.662494,0.022202,-0.027176,-0.993652
13.662611,0.022385,-0.027222,-0.993668
13.662963,0.022568,-0.027298,-0.993713
13.662994,0.022766,-0.027374,-0.993774
13.663021,0.022934,-0.027435,-0.993866
13.663045,0.023071,-0.027481,-0.993973
13.663068,0.023163,-0.027496,-0.994110
13.663100,0.023209,-0.027466,-0.994217
13.672460,0.023209,-0.027390,-0.994293
13.672585,0.023178,-0.027298,-0.994324
13.672612,0.023148,-0.027191,-0.994278
13.672637,0.023117,-0.027115,-0.994186
13.672660,0.023117,-0.027069,-0.994049
13.672684,0.023148,-0.027039,-0.993912
13.672707,0.023163,-0.027023,-0.993805
13.672730,0.023178,-0.027008,-0.993729
13.682450,0.023148,-0.026978,-0.993668
13.682583,0.023056,-0.026932,-0.993622
13.682628,0.022903,-0.026917,-0.993576
13.682668,0.022736,-0.026932,-0.993484
13.682706,0.022583,-0.026993,-0.993347
13.682745,0.022446,-0.027115,-0.993149
13.682781,0.022339,-0.027298,-0.992935
13.682817,0.022263,-0.027527,-0.992722
13.692448,0.022217,-0.027740,-0.992569
13.694917,0.022217,-0.027939,-0.992462
13.694961,0.022278,-0.028091,-0.992416
13.694995,0.022354,-0.028214,-0.992432
13.695025,0.022476,-0.028259,-0.992493
13.695054,0.022629,-0.028259,-0.992584
13.695085,0.022812,-0.028259,-0.992691
13.695115,0.022980,-0.028244,-0.992813
13.703245,0.023102,-0.028244,-0.992935
13.703363,0.023178,-0.028229,-0.993057
13.703396,0.023209,-0.028198,-0.993195
13.703423,0.023178,-0.028122,-0.993362
13.703459,0.023117,-0.028030,-0.993546
13.703485,0.023026,-0.027878,-0.993759
13.703511,0.022903,-0.027710,-0.993973
13.703541,0.022751,-0.027512,-0.994202
13.712366,0.022568,-0.027313,-0.994415
13.712477,0.022400,-0.027161,-0.994583
13.712515,0.022247,-0.027054,-0.994720
13.712543,0.022171,-0.027023,-0.994812
13.712569,0.022156,-0.027054,-0.994843
13.712595,0.022202,-0.027130,-0.994843
13.713433,0.022324,-0.027206,-0.994812
13.713499,0.022491,-0.027283,-0.994766
13.722365,0.022675,-0.027298,-0.994720
13.722472,0.022873,-0.027252,-0.994690
13.722500,0.023041,-0.027191,-0.994675
13.722525,0.023163,-0.027100,-0.994675
13.722548,0.023224,-0.027023,-0.994736
13.722572,0.023239,-0.026962,-0.994843
13.722595,0.023193,-0.026917,-0.994995
13.722619,0.023132,-0.026871,-0.995163
13.732397,0.023026,-0.026840,-0.995316
13.732466,0.022934,-0.026810,-0.995407
13.732480,0.022842,-0.026749,-0.995392
13.732492,0.022751,-0.026703,-0.995270
13.732503,0.022675,-0.026642,-0.995056
13.732512,0.022598,-0.026596,-0.994766
13.732522,0.022537,-0.026581,-0.994476
13.732532,0.022491,-0.026611,-0.994171
13.742391,0.022446,-0.026672,-0.993927
13.743981,0.022400,-0.026749,-0.993744
13.744078,0.022354,-0.026810,-0.993668
13.744122,0.022308,-0.026825,-0.993698
13.744255,0.022263,-0.026810,-0.993866
13.744295,0.022217,-0.026764,-0.994141
13.744331,0.022156,-0.026733,-0.994492
13.744370,0.022095,-0.026703,-0.994888
13.755613,0.022049,-0.026703,-0.995270
13.755727,0.022049,-0.026749,-0.995621
13.755758,0.022095,-0.026840,-0.995880
13.755772,0.022186,-0.026978,-0.996017
13.755783,0.022339,-0.027130,-0.996048
13.755794,0.022552,-0.027267,-0.995972
13.755805,0.022812,-0.027344,-0.995804
13.755850,0.023087,-0.027374,-0.995560
13.762313,0.023346,-0.027328,-0.995255
13.762368,0.023590,-0.027237,-0.994904
13.762382,0.023788,-0.027145,-0.994537
13.762393,0.023926,-0.027054,-0.994171
13.762404,0.024002,-0.026978,-0.993835
13.762414,0.024002,-0.026886,-0.993576
13.762424,0.023972,-0.026794,-0.993423
13.762434,0.023895,-0.026703,-0.993408
13.772365,0.023819,-0.026611,-0.993500
13.772430,0.023758,-0.026520,-0.993683
13.772445,0.023697,-0.026459,-0.993912
13.772457,0.023636,-0.026443,-0.994141
13.772467,0.023560,-0.026474,-0.994370
13.772477,0.023468,-0.026581,-0.994553
13.772487,0.023392,-0.026718,-0.994659
13.772496,0.023346,-0.026901,-0.994736
13.782504,0.023331,-0.027084,-0.994751
13.782640,0.023361,-0.027206,-0.994751
13.782677,0.023407,-0.027267,-0.994736
13.782708,0.023468,-0.027222,-0.994705
13.782734,0.023529,-0.027069,-0.994690
13.782760,0.023590,-0.026840,-0.994659
13.782785,0.023621,-0.026566,-0.994644
13.782809,0.023651,-0.026291,-0.994598
13.792346,0.023666,-0.026077,-0.994507
13.792450,0.023651,-0.025909,-0.994385
13.792501,0.023605,-0.025818,-0.994232
13.792519,0.023544,-0.025787,-0.994080
13.792531,0.023453,-0.025787,-0.993927
13.792542,0.023346,-0.025803,-0.993790
13.792552,0.023239,-0.025818,-0.993652
13.792562,0.023132,-0.025833,-0.993515
13.802317,0.023026,-0.025894,-0.993362
13.802377,0.022934,-0.026001,-0.993195
13.802391,0.022842,-0.026169,-0.993011
13.802404,0.022781,-0.026382,-0.992828
13.802415,0.022736,-0.026627,-0.992691
13.802426,0.022736,-0.026901,-0.992615
13.802435,0.022766,-0.027145,-0.992599
13.802444,0.022827,-0.027374,-0.992691
13.812373,0.022903,-0.027557,-0.992859
13.812440,0.022980,-0.027695,-0.993057
13.812455,0.023056,-0.027802,-0.993286
13.812468,0.023102,-0.027847,-0.993515
13.812479,0.023148,-0.027847,-0.993713
13.812489,0.023178,-0.027817,-0.993896
13.812512,0.023224,-0.027740,-0.994034
13.812538,0.023270,-0.027649,-0.994171
13.822329,0.023315,-0.027527,-0.994293
13.822384,0.023315,-0.027374,-0.994370
13.822399,0.023285,-0.027191,-0.994370
13.822410,0.023193,-0.026993,-0.994293
13.822421,0.023056,-0.026810,-0.994110
13.822431,0.022903,-0.026657,-0.993866
13.822440,0.022766,-0.026566,-0.993591
13.822450,0.022690,-0.026535,-0.993317
13.832342,0.022675,-0.026596,-0.993057
13.832399,0.022720,-0.026703,-0.992828
13.832413,0.022797,-0.026840,-0.992661
13.832424,0.022919,-0.026993,-0.992554
13.832434,0.023041,-0.027100,-0.992508
13.832444,0.023132,-0.027161,-0.992508
13.832454,0.023193,-0.027161,-0.992554
13.832463,0.023224,-0.027100,-0.992630
13.842339,0.023239,-0.026978,-0.992737
13.842394,0.023239,-0.026825,-0.992874
13.842408,0.023239,-0.026657,-0.993057
13.842419,0.023224,-0.026459,-0.993271
13.842429,0.023224,-0.026245,-0.993530
13.842439,0.023193,-0.026031,-0.993774
13.842448,0.023163,-0.025833,-0.993988
13.842457,0.023117,-0.025665,-0.994156
13.852301,0.023071,-0.025543,-0.994247
13.852352,0.023041,-0.025482,-0.994263
13.852365,0.023041,-0.025528,-0.994232
13.852375,0.023071,-0.025681,-0.994171
13.852385,0.023148,-0.025940,-0.994095
13.852403,0.023239,-0.026245,-0.994034
13.852415,0.023315,-0.026581,-0.994019
13.852425,0.023376,-0.026917,-0.994049
13.862299,0.023392,-0.027206,-0.994095
13.862351,0.023361,-0.027420,-0.994171
13.862363,0.023300,-0.027542,-0.994263
13.862374,0.023193,-0.027557,-0.994354
13.862383,0.023087,-0.027512,-0.994431
13.862392,0.022964,-0.027435,-0.994522
13.862401,0.022873,-0.027344,-0.994598
13.862411,0.022797,-0.027267,-0.994720
13.872280,0.022736,-0.027191,-0.994858
13.872325,0.022659,-0.027115,-0.995026
13.872337,0.022568,-0.027008,-0.995255
13.872348,0.022446,-0.026901,-0.995499
13.872357,0.022324,-0.026779,-0.995743
13.872366,0.022217,-0.026642,-0.995987
13.872375,0.022156,-0.026505,-0.996185
13.872384,0.022156,-0.026367,-0.996307
13.882233,0.022247,-0.026215,-0.996368
13.882294,0.022385,-0.026062,-0.996323
13.882313,0.022552,-0.025925,-0.996185
13.882324,0.022766,-0.025803,-0.995987
13.882334,0.022980,-0.025696,-0.995743
13.882344,0.023193,-0.025589,-0.995499
13.882353,0.023376,-0.025558,-0.995285
13.882362,0.023499,-0.025589,-0.995132
13.892238,0.023560,-0.025711,-0.995056
13.892299,0.023514,-0.025909,-0.995041
13.892313,0.023376,-0.026169,-0.995087
13.892325,0.023148,-0.026443,-0.995193
13.892335,0.022888,-0.026749,-0.995346
13.892349,0.022629,-0.027008,-0.995544
13.892360,0.022369,-0.027206,-0.995743
13.892370,0.022171,-0.027328,-0.995956
13.902751,0.022049,-0.027374,-0.996185
13.903150,0.021988,-0.027374,-0.996368
13.903184,0.022018,-0.027328,-0.996506
13.903212,0.022095,-0.027283,-0.996567
13.903236,0.022232,-0.027222,-0.996506
13.903376,0.022385,-0.027145,-0.996338
13.903408,0.022537,-0.027039,-0.996063
13.903433,0.022705,-0.026886,-0.995743
13.912335,0.022858,-0.026718,-0.995392
13.912446,0.022995,-0.026550,-0.995041
13.912483,0.023117,-0.026398,-0.994736
13.912512,0.023209,-0.026291,-0.994492
13.912538,0.023270,-0.026230,-0.994308
13.913195,0.023270,-0.026245,-0.994171
13.913226,0.023224,-0.026321,-0.994095
13.913664,0.023132,-0.026459,-0.994049
13.922817,0.023041,-0.026611,-0.994003
13.922938,0.022980,-0.026749,-0.993973
13.923211,0.022934,-0.026871,-0.993942
13.923236,0.022934,-0.026978,-0.993912
13.923260,0.022964,-0.027054,-0.993896
13.923284,0.022995,-0.027161,-0.993851
13.923307,0.023026,-0.027298,-0.993805
13.923331,0.023026,-0.027466,-0.993729
13.932262,0.022980,-0.027664,-0.993637
13.932399,0.022903,-0.027847,-0.993546
13.932430,0.022797,-0.028015,-0.993469
13.932456,0.022705,-0.028107,-0.993423
13.932480,0.022659,-0.028152,-0.993408
13.932505,0.022659,-0.028137,-0.993439
13.932529,0.022720,-0.028046,-0.993469
13.932555,0.022842,-0.027878,-0.993484
13.942137,0.022964,-0.027679,-0.993484
13.942242,0.023071,-0.027466,-0.993439
13.942272,0.023148,-0.027252,-0.993378
13.942299,0.023163,-0.027054,-0.993301
13.942324,0.023148,-0.026871,-0.993210
13.942348,0.023087,-0.026733,-0.993149
13.942371,0.022995,-0.026627,-0.993118
13.942405,0.022888,-0.026520,-0.993149
13.952172,0.022766,-0.026459,-0.993240
13.952283,0.022629,-0.026428,-0.993439
13.952312,0.022476,-0.026474,-0.993683
13.952742,0.022339,-0.026566,-0.993927
13.952772,0.022217,-0.026688,-0.994156
13.952799,0.022141,-0.026825,-0.994339
13.952823,0.022141,-0.026993,-0.994446
13.952847,0.022232,-0.027161,-0.994476
13.962178,0.022400,-0.027283,-0.994461
13.962294,0.022583,-0.027359,-0.994446
13.962324,0.022797,-0.027420,-0.994446
13.962351,0.022980,-0.027496,-0.994476
13.962376,0.023148,-0.027557,-0.994537
13.962400,0.023285,-0.027634,-0.994598
13.962424,0.023376,-0.027725,-0.994644
13.962457,0.023422,-0.027817,-0.994659
13.972144,0.023468,-0.027893,-0.994644
13.972263,0.023483,-0.027924,-0.994568
13.972296,0.023483,-0.027908,-0.994476
13.972401,0.023483,-0.027802,-0.994385
13.972445,0.023468,-0.027634,-0.994308
13.972477,0.023422,-0.027435,-0.994232
13.972507,0.023376,-0.027222,-0.994156
13.972536,0.023300,-0.027039,-0.994080
13.982177,0.023209,-0.026901,-0.994019
13.982324,0.023132,-0.026825,-0.993988
13.982379,0.023056,-0.026810,-0.994003
13.982424,0.022964,-0.026825,-0.994049
13.982464,0.022888,-0.026840,-0.994141
13.982502,0.022781,-0.026825,-0.994293
13.982548,0.022659,-0.026779,-0.994461
13.982586,0.022507,-0.026718,-0.994644
13.995495,0.022324,-0.026627,-0.994797
13.995653,0.022125,-0.026550,-0.994919
13.995684,0.021973,-0.026489,-0.995026
13.995710,0.021881,-0.026459,-0.995087
13.995846,0.021866,-0.026474,-0.995132
13.995874,0.021957,-0.026520,-0.995148
13.996044,0.022125,-0.026611,-0.995148
13.996074,0.022354,-0.026749,-0.995148
14.002097,0.022598,-0.026901,-0.995102
14.002210,0.022842,-0.027039,-0.995026
14.002240,0.023026,-0.027145,-0.994873
14.002266,0.023132,-0.027252,-0.994659
14.002292,0.023193,-0.027328,-0.994431
14.002315,0.023178,-0.027374,-0.994202
14.002338,0.023132,-0.027405,-0.994003
14.002361,0.023041,-0.027359,-0.993851
14.012116,0.022949,-0.027267,-0.993729
14.012219,0.022873,-0.027084,-0.993652
14.012240,0.022812,-0.026855,-0.993607
14.012252,0.022766,-0.026566,-0.993591
14.012263,0.022751,-0.026306,-0.993622
14.012273,0.022766,-0.026077,-0.993668
14.012283,0.022797,-0.025909,-0.993759
14.012292,0.022827,-0.025848,-0.993881
14.022167,0.022873,-0.025879,-0.994034
14.022283,0.022919,-0.025970,-0.994202
14.022317,0.022995,-0.026123,-0.994370
14.022348,0.023041,-0.026306,-0.994507
14.022377,0.023102,-0.026474,-0.994614
14.022406,0.023132,-0.026596,-0.994675
14.022435,0.023163,-0.026688,-0.994690
14.022464,0.023148,-0.026718,-0.994675
14.032121,0.023117,-0.026703,-0.994705
14.032243,0.023071,-0.026688,-0.994751
14.032272,0.023010,-0.026703,-0.994827
14.032307,0.022934,-0.026749,-0.994904
14.032334,0.022873,-0.026840,-0.994934
14.032358,0.022842,-0.026962,-0.994919
14.032388,0.022827,-0.027069,-0.994843
14.032415,0.022842,-0.027161,-0.994720
14.047034,0.022858,-0.027206,-0.994537
14.047358,0.022873,-0.027222,-0.994339
14.047491,0.022888,-0.027222,-0.994110
14.047515,0.022873,-0.027237,-0.993896
14.047602,0.022842,-0.027283,-0.993729
14.047632,0.022781,-0.027374,-0.993607
14.047650,0.022720,-0.027481,-0.993546
14.047666,0.022675,-0.027573,-0.993515
14.052059,0.022659,-0.027618,-0.993484
14.052205,0.022675,-0.027618,-0.993469
14.052259,0.022720,-0.027557,-0.993469
14.052297,0.022797,-0.027435,-0.993500
14.052322,0.022888,-0.027298,-0.993530
14.052346,0.022964,-0.027176,-0.993591
14.052370,0.023026,-0.027054,-0.993698
14.052402,0.023026,-0.026962,-0.993790
14.062236,0.023010,-0.026901,-0.993866
14.062345,0.022949,-0.026855,-0.993881
14.062375,0.022858,-0.026825,-0.993851
14.062402,0.022766,-0.026810,-0.993790
14.062427,0.022675,-0.026810,-0.993713
14.062450,0.022629,-0.026825,-0.993637
14.062474,0.022614,-0.026855,-0.993591
14.062506,0.022629,-0.026932,-0.993607
14.072219,0.022690,-0.027054,-0.993668
14.072321,0.022736,-0.027176,-0.993759
14.072349,0.022797,-0.027298,-0.993896
14.072373,0.022858,-0.027405,-0.994049
14.072398,0.022919,-0.027451,-0.994232
14.072421,0.022995,-0.027435,-0.994415
14.072444,0.023041,-0.027390,-0.994568
14.072468,0.023071,-0.027328,-0.994675
14.082224,0.023071,-0.027267,-0.994705
14.082339,0.023026,-0.027237,-0.994690
14.082373,0.022949,-0.027237,-0.994614
14.082403,0.022858,-0.027237,-0.994492
14.082434,0.022766,-0.027222,-0.994324
14.082464,0.022675,-0.027206,-0.994156
14.082495,0.022614,-0.027176,-0.994019
14.082523,0.022598,-0.027161,-0.993927
14.092282,0.022629,-0.027130,-0.993912
14.092399,0.022675,-0.027115,-0.993973
14.092436,0.022705,-0.027100,-0.994125
14.092467,0.022675,-0.027100,-0.994354
14.094402,0.022598,-0.027084,-0.994629
14.094447,0.022476,-0.027054,-0.994934
14.094479,0.022339,-0.027008,-0.995209
14.094509,0.022217,-0.026932,-0.995453
14.103063,0.022125,-0.026855,-0.995621
14.103194,0.022079,-0.026779,-0.995728
14.103232,0.022064,-0.026718,-0.995758
14.103384,0.022110,-0.026703,-0.995743
14.103433,0.022171,-0.026703,-0.995636
14.103466,0.022232,-0.026764,-0.995468
14.103512,0.022278,-0.026855,-0.995239
14.103544,0.022278,-0.026962,-0.994980
14.112062,0.022263,-0.027084,-0.994705
14.112180,0.022232,-0.027191,-0.994446
14.112210,0.022232,-0.027298,-0.994202
14.112237,0.022247,-0.027374,-0.994003
14.112261,0.022263,-0.027420,-0.993835
14.112285,0.022278,-0.027420,-0.993698
14.112349,0.022278,-0.027435,-0.993576
14.112389,0.022247,-0.027451,-0.993484
14.122012,0.022186,-0.027512,-0.993423
14.122136,0.022125,-0.027603,-0.993362
14.122170,0.022079,-0.027725,-0.993301
14.122200,0.022049,-0.027847,-0.993286
14.122230,0.022034,-0.027939,-0.993332
14.122258,0.022049,-0.027939,-0.993439
14.122287,0.022079,-0.027878,-0.993607
14.122315,0.022110,-0.027710,-0.993835
14.132045,0.022141,-0.027496,-0.994080
14.132318,0.022156,-0.027267,-0.994278
14.132357,0.022156,-0.027054,-0.994431
14.132389,0.022141,-0.026871,-0.994522
14.132420,0.022125,-0.026749,-0.994553
14.132450,0.022141,-0.026657,-0.994553
14.132623,0.022186,-0.026596,-0.994537
14.132667,0.022263,-0.026566,-0.994507
14.142326,0.022400,-0.026581,-0.994461
14.142477,0.022537,-0.026611,-0.994400
14.142523,0.022644,-0.026672,-0.994339
14.142562,0.022720,-0.026718,-0.994278
14.142602,0.022705,-0.026749,-0.994232
14.142640,0.022614,-0.026779,-0.994217
14.142678,0.022491,-0.026779,-0.994232
14.142714,0.022385,-0.026794,-0.994278
14.152300,0.022324,-0.026810,-0.994354
14.152426,0.022308,-0.026825,-0.994461
14.152455,0.022308,-0.026840,-0.994553
14.152483,0.022308,-0.026871,-0.994614
14.152507,0.022293,-0.026932,-0.994629
14.152531,0.022278,-0.026993,-0.994598
14.152679,0.022247,-0.027084,-0.994537
14.152707,0.022247,-0.027161,-0.994446
14.161998,0.022263,-0.027222,-0.994324
14.162128,0.022324,-0.027267,-0.994217
14.162182,0.022446,-0.027298,-0.994110
14.162221,0.022583,-0.027298,-0.994019
14.162269,0.022736,-0.027283,-0.993958
14.162306,0.022842,-0.027237,-0.993912
14.162344,0.022888,-0.027206,-0.993881
14.162380,0.022827,-0.027176,-0.993866
14.171955,0.022690,-0.027176,-0.993866
14.172058,0.022522,-0.027191,-0.993866
14.172091,0.022354,-0.027252,-0.993866
14.172121,0.022232,-0.027344,-0.993866
14.172150,0.022202,-0.027466,-0.993866
14.172179,0.022232,-0.027573,-0.993881
14.172207,0.022339,-0.027649,-0.993881
14.172236,0.022461,-0.027695,-0.993881
14.181964,0.022598,-0.027679,-0.993851
14.182071,0.022751,-0.027588,-0.993820
14.182104,0.022873,-0.027451,-0.993759
14.182129,0.022995,-0.027283,-0.993713
14.182155,0.023117,-0.027115,-0.993668
14.182180,0.023209,-0.026978,-0.993637
14.182203,0.023270,-0.026886,-0.993622
14.182227,0.023254,-0.026855,-0.993607
14.191909,0.023193,-0.026855,-0.993622
14.192014,0.023087,-0.026871,-0.993652
14.192044,0.022964,-0.026855,-0.993698
14.192073,0.022812,-0.026840,-0.993744
14.192098,0.022675,-0.026794,-0.993820
14.192122,0.022537,-0.026779,-0.993896
14.192146,0.022415,-0.026779,-0.993973
14.192170,0.022324,-0.026794,-0.994034
14.201955,0.022247,-0.026825,-0.994080
14.202085,0.022202,-0.026871,-0.994110
14.202122,0.022156,-0.026901,-0.994141
14.202153,0.022095,-0.026901,-0.994141
14.202185,0.022049,-0.026871,-0.994141
14.202213,0.022034,-0.026794,-0.994125
14.202241,0.022064,-0.026703,-0.994080
14.202277,0.022156,-0.026611,-0.994019
14.211938,0.022308,-0.026520,-0.993958
14.212067,0.022522,-0.026459,-0.993881
14.212146,0.022781,-0.026428,-0.993851
14.212181,0.023041,-0.026413,-0.993851
14.212207,0.023254,-0.026382,-0.993896
14.212231,0.023438,-0.026337,-0.993958
14.212264,0.023560,-0.026260,-0.994034
14.212291,0.023621,-0.026138,-0.994080
14.221907,0.023621,-0.026016,-0.994080
14.222031,0.023590,-0.025894,-0.994064
14.222066,0.023514,-0.025787,-0.994034
14.222097,0.023438,-0.025711,-0.993988
14.222127,0.023346,-0.025665,-0.993927
14.222156,0.023254,-0.025620,-0.993866
14.222184,0.023178,-0.025574,-0.993805
14.222213,0.023087,-0.025528,-0.993790
14.231923,0.022995,-0.025482,-0.993805
14.232032,0.022903,-0.025482,-0.993896
14.232067,0.022842,-0.025528,-0.994019
14.232099,0.022812,-0.025620,-0.994171
14.232131,0.022812,-0.025772,-0.994339
14.232160,0.022858,-0.025986,-0.994492
14.232189,0.022919,-0.026230,-0.994598
14.232229,0.022980,-0.026505,-0.994659
14.241921,0.023041,-0.026794,-0.994659
14.242153,0.023087,-0.027039,-0.994598
14.242271,0.023102,-0.027222,-0.994476
14.242346,0.023087,-0.027344,-0.994339
14.242403,0.023026,-0.027405,-0.994171
14.242454,0.022934,-0.027435,-0.994019
14.243161,0.022781,-0.027451,-0.993896
14.243207,0.022614,-0.027466,-0.993774
14.252466,0.022446,-0.027496,-0.993668
14.252721,0.022324,-0.027512,-0.993576
14.252761,0.022293,-0.027527,-0.993469
14.252794,0.022354,-0.027527,-0.993378
14.252824,0.022476,-0.027481,-0.993301
14.252855,0.022644,-0.027420,-0.993271
14.252993,0.022797,-0.027359,-0.993256
14.253048,0.022919,-0.027267,-0.993271
14.261863,0.022995,-0.027176,-0.993301
14.261940,0.023010,-0.027084,-0.993317
14.261956,0.022980,-0.026962,-0.993347
14.261968,0.022934,-0.026840,-0.993393
14.261979,0.022873,-0.026703,-0.993454
14.261990,0.022827,-0.026550,-0.993515
14.262001,0.022781,-0.026413,-0.993561
14.262013,0.022766,-0.026276,-0.993607
14.271855,0.022781,-0.026138,-0.993668
14.271957,0.022781,-0.026047,-0.993744
14.271986,0.022766,-0.026001,-0.993835
14.272011,0.022720,-0.026016,-0.993942
14.272036,0.022659,-0.026093,-0.994049
14.272060,0.022583,-0.026230,-0.994171
14.272084,0.022522,-0.026413,-0.994324
14.272108,0.022476,-0.026611,-0.994492
14.281839,0.022430,-0.026825,-0.994644
14.281956,0.022385,-0.027008,-0.994781
14.281985,0.022324,-0.027161,-0.994858
14.282018,0.022232,-0.027298,-0.994858
14.282045,0.022125,-0.027451,-0.994720
14.282070,0.022049,-0.027664,-0.994415
14.282095,0.022034,-0.027954,-0.993942
14.282120,0.022110,-0.028336,-0.993301
14.291815,0.022308,-0.028793,-0.992508
14.291956,0.022644,-0.029266,-0.991623
14.291986,0.023071,-0.029709,-0.990738
14.292012,0.023560,-0.030014,-0.989883
14.292037,0.024063,-0.030075,-0.989151
14.292070,0.024521,-0.029816,-0.988602
14.292096,0.024887,-0.029144,-0.988281
14.292119,0.025131,-0.028091,-0.988235
14.302439,0.025223,-0.026733,-0.988464
14.302771,0.025192,-0.025162,-0.988998
14.302809,0.025009,-0.023575,-0.989777
14.302843,0.024719,-0.022141,-0.990768
14.302873,0.024338,-0.020996,-0.991989
14.302902,0.023895,-0.020264,-0.993378
14.303002,0.023407,-0.020020,-0.994888
14.303036,0.022903,-0.020309,-0.996475
14.311910,0.022400,-0.021103,-0.998093
14.312017,0.021927,-0.022369,-0.999680
14.312048,0.021530,-0.024002,-1.001205
14.312073,0.021194,-0.025894,-1.002563
14.312097,0.020950,-0.027863,-1.003738
14.312128,0.020752,-0.029755,-1.004639
14.312154,0.020584,-0.031448,-1.005249
14.312179,0.020416,-0.032822,-1.005493
14.322947,0.020248,-0.033783,-1.005356
14.323207,0.020065,-0.034286,-1.004791
14.323343,0.019897,-0.034317,-1.003799
14.323374,0.019806,-0.033920,-1.002426
14.323399,0.019806,-0.033127,-1.000732
14.323424,0.019958,-0.032013,-0.998795
14.323448,0.020294,-0.030655,-0.996689
14.323472,0.020828,-0.029175,-0.994522
14.331794,0.021530,-0.027603,-0.992386
14.331908,0.022354,-0.026077,-0.990387
14.331938,0.023254,-0.024704,-0.988586
14.331964,0.024170,-0.023560,-0.987091
14.331996,0.025024,-0.022751,-0.985947
14.332024,0.025803,-0.022324,-0.985168
14.332049,0.026413,-0.022263,-0.984787
14.332073,0.026886,-0.022583,-0.984772
14.341765,0.027206,-0.023224,-0.985107
14.341954,0.027374,-0.024094,-0.985779
14.342005,0.027435,-0.025131,-0.986710
14.342040,0.027359,-0.026215,-0.987839
14.342071,0.027161,-0.027283,-0.989090
14.342102,0.026840,-0.028259,-0.990372
14.342135,0.026382,-0.029068,-0.991592
14.342163,0.025803,-0.029724,-0.992661
14.352648,0.025131,-0.030167,-0.993546
14.352795,0.024384,-0.030441,-0.994202
14.352831,0.023621,-0.030518,-0.994659
14.352870,0.022873,-0.030396,-0.994904
14.352902,0.022186,-0.030106,-0.994949
14.352931,0.021606,-0.029648,-0.994827
14.352969,0.021133,-0.029037,-0.994553
14.352998,0.020798,-0.028351,-0.994171
14.361759,0.020615,-0.027634,-0.993713
14.361824,0.020599,-0.026962,-0.993256
14.361838,0.020798,-0.026352,-0.992828
14.361849,0.021210,-0.025879,-0.992477
14.361860,0.021790,-0.025543,-0.992249
14.361870,0.022522,-0.025360,-0.992142
14.361880,0.023331,-0.025299,-0.992172
14.361890,0.024155,-0.025345,-0.992340
14.371780,0.024918,-0.025467,-0.992661
14.371895,0.025543,-0.025604,-0.993103
14.371964,0.026031,-0.025742,-0.993652
14.372049,0.026352,-0.025879,-0.994293
14.372078,0.026474,-0.025970,-0.994934
14.372104,0.026398,-0.026047,-0.995529
14.372128,0.026154,-0.026108,-0.995987
14.372153,0.025772,-0.026169,-0.996292
14.381746,0.025269,-0.026215,-0.996399
14.381891,0.024643,-0.026276,-0.996307
14.381923,0.023941,-0.026337,-0.996033
14.381951,0.023193,-0.026413,-0.995590
14.381975,0.022461,-0.026505,-0.995041
14.381999,0.021790,-0.026596,-0.994446
14.382023,0.021194,-0.026718,-0.993835
14.382057,0.020706,-0.026825,-0.993225
14.391789,0.020355,-0.026947,-0.992661
14.392366,0.020157,-0.027054,-0.992126
14.392398,0.020096,-0.027161,-0.991638
14.392446,0.020218,-0.027191,-0.991196
14.392471,0.020462,-0.027176,-0.990814
14.392562,0.020844,-0.027069,-0.990555
14.392587,0.021332,-0.026901,-0.990417
14.392613,0.021896,-0.026688,-0.990479
14.401755,0.022491,-0.026459,-0.990738
14.401861,0.023056,-0.026260,-0.991211
14.401892,0.023590,-0.026108,-0.991852
14.401918,0.024063,-0.026016,-0.992615
14.401945,0.024460,-0.026016,-0.993423
14.401969,0.024765,-0.026077,-0.994247
14.401993,0.024979,-0.026169,-0.995056
14.402016,0.025116,-0.026291,-0.995819
14.411771,0.025177,-0.026413,-0.996521
14.411914,0.025177,-0.026581,-0.997147
14.411947,0.025101,-0.026764,-0.997681
14.411973,0.024979,-0.026962,-0.998108
14.411997,0.024780,-0.027176,-0.998398
14.412030,0.024490,-0.027420,-0.998550
14.412057,0.024109,-0.027649,-0.998566
14.412082,0.023651,-0.027863,-0.998428
14.421702,0.023117,-0.028046,-0.998154
14.421826,0.022537,-0.028168,-0.997757
14.421861,0.022003,-0.028275,-0.997269
14.421877,0.021545,-0.028366,-0.996735
14.421888,0.021225,-0.028458,-0.996201
14.421899,0.021027,-0.028564,-0.995712
14.421909,0.020981,-0.028671,-0.995300
14.421918,0.021072,-0.028778,-0.994995
14.431666,0.021255,-0.028870,-0.994766
14.431722,0.021500,-0.028915,-0.994614
14.431737,0.021759,-0.028885,-0.994537
14.431749,0.022018,-0.028778,-0.994522
14.431761,0.022247,-0.028564,-0.994568
14.431771,0.022430,-0.028305,-0.994690
14.431781,0.022568,-0.028015,-0.994858
14.431791,0.022659,-0.027710,-0.995041
14.441649,0.022720,-0.027435,-0.995209
14.441710,0.022751,-0.027237,-0.995316
14.441730,0.022766,-0.027115,-0.995361
14.441742,0.022751,-0.027054,-0.995331
14.441753,0.022720,-0.027054,-0.995255
14.441763,0.022659,-0.027100,-0.995132
14.441773,0.022537,-0.027145,-0.995010
14.441782,0.022369,-0.027222,-0.994888
14.451674,0.022141,-0.027313,-0.994751
14.451739,0.021881,-0.027420,-0.994629
14.451755,0.021591,-0.027542,-0.994507
14.451766,0.021301,-0.027634,-0.994431
14.451777,0.021042,-0.027710,-0.994370
14.451787,0.020828,-0.027771,-0.994385
14.451797,0.020706,-0.027802,-0.994476
14.451807,0.020660,-0.027802,-0.994659
14.461631,0.020737,-0.027771,-0.994904
14.461691,0.020905,-0.027710,-0.995178
14.461706,0.021118,-0.027634,-0.995453
14.461718,0.021378,-0.027588,-0.995712
14.461728,0.021637,-0.027588,-0.995926
14.461737,0.021896,-0.027634,-0.996063
14.461747,0.022110,-0.027710,-0.996155
14.461757,0.022308,-0.027802,-0.996201
14.471657,0.022461,-0.027893,-0.996246
14.471719,0.022568,-0.027954,-0.996307
14.471734,0.022614,-0.027985,-0.996368
14.471745,0.022583,-0.027969,-0.996429
14.471755,0.022476,-0.027969,-0.996445
14.471765,0.022247,-0.027954,-0.996399
14.471774,0.021957,-0.027985,-0.996292
14.471784,0.021606,-0.028030,-0.996078
14.481650,0.021255,-0.028122,-0.995789
14.481714,0.020920,-0.028244,-0.995453
14.481730,0.020630,-0.028397,-0.995117
14.481741,0.020386,-0.028519,-0.994812
14.481752,0.020203,-0.028625,-0.994583
14.481761,0.020081,-0.028717,-0.994446
14.481771,0.019989,-0.028793,-0.994415
14.481781,0.019913,-0.028885,-0.994461
14.491644,0.019867,-0.028976,-0.994522
14.491735,0.019821,-0.029068,-0.994568
14.491748,0.019821,-0.029175,-0.994537
14.491875,0.019852,-0.029282,-0.994446
14.492003,0.019943,-0.029373,-0.994308
14.492084,0.020126,-0.029419,-0.994156
14.492111,0.020355,-0.029404,-0.994003
14.492126,0.020660,-0.029297,-0.993912
14.501622,0.021027,-0.029083,-0.993881
14.501701,0.021423,-0.028793,-0.993927
14.501716,0.021866,-0.028412,-0.994064
14.501728,0.022354,-0.027985,-0.994263
14.501738,0.022858,-0.027542,-0.994507
14.501748,0.023392,-0.027084,-0.994781
14.501758,0.023911,-0.026657,-0.995026
14.501767,0.024368,-0.026215,-0.995193
14.511661,0.024765,-0.025787,-0.995285
14.511719,0.025055,-0.025345,-0.995255
14.511734,0.025238,-0.024933,-0.995102
14.511745,0.025314,-0.024567,-0.994843
14.511755,0.025314,-0.024292,-0.994492
14.511766,0.025238,-0.024124,-0.994110
14.511777,0.025085,-0.024048,-0.993713
14.511790,0.024872,-0.024094,-0.993332
14.521625,0.024597,-0.024200,-0.993011
14.521680,0.024307,-0.024338,-0.992752
14.521695,0.024002,-0.024490,-0.992569
14.521706,0.023712,-0.024628,-0.992432
14.521716,0.023453,-0.024750,-0.992325
14.521726,0.023239,-0.024857,-0.992233
14.521736,0.023117,-0.024948,-0.992142
14.521746,0.023087,-0.025070,-0.992065
14.531627,0.023132,-0.025192,-0.992004
14.531686,0.023254,-0.025314,-0.991959
14.531700,0.023407,-0.025421,-0.991974
14.531713,0.023544,-0.025497,-0.992035
14.531723,0.023636,-0.025528,-0.992142
14.531733,0.023697,-0.025513,-0.992325
14.531743,0.023697,-0.025452,-0.992569
14.531752,0.023636,-0.025345,-0.992859
14.541671,0.023560,-0.025238,-0.993179
14.541709,0.023453,-0.025116,-0.993500
14.541721,0.023346,-0.025009,-0.993790
14.541732,0.023224,-0.024948,-0.994019
14.541742,0.023087,-0.024918,-0.994202
14.541751,0.022934,-0.024933,-0.994324
14.541760,0.022781,-0.024963,-0.994400
14.541770,0.022644,-0.025009,-0.994431
14.551614,0.022537,-0.025040,-0.994431
14.551661,0.022476,-0.025085,-0.994385
14.551674,0.022430,-0.025146,-0.994339
14.551684,0.022415,-0.025238,-0.994278
14.551694,0.022415,-0.025360,-0.994217
14.551704,0.022446,-0.025528,-0.994156
14.551713,0.022522,-0.025711,-0.994095
14.551722,0.022644,-0.025894,-0.994019
14.561622,0.022812,-0.026062,-0.993973
14.561665,0.023010,-0.026184,-0.993942
14.561676,0.023224,-0.026245,-0.993942
14.561686,0.023422,-0.026276,-0.993958
14.561695,0.023575,-0.026306,-0.994003
14.561705,0.023636,-0.026337,-0.994064
14.561714,0.023590,-0.026413,-0.994125
14.561723,0.023453,-0.026566,-0.994171
14.571627,0.023224,-0.026810,-0.994141
14.571674,0.022964,-0.027115,-0.994049
14.571687,0.022675,-0.027466,-0.993896
14.571697,0.022415,-0.027786,-0.993683
14.571707,0.022171,-0.028030,-0.993454
14.571716,0.021942,-0.028183,-0.993225
14.571726,0.021759,-0.028229,-0.993027
14.571735,0.021591,-0.028214,-0.992905
14.581594,0.021423,-0.028152,-0.992828
14.581652,0.021271,-0.028076,-0.992828
14.581665,0.021133,-0.028000,-0.992905
14.581676,0.021042,-0.027939,-0.993057
14.581685,0.021011,-0.027893,-0.993286
14.581695,0.021088,-0.027847,-0.993561
14.581705,0.021255,-0.027802,-0.993881
14.581715,0.021500,-0.027740,-0.994171
14.591591,0.021774,-0.027695,-0.994415
14.591639,0.022064,-0.027649,-0.994583
14.591650,0.022339,-0.027618,-0.994659
14.591660,0.022583,-0.027618,-0.994629
14.591670,0.022781,-0.027664,-0.994492
14.591679,0.022980,-0.027725,-0.994293
14.591688,0.023148,-0.027802,-0.994034
14.591698,0.023300,-0.027863,-0.993759
14.601571,0.023438,-0.027908,-0.993469
14.601675,0.023544,-0.027924,-0.993225
14.601693,0.023605,-0.027924,-0.993027
14.601705,0.023636,-0.027908,-0.992905
14.601716,0.023621,-0.027893,-0.992813
14.601726,0.023560,-0.027878,-0.992722
14.601736,0.023483,-0.027863,-0.992645
14.601745,0.023407,-0.027863,-0.992538
14.611578,0.023331,-0.027878,-0.992416
14.611640,0.023239,-0.027863,-0.992294
14.611655,0.023148,-0.027832,-0.992172
14.611667,0.023041,-0.027771,-0.992081
14.611677,0.022919,-0.027695,-0.992020
14.611687,0.022766,-0.027603,-0.991989
14.611696,0.022598,-0.027527,-0.992004
14.611705,0.022476,-0.027481,-0.992020
14.621557,0.022400,-0.027481,-0.992065
14.621616,0.022385,-0.027512,-0.992126
14.621630,0.022446,-0.027557,-0.992188
14.621642,0.022568,-0.027618,-0.992264
14.621653,0.022705,-0.027649,-0.992310
14.621663,0.022812,-0.027618,-0.992325
14.621673,0.022858,-0.027527,-0.992279
14.621682,0.022827,-0.027374,-0.992203
14.631517,0.022751,-0.027222,-0.992096
14.631618,0.022644,-0.027069,-0.991989
14.631655,0.022537,-0.026978,-0.991913
14.631668,0.022461,-0.026917,-0.991928
14.631680,0.022446,-0.026917,-0.992004
14.631693,0.022491,-0.026947,-0.992157
14.631704,0.022568,-0.026993,-0.992371
14.631714,0.022675,-0.027023,-0.992615
14.641577,0.022781,-0.027023,-0.992874
14.641627,0.022888,-0.026978,-0.993149
14.641641,0.022995,-0.026917,-0.993408
14.641652,0.023117,-0.026855,-0.993652
14.641662,0.023254,-0.026825,-0.993835
14.641671,0.023438,-0.026825,-0.993958
14.641682,0.023651,-0.026840,-0.994019
14.641692,0.023895,-0.026840,-0.994034
14.651442,0.024124,-0.026825,-0.994034
14.651482,0.024307,-0.026749,-0.994019
14.651493,0.024414,-0.026642,-0.994019
14.651503,0.024429,-0.026520,-0.994064
14.651513,0.024338,-0.026398,-0.994125
14.651522,0.024170,-0.026306,-0.994217
14.651531,0.023941,-0.026260,-0.994324
14.651540,0.023697,-0.026276,-0.994415
14.661464,0.023453,-0.026352,-0.994492
14.661522,0.023239,-0.026474,-0.994553
14.661538,0.023041,-0.026627,-0.994598
14.661552,0.022858,-0.026764,-0.994629
14.661563,0.022675,-0.026886,-0.994644
14.661574,0.022522,-0.026978,-0.994644
14.661584,0.022369,-0.027039,-0.994659
14.661594,0.022232,-0.027100,-0.994690
14.671439,0.022156,-0.027161,-0.994751
14.671562,0.022125,-0.027267,-0.994827
14.671596,0.022171,-0.027435,-0.994949
14.671627,0.022293,-0.027634,-0.995071
14.671656,0.022461,-0.027878,-0.995224
14.671685,0.022644,-0.028122,-0.995377
14.671714,0.022812,-0.028351,-0.995514
14.671743,0.022919,-0.028534,-0.995636
14.681440,0.022980,-0.028671,-0.995743
14.681563,0.022995,-0.028763,-0.995834
14.681594,0.022964,-0.028778,-0.995956
14.681622,0.022919,-0.028748,-0.996094
14.681646,0.022873,-0.028625,-0.996262
14.681670,0.022842,-0.028442,-0.996445
14.681693,0.022842,-0.028183,-0.996628
14.681725,0.022888,-0.027863,-0.996780
14.691457,0.022934,-0.027496,-0.996872
14.691564,0.023010,-0.027100,-0.996887
14.691599,0.023102,-0.026672,-0.996826
14.691639,0.023209,-0.026230,-0.996704
14.691671,0.023346,-0.025803,-0.996567
14.691699,0.023483,-0.025391,-0.996399
14.691729,0.023621,-0.025024,-0.996246
14.691757,0.023743,-0.024719,-0.996094
14.701436,0.023834,-0.024460,-0.995987
14.701584,0.023865,-0.024231,-0.995880
14.701630,0.023804,-0.024078,-0.995773
14.701670,0.023666,-0.023972,-0.995697
14.701708,0.023438,-0.023972,-0.995651
14.701746,0.023163,-0.024124,-0.995605
14.701784,0.022827,-0.024445,-0.995544
14.701823,0.022476,-0.024948,-0.995468
14.711427,0.022095,-0.025604,-0.995346
14.711537,0.021729,-0.026321,-0.995193
14.711567,0.021362,-0.027054,-0.994995
14.711592,0.021057,-0.027756,-0.994797
14.711617,0.020828,-0.028351,-0.994568
14.711642,0.020676,-0.028809,-0.994370
14.711771,0.020599,-0.029114,-0.994217
14.711796,0.020599,-0.029266,-0.994125
14.721402,0.020691,-0.029266,-0.994064
14.721525,0.020859,-0.029144,-0.994049
14.721559,0.021088,-0.028946,-0.994049
14.721589,0.021393,-0.028671,-0.994080
14.721618,0.021744,-0.028351,-0.994141
14.721647,0.022156,-0.027969,-0.994202
14.721675,0.022598,-0.027542,-0.994247
14.721704,0.023056,-0.027084,-0.994263
14.731382,0.023483,-0.026611,-0.994217
14.731525,0.023865,-0.026154,-0.994080
14.731560,0.024139,-0.025757,-0.993851
14.731599,0.024323,-0.025406,-0.993500
14.731632,0.024384,-0.025131,-0.993057
14.731661,0.024353,-0.024963,-0.992538
14.731692,0.024231,-0.024902,-0.991989
14.731721,0.024078,-0.024963,-0.991470
14.741388,0.023911,-0.025116,-0.991028
14.741642,0.023727,-0.025345,-0.990677
14.741691,0.023514,-0.025665,-0.990417
14.741997,0.023300,-0.026047,-0.990234
14.742601,0.023041,-0.026505,-0.990097
14.742661,0.022751,-0.027023,-0.989944
14.742700,0.022415,-0.027588,-0.989700
14.742739,0.022064,-0.028198,-0.989334
14.751604,0.021698,-0.028824,-0.988831
14.751714,0.021362,-0.029404,-0.988205
14.751738,0.021057,-0.029892,-0.987518
14.751750,0.020828,-0.030273,-0.986847
14.751761,0.020691,-0.030487,-0.986267
14.751771,0.020676,-0.030548,-0.985870
14.751782,0.020798,-0.030472,-0.985764
14.751792,0.021072,-0.030243,-0.985977
14.762723,0.021484,-0.029922,-0.986572
14.762917,0.022003,-0.029541,-0.987549
14.762949,0.022583,-0.029160,-0.988876
14.762981,0.023163,-0.028763,-0.990494
14.763006,0.023682,-0.028381,-0.992325
14.763030,0.024109,-0.028030,-0.994263
14.763063,0.024368,-0.027710,-0.996216
14.763088,0.024429,-0.027435,-0.998108
14.771338,0.024292,-0.027222,-0.999817
14.771452,0.023926,-0.027069,-1.001266
14.771483,0.023392,-0.027023,-1.002396
14.771510,0.022720,-0.027100,-1.003143
14.771536,0.021957,-0.027252,-1.003479
14.771561,0.021164,-0.027466,-1.003418
14.771585,0.020416,-0.027710,-1.003036
14.771609,0.019730,-0.027908,-1.002365
14.781448,0.019180,-0.028061,-1.001480
14.781613,0.018784,-0.028091,-1.000458
14.781650,0.018600,-0.028046,-0.999344
14.781681,0.018646,-0.027893,-0.998199
14.781721,0.018906,-0.027649,-0.997086
14.781752,0.019379,-0.027374,-0.996048
14.781782,0.020020,-0.027084,-0.995087
14.781811,0.020798,-0.026810,-0.994232
14.791537,0.021652,-0.026550,-0.993469
14.791668,0.022552,-0.026337,-0.992783
14.791705,0.023407,-0.026154,-0.992157
14.791736,0.024200,-0.026016,-0.991577
14.791765,0.024887,-0.025925,-0.990997
14.791802,0.025452,-0.025879,-0.990387
14.791833,0.025879,-0.025894,-0.989807
14.791862,0.026154,-0.026001,-0.989258
14.802559,0.026306,-0.026184,-0.988800
14.802697,0.026321,-0.026428,-0.988464
14.802737,0.026230,-0.026703,-0.988266
14.802765,0.025970,-0.026993,-0.988220
14.802790,0.025574,-0.027252,-0.988327
14.802817,0.025040,-0.027466,-0.988586
14.802842,0.024399,-0.027618,-0.988983
14.802866,0.023712,-0.027679,-0.989517
14.812545,0.023026,-0.027649,-0.990173
14.812685,0.022385,-0.027527,-0.990952
14.812715,0.021835,-0.027328,-0.991821
14.812971,0.021423,-0.027023,-0.992813
14.813005,0.021133,-0.026657,-0.993835
14.813033,0.020966,-0.026245,-0.994888
14.813058,0.020905,-0.025818,-0.995865
14.813083,0.020920,-0.025406,-0.996765
14.821421,0.020950,-0.025070,-0.997543
14.821522,0.021011,-0.024811,-0.998184
14.821553,0.021118,-0.024689,-0.998688
14.821578,0.021271,-0.024704,-0.999039
14.821602,0.021469,-0.024841,-0.999252
14.821625,0.021698,-0.025101,-0.999313
14.821649,0.021957,-0.025436,-0.999222
14.821672,0.022217,-0.025818,-0.998978
14.831440,0.022446,-0.026184,-0.998566
14.831549,0.022644,-0.026505,-0.998032
14.831577,0.022781,-0.026764,-0.997375
14.831602,0.022858,-0.026947,-0.996643
14.831627,0.022858,-0.027069,-0.995865
14.831654,0.022797,-0.027145,-0.995071
14.831677,0.022736,-0.027176,-0.994293
14.831701,0.022659,-0.027191,-0.993546
14.841472,0.022598,-0.027191,-0.992828
14.841577,0.022568,-0.027161,-0.992157
14.841612,0.022568,-0.027115,-0.991562
14.841644,0.022552,-0.027069,-0.991028
14.841674,0.022522,-0.027008,-0.990555
14.841705,0.022461,-0.026978,-0.990173
14.841734,0.022354,-0.026993,-0.989868
14.841763,0.022217,-0.027039,-0.989655
14.851351,0.022049,-0.027161,-0.989502
14.851451,0.021896,-0.027328,-0.989426
14.851481,0.021774,-0.027557,-0.989426
14.851507,0.021744,-0.027786,-0.989487
14.851534,0.021774,-0.028015,-0.989655
14.851559,0.021912,-0.028214,-0.989899
14.851585,0.022141,-0.028336,-0.990219
14.851608,0.022415,-0.028366,-0.990616
14.861387,0.022720,-0.028320,-0.991013
14.861673,0.023010,-0.028214,-0.991364
14.861715,0.023209,-0.028046,-0.991592
14.861741,0.023285,-0.027832,-0.991608
14.861766,0.023209,-0.027634,-0.991364
14.861798,0.022995,-0.027451,-0.990829
14.861825,0.022659,-0.027298,-0.990036
14.862223,0.022278,-0.027191,-0.989059
14.871392,0.021896,-0.027130,-0.988007
14.871506,0.021591,-0.027115,-0.986984
14.871538,0.021362,-0.027161,-0.986145
14.871564,0.021286,-0.027298,-0.985611
14.871591,0.021317,-0.027496,-0.985535
14.871615,0.021469,-0.027710,-0.985992
14.871639,0.021744,-0.027924,-0.987045
14.871662,0.022095,-0.028122,-0.988678
14.881296,0.022491,-0.028259,-0.990829
14.881404,0.022903,-0.028320,-0.993423
14.881434,0.023331,-0.028320,-0.996323
14.881461,0.023712,-0.028259,-0.999420
14.881487,0.024017,-0.028183,-1.002518
14.881511,0.024170,-0.028091,-1.005478
14.881538,0.024124,-0.028000,-1.008133
14.881561,0.023865,-0.027939,-1.010315
14.891219,0.023376,-0.027924,-1.011902
14.891390,0.022659,-0.027924,-1.012833
14.891437,0.021790,-0.027939,-1.013062
14.891486,0.020828,-0.027969,-1.012619
14.891534,0.019867,-0.027985,-1.011551
14.891570,0.018951,-0.028030,-1.009964
14.891645,0.018143,-0.028076,-1.007980
14.891670,0.017502,-0.028122,-1.005737
14.902189,0.017044,-0.028168,-1.003372
14.902324,0.016785,-0.028198,-1.000946
14.902367,0.016724,-0.028183,-0.998581
14.902406,0.016891,-0.028107,-0.996307
14.902443,0.017288,-0.027954,-0.994202
14.902482,0.017899,-0.027756,-0.992279
14.902521,0.018738,-0.027496,-0.990555
14.902558,0.019745,-0.027222,-0.989029
14.911382,0.020844,-0.026962,-0.987686
14.911503,0.021988,-0.026749,-0.986511
14.911624,0.023102,-0.026596,-0.985474
14.911775,0.024124,-0.026520,-0.984512
14.911813,0.025009,-0.026520,-0.983627
14.911844,0.025726,-0.026581,-0.982819
14.911874,0.026245,-0.026703,-0.982132
14.911922,0.026566,-0.026886,-0.981552
14.921171,0.026703,-0.027069,-0.981140
14.921282,0.026657,-0.027267,-0.980881
14.921319,0.026428,-0.027435,-0.980850
14.921347,0.026077,-0.027557,-0.981049
14.921372,0.025604,-0.027618,-0.981506
14.921398,0.025085,-0.027634,-0.982254
14.921422,0.024521,-0.027603,-0.983322
14.921445,0.023987,-0.027512,-0.984741
14.931193,0.023499,-0.027390,-0.986511
14.931308,0.023071,-0.027267,-0.988571
14.931335,0.022705,-0.027130,-0.990860
14.931359,0.022415,-0.027023,-0.993286
14.931399,0.022156,-0.026947,-0.995697
14.931429,0.021912,-0.026886,-0.998047
14.931458,0.021637,-0.026886,-1.000214
14.931488,0.021362,-0.026947,-1.002167
14.941261,0.021072,-0.027069,-1.003830
14.941609,0.020782,-0.027267,-1.005203
14.941693,0.020523,-0.027496,-1.006256
14.941755,0.020309,-0.027725,-1.007019
14.941820,0.020126,-0.027924,-1.007477
14.941881,0.019974,-0.028091,-1.007660
14.941932,0.019867,-0.028198,-1.007568
14.941995,0.019760,-0.028259,-1.007187
14.951261,0.019684,-0.028275,-1.006546
14.951391,0.019653,-0.028290,-1.005676
14.951436,0.019684,-0.028320,-1.004578
14.951477,0.019791,-0.028366,-1.003281
14.951514,0.020004,-0.028412,-1.001816
14.951551,0.020340,-0.028427,-1.000244
14.951589,0.020737,-0.028381,-0.998566
14.951627,0.021210,-0.028259,-0.996841
14.962346,0.021683,-0.028061,-0.995102
14.962473,0.022125,-0.027802,-0.993378
14.962504,0.022552,-0.027512,-0.991714
14.962530,0.022919,-0.027206,-0.990158
14.962555,0.023254,-0.026901,-0.988754
14.962689,0.023560,-0.026642,-0.987579
14.962726,0.023865,-0.026459,-0.986633
14.962752,0.024185,-0.026337,-0.985947
14.971110,0.024521,-0.026276,-0.985504
14.971222,0.024841,-0.026276,-0.985260
14.971291,0.025146,-0.026321,-0.985168
14.971337,0.025391,-0.026413,-0.985184
14.971371,0.025558,-0.026550,-0.985275
14.971403,0.025604,-0.026749,-0.985443
14.971433,0.025543,-0.026993,-0.985672
14.971464,0.025345,-0.027252,-0.985992
14.981123,0.025024,-0.027542,-0.986435
14.981219,0.024582,-0.027802,-0.987000
14.981249,0.024063,-0.028030,-0.987686
14.981281,0.023483,-0.028183,-0.988495
14.981307,0.022888,-0.028244,-0.989395
14.981333,0.022324,-0.028214,-0.990372
14.981357,0.021835,-0.028091,-0.991364
14.981380,0.021469,-0.027893,-0.992325
14.991109,0.021225,-0.027664,-0.993240
14.991309,0.021118,-0.027405,-0.994080
14.991374,0.021133,-0.027161,-0.994827
14.991557,0.021240,-0.026962,-0.995499
14.991631,0.021408,-0.026794,-0.996094
14.991661,0.021606,-0.026688,-0.996643
14.991686,0.021820,-0.026611,-0.997147
14.991711,0.022018,-0.026596,-0.997604
15.002767,0.022217,-0.026657,-0.998001
15.002828,0.022369,-0.026764,-0.998352
15.002842,0.022476,-0.026932,-0.998611
15.002854,0.022537,-0.027130,-0.998779
15.002864,0.022552,-0.027344,-0.998810
15.002874,0.022537,-0.027557,-0.998672
15.002884,0.022476,-0.027740,-0.998383
15.002894,0.022415,-0.027847,-0.997955
15.011110,0.022369,-0.027847,-0.997437
15.011225,0.022339,-0.027756,-0.996826
15.011254,0.022369,-0.027573,-0.996155
15.011281,0.022430,-0.027328,-0.995438
15.011306,0.022552,-0.027069,-0.994705
15.011330,0.022720,-0.026840,-0.993973
15.011354,0.022919,-0.026642,-0.993301
15.011380,0.023102,-0.026505,-0.992676
15.021056,0.023285,-0.026398,-0.992157
15.021185,0.023468,-0.026306,-0.991745
15.021215,0.023621,-0.026199,-0.991440
15.021254,0.023743,-0.026077,-0.991241
15.021281,0.023788,-0.025955,-0.991165
15.021306,0.023788,-0.025833,-0.991165
15.021331,0.023743,-0.025757,-0.991272
15.021357,0.023682,-0.025681,-0.991470
15.031151,0.023590,-0.025650,-0.991730
15.031275,0.023483,-0.025650,-0.992004
15.031305,0.023346,-0.025681,-0.992310
15.031331,0.023193,-0.025742,-0.992615
15.031355,0.023026,-0.025818,-0.992920
15.031379,0.022827,-0.025879,-0.993195
15.031411,0.022614,-0.025909,-0.993439
15.031437,0.022385,-0.025925,-0.993668
15.041205,0.022171,-0.025955,-0.993835
15.041315,0.021988,-0.026031,-0.993958
15.041346,0.021835,-0.026123,-0.994003
15.041372,0.021713,-0.026245,-0.994003
15.041397,0.021637,-0.026382,-0.993988
15.041420,0.021606,-0.026520,-0.994003
15.041444,0.021622,-0.026627,-0.994064
15.041470,0.021683,-0.026718,-0.994186
15.051450,0.021744,-0.026764,-0.994354
15.051615,0.021805,-0.026764,-0.994583
15.051660,0.021835,-0.026764,-0.994797
15.051692,0.021835,-0.026764,-0.994980
15.051724,0.021835,-0.026794,-0.995132
15.051756,0.021835,-0.026855,-0.995255
15.051784,0.021866,-0.026917,-0.995331
15.051821,0.021927,-0.026978,-0.995346
15.061134,0.022018,-0.027023,-0.995316
15.061309,0.022186,-0.027039,-0.995255
15.061358,0.022385,-0.027039,-0.995178
15.061391,0.022598,-0.027023,-0.995041
15.061430,0.022797,-0.026993,-0.994873
15.061461,0.022949,-0.026962,-0.994644
15.061490,0.023026,-0.026947,-0.994370
15.061522,0.023010,-0.026962,-0.994080
15.071122,0.022934,-0.027023,-0.993774
15.071241,0.022812,-0.027069,-0.993500
15.072372,0.022659,-0.027100,-0.993347
15.072457,0.022522,-0.027054,-0.993347
15.072491,0.022415,-0.026917,-0.993530
15.072521,0.022324,-0.026688,-0.993881
15.072549,0.022247,-0.026367,-0.994370
15.072628,0.022217,-0.026031,-0.994904
15.081039,0.022186,-0.025696,-0.995453
15.081159,0.022171,-0.025406,-0.995941
15.081202,0.022171,-0.025208,-0.996368
15.081241,0.022171,-0.025131,-0.996674
15.081280,0.022186,-0.025162,-0.996872
15.081318,0.022186,-0.025299,-0.996964
15.081357,0.022186,-0.025543,-0.996964
15.081393,0.022156,-0.025894,-0.996872
15.090992,0.022095,-0.026321,-0.996704
15.091095,0.021988,-0.026810,-0.996475
15.091129,0.021866,-0.027313,-0.996185
15.091179,0.021774,-0.027817,-0.995850
15.091212,0.021729,-0.028275,-0.995483
15.091242,0.021729,-0.028610,-0.995117
15.091346,0.021774,-0.028839,-0.994766
15.091379,0.021851,-0.028885,-0.994446
15.101309,0.021942,-0.028763,-0.994171
15.101547,0.022034,-0.028503,-0.993927
15.101607,0.022095,-0.028122,-0.993713
15.101651,0.022156,-0.027695,-0.993530
15.101690,0.022186,-0.027267,-0.993347
15.101730,0.022186,-0.026855,-0.993164
15.101767,0.022156,-0.026505,-0.993011
15.101804,0.022141,-0.026230,-0.992874
15.111107,0.022156,-0.026031,-0.992813
15.111555,0.022202,-0.025925,-0.992798
15.111589,0.022278,-0.025879,-0.992859
15.111617,0.022369,-0.025894,-0.992935
15.111745,0.022461,-0.025955,-0.993042
15.111786,0.022537,-0.026031,-0.993149
15.111815,0.022614,-0.026154,-0.993240
15.111840,0.022659,-0.026321,-0.993301
15.120936,0.022690,-0.026520,-0.993362
15.121068,0.022720,-0.026764,-0.993439
15.121176,0.022751,-0.027023,-0.993561
15.121220,0.022766,-0.027283,-0.993729
15.121253,0.022751,-0.027496,-0.993958
15.121285,0.022720,-0.027679,-0.994232
15.121331,0.022629,-0.027786,-0.994553
15.121413,0.022507,-0.027832,-0.994873
15.131127,0.022339,-0.027786,-0.995193
15.131316,0.022186,-0.027679,-0.995468
15.131359,0.022034,-0.027527,-0.995697
15.131387,0.021912,-0.027359,-0.995880
15.131412,0.021805,-0.027176,-0.996017
15.131436,0.021713,-0.026993,-0.996124
15.131469,0.021591,-0.026810,-0.996170
15.131494,0.021423,-0.026627,-0.996170
15.140948,0.021225,-0.026428,-0.996078
15.141056,0.020996,-0.026215,-0.995926
15.141085,0.020782,-0.026001,-0.995712
15.141112,0.020599,-0.025818,-0.995453
15.141151,0.020477,-0.025681,-0.995193
15.141175,0.020447,-0.025635,-0.994934
15.141200,0.020493,-0.025696,-0.994690
15.141283,0.020599,-0.025864,-0.994446
15.151260,0.020737,-0.026077,-0.994186
15.151400,0.020920,-0.026306,-0.993942
15.151431,0.021118,-0.026550,-0.993713
15.151456,0.021362,-0.026733,-0.993484
15.151480,0.021622,-0.026871,-0.993286
15.151504,0.021912,-0.026947,-0.993134
15.151534,0.022202,-0.027008,-0.993011
15.151560,0.022476,-0.027039,-0.992935
15.161004,0.022751,-0.027069,-0.992889
15.161132,0.022980,-0.027084,-0.992859
15.161170,0.023178,-0.027069,-0.992813
15.161314,0.023300,-0.027008,-0.992706
15.161366,0.023361,-0.026917,-0.992523
15.161402,0.023346,-0.026794,-0.992310
15.161432,0.023270,-0.026642,-0.992081
15.161485,0.023117,-0.026474,-0.991867
15.170889,0.022964,-0.026306,-0.991714
15.171004,0.022812,-0.026154,-0.991653
15.171034,0.022705,-0.026031,-0.991714
15.171059,0.022659,-0.025940,-0.991898
15.171086,0.022659,-0.025879,-0.992203
15.171109,0.022690,-0.025864,-0.992630
15.171132,0.022720,-0.025879,-0.993118
15.171163,0.022736,-0.025940,-0.993591
15.180903,0.022675,-0.026093,-0.994019
15.181022,0.022507,-0.026337,-0.994324
15.181063,0.022217,-0.026688,-0.994476
15.181094,0.021866,-0.027130,-0.994476
15.181126,0.021469,-0.027603,-0.994385
15.181154,0.021118,-0.028061,-0.994232
15.181182,0.020874,-0.028442,-0.994095
15.181219,0.020813,-0.028671,-0.993988
15.190895,0.020981,-0.028702,-0.993973
15.191028,0.021347,-0.028549,-0.994034
15.191080,0.021866,-0.028244,-0.994171
15.191111,0.022461,-0.027847,-0.994324
15.191140,0.023056,-0.027420,-0.994446
15.191195,0.023590,-0.027008,-0.994507
15.191265,0.024017,-0.026642,-0.994522
15.191342,0.024277,-0.026337,-0.994492
15.202915,0.024384,-0.026108,-0.994431
15.203055,0.024353,-0.025940,-0.994324
15.203102,0.024200,-0.025818,-0.994186
15.203143,0.023941,-0.025711,-0.994003
15.203181,0.023605,-0.025635,-0.993759
15.203217,0.023254,-0.025574,-0.993469
15.203265,0.022888,-0.025558,-0.993118
15.203301,0.022552,-0.025620,-0.992706
15.212446,0.022217,-0.025742,-0.992279
15.212577,0.021927,-0.025940,-0.991852
15.212608,0.021667,-0.026215,-0.991516
15.212830,0.021515,-0.026505,-0.991318
15.212856,0.021454,-0.026764,-0.991318
15.212883,0.021530,-0.026947,-0.991531
15.212906,0.021744,-0.027008,-0.991943
15.212930,0.022079,-0.026978,-0.992508
15.220906,0.022476,-0.026901,-0.993179
15.221072,0.022903,-0.026810,-0.993866
15.221138,0.023300,-0.026779,-0.994507
15.221194,0.023621,-0.026825,-0.995026
15.221247,0.023834,-0.026962,-0.995422
15.221310,0.023941,-0.027206,-0.995651
15.221363,0.023895,-0.027512,-0.995728
15.221426,0.023697,-0.027832,-0.995636
15.230862,0.023346,-0.028152,-0.995407
15.230959,0.022873,-0.028442,-0.995056
15.230988,0.022324,-0.028656,-0.994629
15.231013,0.021729,-0.028763,-0.994156
15.231047,0.021194,-0.028763,-0.993668
15.231073,0.020782,-0.028641,-0.993210
15.231098,0.020508,-0.028427,-0.992813
15.231123,0.020416,-0.028107,-0.992554
15.240808,0.020477,-0.027679,-0.992447
15.240964,0.020660,-0.027130,-0.992538
15.241013,0.020935,-0.026505,-0.992844
15.241046,0.021225,-0.025864,-0.993347
15.241073,0.021515,-0.025269,-0.993988
15.241098,0.021805,-0.024780,-0.994751
15.241175,0.022064,-0.024429,-0.995575
15.241203,0.022293,-0.024246,-0.996399
15.250834,0.022461,-0.024261,-0.997147
15.250967,0.022552,-0.024460,-0.997757
15.254128,0.022537,-0.024841,-0.998169
15.254189,0.022430,-0.025345,-0.998398
15.254222,0.022232,-0.025925,-0.998413
15.254329,0.021973,-0.026550,-0.998230
15.254363,0.021713,-0.027176,-0.997910
15.254392,0.021469,-0.027756,-0.997482
15.261332,0.021317,-0.028259,-0.997009
15.261546,0.021286,-0.028671,-0.996582
15.261738,0.021408,-0.028946,-0.996216
15.261780,0.021698,-0.029053,-0.995972
15.261812,0.022110,-0.028946,-0.995834
15.261937,0.022629,-0.028641,-0.995819
15.262009,0.023148,-0.028152,-0.995895
15.262044,0.023636,-0.027542,-0.996017
15.270813,0.024017,-0.026917,-0.996109
15.270897,0.024307,-0.026352,-0.996124
15.270926,0.024475,-0.025909,-0.996017
15.270953,0.024521,-0.025650,-0.995758
15.270978,0.024475,-0.025558,-0.995346
15.271002,0.024323,-0.025635,-0.994843
15.271027,0.024078,-0.025803,-0.994247
15.271050,0.023727,-0.026031,-0.993637
15.280945,0.023285,-0.026260,-0.993057
15.281042,0.022720,-0.026459,-0.992508
15.281072,0.022095,-0.026611,-0.992004
15.281099,0.021454,-0.026718,-0.991592
15.281124,0.020874,-0.026749,-0.991287
15.281149,0.020370,-0.026764,-0.991074
15.281173,0.020020,-0.026749,-0.990936
15.281201,0.019806,-0.026718,-0.990891
15.291051,0.019760,-0.026703,-0.990936
15.291175,0.019836,-0.026688,-0.991058
15.291206,0.020020,-0.026688,-0.991257
15.291233,0.020264,-0.026672,-0.991562
15.291260,0.020554,-0.026657,-0.991943
15.291286,0.020828,-0.026657,-0.992416
15.291453,0.021103,-0.026703,-0.992966
15.291479,0.021393,-0.026855,-0.993561
15.300967,0.021729,-0.027145,-0.994202
15.301105,0.022125,-0.027634,-0.994843
15.301140,0.022568,-0.028305,-0.995438
15.301173,0.023056,-0.029129,-0.995911
15.301205,0.023514,-0.030014,-0.996216
15.301278,0.023865,-0.030853,-0.996323
15.301307,0.024078,-0.031509,-0.996185
15.301335,0.024078,-0.031876,-0.995819
15.310958,0.023849,-0.031845,-0.995224
15.311504,0.023422,-0.031403,-0.994476
15.311550,0.022797,-0.030502,-0.993622
15.311585,0.022049,-0.029205,-0.992737
15.311615,0.021271,-0.027618,-0.991943
15.311644,0.020538,-0.025864,-0.991287
15.311682,0.019943,-0.024109,-0.990829
15.311712,0.019516,-0.022507,-0.990601
15.320920,0.019318,-0.021194,-0.990570
15.321077,0.019348,-0.020248,-0.990707
15.321112,0.019577,-0.019730,-0.990997
15.321139,0.019974,-0.019669,-0.991379
15.321166,0.020462,-0.020020,-0.991821
15.321193,0.020981,-0.020752,-0.992264
15.321219,0.021500,-0.021774,-0.992676
15.321243,0.021988,-0.023026,-0.993057
15.330760,0.022400,-0.024414,-0.993408
15.330880,0.022720,-0.025833,-0.993698
15.330910,0.022934,-0.027206,-0.993942
15.330944,0.023026,-0.028473,-0.994125
15.330975,0.023010,-0.029556,-0.994247
15.331004,0.022919,-0.030411,-0.994324
15.331041,0.022766,-0.031006,-0.994415
15.331072,0.022598,-0.031281,-0.994522
15.340734,0.022415,-0.031250,-0.994690
15.340840,0.022278,-0.030899,-0.994949
15.340874,0.022171,-0.030273,-0.995300
15.340907,0.022141,-0.029419,-0.995804
15.340937,0.022186,-0.028381,-0.996567
15.340966,0.022339,-0.027222,-0.997711
15.341002,0.022659,-0.025986,-0.999298
15.341033,0.023193,-0.024719,-1.001221
15.353271,0.023911,-0.023514,-1.003281
15.353403,0.024643,-0.022491,-1.005142
15.353434,0.025177,-0.021805,-1.006378
15.353462,0.025299,-0.021622,-1.006683
15.353488,0.024872,-0.022003,-1.005936
15.353514,0.023895,-0.022934,-1.004196
15.353540,0.022507,-0.024292,-1.001663
15.353564,0.020935,-0.025894,-0.998657
15.360703,0.019409,-0.027512,-0.995544
15.360813,0.018127,-0.028976,-0.992630
15.360884,0.017197,-0.030182,-0.990097
15.360900,0.016663,-0.031082,-0.988052
15.360912,0.016525,-0.031677,-0.986511
15.360923,0.016754,-0.032013,-0.985413
15.360934,0.017319,-0.032074,-0.984665
15.360945,0.018158,-0.031876,-0.984238
15.370721,0.019257,-0.031387,-0.984100
15.370890,0.020508,-0.030624,-0.984207
15.370928,0.021866,-0.029633,-0.984558
15.370961,0.023209,-0.028458,-0.985138
15.370993,0.024460,-0.027237,-0.985870
15.371024,0.025558,-0.026016,-0.986694
15.371055,0.026443,-0.024902,-0.987564
15.371084,0.027084,-0.023987,-0.988403
15.380708,0.027481,-0.023346,-0.989197
15.380829,0.027618,-0.023056,-0.989960
15.380867,0.027512,-0.023148,-0.990723
15.380896,0.027161,-0.023590,-0.991516
15.380922,0.026566,-0.024323,-0.992325
15.380946,0.025772,-0.025284,-0.993164
15.380969,0.024796,-0.026337,-0.994019
15.381001,0.023697,-0.027374,-0.994873
15.390683,0.022552,-0.028275,-0.995712
15.390786,0.021408,-0.028992,-0.996490
15.390817,0.020370,-0.029465,-0.997208
15.390844,0.019455,-0.029694,-0.997803
15.390871,0.018723,-0.029678,-0.998260
15.390896,0.018173,-0.029449,-0.998581
15.390921,0.017853,-0.029037,-0.998779
15.390945,0.017761,-0.028473,-0.998871
15.400679,0.017914,-0.027863,-0.998886
15.400812,0.018326,-0.027237,-0.998810
15.400854,0.018936,-0.026657,-0.998672
15.401271,0.019745,-0.026138,-0.998505
15.401349,0.020691,-0.025696,-0.998322
15.401384,0.021744,-0.025330,-0.998169
15.401414,0.022842,-0.025024,-0.998032
15.401452,0.023895,-0.024826,-0.997864
15.410695,0.024857,-0.024750,-0.997635
15.410824,0.025635,-0.024811,-0.997314
15.411047,0.026199,-0.025055,-0.996857
15.411110,0.026505,-0.025452,-0.996292
15.411155,0.026566,-0.025970,-0.995651
15.411193,0.026413,-0.026566,-0.994980
15.411231,0.026077,-0.027115,-0.994370
15.411270,0.025635,-0.027588,-0.993881
15.420641,0.025070,-0.027908,-0.993530
15.420774,0.024445,-0.028091,-0.993347
15.420815,0.023758,-0.028122,-0.993317
15.420853,0.023071,-0.028015,-0.993408
15.420879,0.022385,-0.027832,-0.993576
15.420904,0.021759,-0.027603,-0.993774
15.420928,0.021179,-0.027390,-0.993958
15.420954,0.020721,-0.027191,-0.994110
15.430621,0.020401,-0.027039,-0.994232
15.430751,0.020233,-0.026947,-0.994354
15.430781,0.020203,-0.026901,-0.994446
15.430807,0.020309,-0.026917,-0.994522
15.430833,0.020538,-0.026993,-0.994583
15.430857,0.020828,-0.027100,-0.994614
15.430882,0.021164,-0.027252,-0.994644
15.430906,0.021515,-0.027435,-0.994644
15.440625,0.021851,-0.027634,-0.994644
15.440778,0.022171,-0.027832,-0.994614
15.440815,0.022461,-0.027985,-0.994537
15.440845,0.022705,-0.028061,-0.994400
15.440875,0.022903,-0.028015,-0.994217
15.440914,0.023041,-0.027847,-0.993973
15.440944,0.023117,-0.027573,-0.993683
15.440973,0.023132,-0.027191,-0.993332
15.450623,0.023087,-0.026749,-0.992935
15.450775,0.022949,-0.026276,-0.992493
15.450817,0.022766,-0.025818,-0.992035
15.450912,0.022522,-0.025421,-0.991562
15.451318,0.022278,-0.025131,-0.991104
15.451367,0.022049,-0.024963,-0.990677
15.451438,0.021866,-0.024918,-0.990326
15.451517,0.021774,-0.024979,-0.990051
15.460618,0.021790,-0.025131,-0.989899
15.460967,0.021866,-0.025360,-0.989853
15.461284,0.022049,-0.025635,-0.989960
15.461338,0.022278,-0.025970,-0.990234
15.461604,0.022552,-0.026321,-0.990662
15.461640,0.022842,-0.026672,-0.991226
15.461667,0.023132,-0.027008,-0.991898
15.461692,0.023422,-0.027298,-0.992599
15.470590,0.023651,-0.027527,-0.993301
15.470703,0.023788,-0.027679,-0.993942
15.470749,0.023834,-0.027740,-0.994507
15.470776,0.023743,-0.027695,-0.994949
15.470802,0.023514,-0.027557,-0.995255
15.470825,0.023132,-0.027374,-0.995407
15.470849,0.022629,-0.027145,-0.995407
15.470881,0.022034,-0.026932,-0.995285
15.480586,0.021408,-0.026764,-0.995071
15.480711,0.020813,-0.026657,-0.994812
15.480742,0.020340,-0.026611,-0.994568
15.480769,0.019989,-0.026611,-0.994339
15.480793,0.019821,-0.026672,-0.994186
15.480819,0.019821,-0.026779,-0.994110
15.480843,0.019943,-0.026917,-0.994110
15.480870,0.020172,-0.027039,-0.994125
15.490567,0.020493,-0.027145,-0.994186
15.490723,0.020844,-0.027222,-0.994263
15.490767,0.021210,-0.027283,-0.994339
15.490807,0.021561,-0.027328,-0.994431
15.490845,0.021881,-0.027313,-0.994492
15.490882,0.022156,-0.027252,-0.994553
15.490920,0.022415,-0.027145,-0.994553
15.490957,0.022659,-0.026978,-0.994507
15.500563,0.022873,-0.026794,-0.994446
15.500736,0.023041,-0.026566,-0.994370
15.500794,0.023148,-0.026337,-0.994293
15.500833,0.023224,-0.026123,-0.994232
15.502638,0.023270,-0.025940,-0.994202
15.502686,0.023315,-0.025833,-0.994186
15.502717,0.023376,-0.025848,-0.994247
15.502746,0.023483,-0.025970,-0.994354
15.511443,0.023621,-0.026245,-0.994492
15.511658,0.023758,-0.026642,-0.994690
15.511692,0.023895,-0.027145,-0.994904
15.511720,0.023987,-0.027710,-0.995102
15.511744,0.024002,-0.028244,-0.995270
15.511768,0.023911,-0.028641,-0.995377
15.511792,0.023666,-0.028809,-0.995422
15.511817,0.023285,-0.028702,-0.995392
15.520526,0.022781,-0.028290,-0.995331
15.520609,0.022202,-0.027588,-0.995224
15.520639,0.021576,-0.026642,-0.995087
15.520663,0.020981,-0.025513,-0.994934
15.520688,0.020432,-0.024353,-0.994781
15.520714,0.019958,-0.023254,-0.994598
15.520739,0.019577,-0.022369,-0.994415
15.520763,0.019287,-0.021790,-0.994232
15.530538,0.019104,-0.021576,-0.994064
15.530699,0.019028,-0.021698,-0.993942
15.530753,0.019073,-0.022156,-0.993927
15.530794,0.019241,-0.022888,-0.994049
15.530821,0.019547,-0.023804,-0.994293
15.530855,0.019989,-0.024811,-0.994644
15.530881,0.020523,-0.025833,-0.995117
15.530907,0.021133,-0.026794,-0.995636
15.540565,0.021744,-0.027649,-0.996185
15.540655,0.022308,-0.028351,-0.996689
15.540686,0.022797,-0.028900,-0.997070
15.540717,0.023117,-0.029251,-0.997284
15.540747,0.023285,-0.029434,-0.997299
15.540778,0.023270,-0.029449,-0.997131
15.540808,0.023117,-0.029327,-0.996811
15.540837,0.022812,-0.029022,-0.996384
15.551834,0.022400,-0.028580,-0.995865
15.551981,0.021927,-0.028000,-0.995285
15.552015,0.021408,-0.027359,-0.994690
15.552690,0.020935,-0.026718,-0.994064
15.552776,0.020554,-0.026123,-0.993469
15.552806,0.020309,-0.025604,-0.992889
15.552831,0.020218,-0.025192,-0.992386
15.552854,0.020325,-0.024933,-0.991943
15.560642,0.020569,-0.024796,-0.991608
15.560750,0.020935,-0.024796,-0.991379
15.560950,0.021347,-0.024887,-0.991241
15.561020,0.021744,-0.025070,-0.991226
15.561260,0.022049,-0.025330,-0.991272
15.561291,0.022247,-0.025620,-0.991379
15.561318,0.022369,-0.025940,-0.991547
15.561344,0.022400,-0.026306,-0.991760
15.570549,0.022369,-0.026688,-0.992035
15.570663,0.022278,-0.027100,-0.992310
15.570695,0.022125,-0.027527,-0.992615
15.570722,0.021942,-0.027924,-0.992905
15.570746,0.021744,-0.028259,-0.993195
15.570774,0.021591,-0.028473,-0.993454
15.570798,0.021469,-0.028580,-0.993698
15.570829,0.021408,-0.028580,-0.993912
15.580502,0.021378,-0.028458,-0.994095
15.580651,0.021408,-0.028259,-0.994263
15.580687,0.021454,-0.028000,-0.994400
15.580718,0.021515,-0.027710,-0.994537
15.580747,0.021576,-0.027390,-0.994644
15.580786,0.021637,-0.027008,-0.994751
15.580816,0.021713,-0.026611,-0.994858
15.580848,0.021790,-0.026199,-0.994980
15.590439,0.021851,-0.025787,-0.994980
15.590531,0.021774,-0.025452,-0.994583
15.590567,0.021469,-0.025299,-0.993378
15.590599,0.020905,-0.025558,-0.990692
15.590628,0.020111,-0.026505,-0.985809
15.590657,0.019241,-0.028458,-0.978409
15.590686,0.018570,-0.031570,-0.968552
15.590721,0.018387,-0.035660,-0.956909
